account_id,month,delinquency_bucket,balance
ACCT00000,1,Current,12672.43
ACCT00001,1,Current,6806.56
ACCT00002,1,Current,14304.03
ACCT00003,1,Current,9831.76
ACCT00004,1,Current,1915.3
ACCT00005,1,60DPD,13299.38
ACCT00006,1,Current,7441.12
ACCT00007,1,Current,2296.26
ACCT00008,1,Current,2459.81
ACCT00009,1,Current,10375.5
ACCT00010,1,Current,901.11
ACCT00011,1,30DPD,4441.59
ACCT00012,1,Current,2268.86
ACCT00013,1,Current,6727.95
ACCT00014,1,Current,6332.44
ACCT00015,1,Current,7923.77
ACCT00016,1,Current,4338.62
ACCT00017,1,Current,674.25
ACCT00018,1,Current,9292.91
ACCT00019,1,Current,5731.03
ACCT00020,1,Current,9839.76
ACCT00021,1,Current,1808.27
ACCT00022,1,60DPD,403.9
ACCT00023,1,Current,3874.75
ACCT00024,1,Current,6956.9
ACCT00025,1,Current,6032.27
ACCT00026,1,Current,12192.48
ACCT00027,1,Current,5792.0
ACCT00028,1,Current,8050.53
ACCT00029,1,Current,8984.03
ACCT00030,1,Current,523.1
ACCT00031,1,60DPD,7823.97
ACCT00032,1,Current,5303.5
ACCT00033,1,Current,6434.95
ACCT00034,1,Current,1684.25
ACCT00035,1,Current,11785.74
ACCT00036,1,Current,14147.58
ACCT00037,1,Current,529.58
ACCT00038,1,Current,9100.32
ACCT00039,1,Current,11504.89
ACCT00040,1,Current,4415.15
ACCT00041,1,Current,11855.82
ACCT00042,1,Current,9558.85
ACCT00043,1,Current,13951.61
ACCT00044,1,Current,14718.87
ACCT00045,1,Current,826.72
ACCT00046,1,Current,6785.08
ACCT00047,1,Current,8295.42
ACCT00048,1,Current,2371.8
ACCT00049,1,Current,5177.03
ACCT00050,1,Current,14817.18
ACCT00051,1,Current,440.21
ACCT00052,1,Current,6897.12
ACCT00053,1,Current,12671.29
ACCT00054,1,Current,4993.74
ACCT00055,1,Current,7301.02
ACCT00056,1,Current,14675.08
ACCT00057,1,Current,7228.18
ACCT00058,1,Current,2137.64
ACCT00059,1,Current,965.48
ACCT00060,1,Current,14192.17
ACCT00061,1,Current,4133.98
ACCT00062,1,Current,7660.15
ACCT00063,1,Current,1542.39
ACCT00064,1,Current,6470.1
ACCT00065,1,Current,13965.56
ACCT00066,1,Current,7635.71
ACCT00067,1,Current,14572.8
ACCT00068,1,Current,4030.77
ACCT00069,1,Current,7667.27
ACCT00070,1,Current,12921.06
ACCT00071,1,Current,6834.13
ACCT00072,1,Current,4336.41
ACCT00073,1,Current,12861.04
ACCT00074,1,Current,5970.36
ACCT00075,1,Current,8054.7
ACCT00076,1,Current,14652.6
ACCT00077,1,Current,2959.95
ACCT00078,1,Current,4660.73
ACCT00079,1,Current,659.83
ACCT00080,1,Current,5999.2
ACCT00081,1,Current,3162.71
ACCT00082,1,Current,10264.52
ACCT00083,1,Current,2883.56
ACCT00084,1,Current,10187.23
ACCT00085,1,Current,4099.44
ACCT00086,1,Current,5457.22
ACCT00087,1,Current,5363.14
ACCT00088,1,Current,10807.93
ACCT00089,1,Current,7104.34
ACCT00090,1,Current,5547.22
ACCT00091,1,Current,12818.82
ACCT00092,1,Current,8664.87
ACCT00093,1,Current,3364.7
ACCT00094,1,Current,13521.35
ACCT00095,1,Current,5271.22
ACCT00096,1,Current,776.89
ACCT00097,1,Current,7520.08
ACCT00098,1,Current,2034.28
ACCT00099,1,60DPD,3729.3
ACCT00100,1,30DPD,11257.24
ACCT00101,1,Current,2135.13
ACCT00102,1,Current,12142.77
ACCT00103,1,60DPD,14066.23
ACCT00104,1,Current,9176.68
ACCT00105,1,Current,10713.32
ACCT00106,1,Current,10761.08
ACCT00107,1,Current,14893.56
ACCT00108,1,Current,5254.77
ACCT00109,1,30DPD,2610.28
ACCT00110,1,Current,7883.68
ACCT00111,1,Current,8092.1
ACCT00112,1,Current,2833.1
ACCT00113,1,Current,9274.02
ACCT00114,1,Current,409.05
ACCT00115,1,Current,13929.49
ACCT00116,1,Current,4115.7
ACCT00117,1,Current,785.49
ACCT00118,1,Current,1802.09
ACCT00119,1,Current,3755.68
ACCT00120,1,Current,4253.81
ACCT00121,1,Current,685.59
ACCT00122,1,Current,4334.45
ACCT00123,1,Current,3055.54
ACCT00124,1,Current,5803.59
ACCT00125,1,Current,5900.48
ACCT00126,1,Current,5217.31
ACCT00127,1,Current,5053.27
ACCT00128,1,Current,1528.02
ACCT00129,1,Current,573.03
ACCT00130,1,Current,3191.29
ACCT00131,1,30DPD,11398.41
ACCT00132,1,Current,14863.98
ACCT00133,1,Current,13942.19
ACCT00134,1,Current,7662.45
ACCT00135,1,Current,8070.99
ACCT00136,1,30DPD,4855.81
ACCT00137,1,Current,11654.3
ACCT00138,1,Current,11518.4
ACCT00139,1,Current,12695.23
ACCT00140,1,Current,13453.47
ACCT00141,1,Current,6628.37
ACCT00142,1,30DPD,11549.76
ACCT00143,1,Current,12134.7
ACCT00144,1,Current,4765.2
ACCT00145,1,Current,13952.79
ACCT00146,1,Current,1596.25
ACCT00147,1,Current,14915.18
ACCT00148,1,Current,11597.34
ACCT00149,1,Current,1580.41
ACCT00150,1,Current,9912.2
ACCT00151,1,Current,705.86
ACCT00152,1,Current,11598.77
ACCT00153,1,Current,12028.5
ACCT00154,1,Current,9115.67
ACCT00155,1,Current,12881.53
ACCT00156,1,Current,1648.67
ACCT00157,1,Current,4283.67
ACCT00158,1,Current,6329.83
ACCT00159,1,Current,828.38
ACCT00160,1,Current,6833.6
ACCT00161,1,30DPD,4125.16
ACCT00162,1,Current,6012.48
ACCT00163,1,Current,6491.52
ACCT00164,1,Current,13215.29
ACCT00165,1,Current,4201.05
ACCT00166,1,Current,13427.4
ACCT00167,1,Current,6504.37
ACCT00168,1,Current,5051.55
ACCT00169,1,30DPD,7637.18
ACCT00170,1,Current,6382.6
ACCT00171,1,Current,4009.11
ACCT00172,1,Current,7639.65
ACCT00173,1,30DPD,2446.67
ACCT00174,1,Current,5408.56
ACCT00175,1,Current,8573.7
ACCT00176,1,Current,6318.44
ACCT00177,1,ChargeOff,12393.9
ACCT00178,1,Current,3999.48
ACCT00179,1,Current,14552.62
ACCT00180,1,Current,11813.89
ACCT00181,1,Current,14520.38
ACCT00182,1,Current,12604.42
ACCT00183,1,Current,2303.14
ACCT00184,1,Current,7991.61
ACCT00185,1,Current,2715.68
ACCT00186,1,Current,12309.76
ACCT00187,1,Current,8845.6
ACCT00188,1,Current,4099.05
ACCT00189,1,Current,13958.06
ACCT00190,1,30DPD,1904.75
ACCT00191,1,Current,8545.16
ACCT00192,1,Current,10871.4
ACCT00193,1,Current,1070.96
ACCT00194,1,Current,9048.27
ACCT00195,1,Current,12275.34
ACCT00196,1,Current,1199.4
ACCT00197,1,Current,7781.2
ACCT00198,1,Current,4026.65
ACCT00199,1,Current,10011.28
ACCT00200,1,Current,1956.43
ACCT00201,1,60DPD,14068.36
ACCT00202,1,Current,13441.98
ACCT00203,1,Current,2952.42
ACCT00204,1,Current,4984.34
ACCT00205,1,Current,8897.0
ACCT00206,1,Current,10827.32
ACCT00207,1,Current,6751.31
ACCT00208,1,Current,2513.11
ACCT00209,1,Current,1741.44
ACCT00210,1,Current,14996.53
ACCT00211,1,Current,6939.21
ACCT00212,1,Current,13113.47
ACCT00213,1,Current,7339.16
ACCT00214,1,Current,13850.89
ACCT00215,1,Current,1498.84
ACCT00216,1,Current,1887.48
ACCT00217,1,Current,13958.56
ACCT00218,1,30DPD,14222.9
ACCT00219,1,Current,4857.82
ACCT00220,1,Current,5456.44
ACCT00221,1,Current,6896.26
ACCT00222,1,Current,6359.19
ACCT00223,1,30DPD,3012.67
ACCT00224,1,Current,13495.96
ACCT00225,1,30DPD,3948.95
ACCT00226,1,Current,10638.03
ACCT00227,1,Current,1193.9
ACCT00228,1,Current,773.52
ACCT00229,1,Current,9875.21
ACCT00230,1,Current,5217.43
ACCT00231,1,Current,9900.8
ACCT00232,1,60DPD,1591.51
ACCT00233,1,Current,14257.8
ACCT00234,1,30DPD,11278.01
ACCT00235,1,Current,13168.76
ACCT00236,1,Current,2219.76
ACCT00237,1,Current,4938.38
ACCT00238,1,Current,5651.49
ACCT00239,1,Current,8150.16
ACCT00240,1,Current,4593.65
ACCT00241,1,Current,1097.33
ACCT00242,1,Current,5659.4
ACCT00243,1,Current,3967.33
ACCT00244,1,Current,5911.64
ACCT00245,1,Current,3115.0
ACCT00246,1,Current,4076.07
ACCT00247,1,Current,9478.89
ACCT00248,1,Current,5944.68
ACCT00249,1,Current,5311.67
ACCT00250,1,Current,8101.8
ACCT00251,1,Current,11623.54
ACCT00252,1,Current,5807.25
ACCT00253,1,Current,8895.29
ACCT00254,1,Current,14499.8
ACCT00255,1,Current,7925.31
ACCT00256,1,Current,13665.0
ACCT00257,1,Current,11946.35
ACCT00258,1,Current,1069.04
ACCT00259,1,Current,6550.66
ACCT00260,1,Current,10535.11
ACCT00261,1,Current,14803.34
ACCT00262,1,Current,6983.97
ACCT00263,1,Current,1573.22
ACCT00264,1,30DPD,8517.74
ACCT00265,1,Current,2073.14
ACCT00266,1,Current,11322.49
ACCT00267,1,Current,7713.62
ACCT00268,1,Current,10906.78
ACCT00269,1,Current,13066.56
ACCT00270,1,Current,9508.43
ACCT00271,1,Current,9264.1
ACCT00272,1,Current,11367.64
ACCT00273,1,Current,12668.33
ACCT00274,1,Current,13062.0
ACCT00275,1,Current,739.17
ACCT00276,1,Current,8431.62
ACCT00277,1,Current,3400.79
ACCT00278,1,Current,12933.12
ACCT00279,1,Current,9796.29
ACCT00280,1,Current,6419.29
ACCT00281,1,Current,2983.94
ACCT00282,1,Current,5217.55
ACCT00283,1,Current,10615.91
ACCT00284,1,Current,3224.52
ACCT00285,1,Current,1585.03
ACCT00286,1,Current,13342.83
ACCT00287,1,Current,11510.31
ACCT00288,1,Current,3156.96
ACCT00289,1,Current,4526.21
ACCT00290,1,Current,14586.64
ACCT00291,1,Current,10681.13
ACCT00292,1,30DPD,9235.73
ACCT00293,1,Current,4752.9
ACCT00294,1,Current,4627.05
ACCT00295,1,30DPD,784.95
ACCT00296,1,60DPD,10981.53
ACCT00297,1,Current,838.99
ACCT00298,1,Current,271.89
ACCT00299,1,Current,10996.53
ACCT00300,1,Current,14243.33
ACCT00301,1,Current,11396.25
ACCT00302,1,Current,7180.27
ACCT00303,1,Current,7393.47
ACCT00304,1,Current,6654.82
ACCT00305,1,Current,5004.73
ACCT00306,1,Current,7921.37
ACCT00307,1,Current,6581.03
ACCT00308,1,Current,9052.88
ACCT00309,1,Current,13492.18
ACCT00310,1,Current,14926.14
ACCT00311,1,Current,1365.4
ACCT00312,1,Current,5893.32
ACCT00313,1,Current,2874.45
ACCT00314,1,Current,5411.38
ACCT00315,1,Current,4454.6
ACCT00316,1,Current,2783.15
ACCT00317,1,Current,11508.33
ACCT00318,1,Current,7545.07
ACCT00319,1,30DPD,13804.83
ACCT00320,1,30DPD,682.37
ACCT00321,1,Current,1191.27
ACCT00322,1,Current,6168.45
ACCT00323,1,Current,1388.1
ACCT00324,1,Current,4088.4
ACCT00325,1,Current,14793.24
ACCT00326,1,Current,3292.6
ACCT00327,1,Current,3132.14
ACCT00328,1,Current,8689.88
ACCT00329,1,Current,7570.37
ACCT00330,1,Current,8790.49
ACCT00331,1,Current,5775.68
ACCT00332,1,Current,12436.08
ACCT00333,1,Current,2250.99
ACCT00334,1,Current,6540.21
ACCT00335,1,Current,10408.48
ACCT00336,1,Current,13049.9
ACCT00337,1,Current,5669.66
ACCT00338,1,Current,8602.63
ACCT00339,1,30DPD,1223.27
ACCT00340,1,Current,2720.72
ACCT00341,1,30DPD,1223.24
ACCT00342,1,Current,10972.64
ACCT00343,1,Current,4463.29
ACCT00344,1,Current,10911.43
ACCT00345,1,Current,1182.69
ACCT00346,1,30DPD,12965.71
ACCT00347,1,Current,12565.85
ACCT00348,1,Current,1516.15
ACCT00349,1,Current,551.6
ACCT00350,1,Current,1033.07
ACCT00351,1,Current,12833.73
ACCT00352,1,Current,3673.61
ACCT00353,1,Current,8314.45
ACCT00354,1,Current,6508.41
ACCT00355,1,Current,11973.78
ACCT00356,1,Current,7435.69
ACCT00357,1,Current,7609.78
ACCT00358,1,Current,14838.56
ACCT00359,1,Current,2421.92
ACCT00360,1,30DPD,12494.42
ACCT00361,1,Current,965.9
ACCT00362,1,Current,7269.2
ACCT00363,1,Current,13317.76
ACCT00364,1,Current,10045.17
ACCT00365,1,Current,10341.18
ACCT00366,1,Current,4097.1
ACCT00367,1,Current,6394.91
ACCT00368,1,Current,5625.4
ACCT00369,1,Current,7917.36
ACCT00370,1,Current,7040.97
ACCT00371,1,Current,5038.1
ACCT00372,1,Current,4721.11
ACCT00373,1,Current,3912.62
ACCT00374,1,Current,5602.7
ACCT00375,1,Current,2419.13
ACCT00376,1,30DPD,13107.14
ACCT00377,1,Current,9111.37
ACCT00378,1,Current,2180.04
ACCT00379,1,Current,10469.12
ACCT00380,1,Current,12745.46
ACCT00381,1,30DPD,3715.53
ACCT00382,1,Current,2428.89
ACCT00383,1,Current,327.54
ACCT00384,1,Current,899.31
ACCT00385,1,90DPD,11481.32
ACCT00386,1,Current,14810.36
ACCT00387,1,30DPD,864.23
ACCT00388,1,Current,11271.45
ACCT00389,1,Current,1263.56
ACCT00390,1,Current,8963.57
ACCT00391,1,Current,11389.91
ACCT00392,1,Current,5516.23
ACCT00393,1,Current,361.83
ACCT00394,1,Current,9008.8
ACCT00395,1,Current,14870.42
ACCT00396,1,Current,4012.74
ACCT00397,1,Current,3004.47
ACCT00398,1,Current,2034.1
ACCT00399,1,Current,8417.78
ACCT00400,1,Current,9027.39
ACCT00401,1,30DPD,11925.61
ACCT00402,1,Current,11345.48
ACCT00403,1,Current,13409.61
ACCT00404,1,ChargeOff,12125.44
ACCT00405,1,Current,3859.55
ACCT00406,1,Current,8426.99
ACCT00407,1,Current,4601.7
ACCT00408,1,Current,5080.82
ACCT00409,1,ChargeOff,13992.78
ACCT00410,1,Current,10292.06
ACCT00411,1,Current,14623.94
ACCT00412,1,Current,6370.31
ACCT00413,1,Current,8154.08
ACCT00414,1,Current,7409.31
ACCT00415,1,Current,1787.85
ACCT00416,1,Current,3703.19
ACCT00417,1,Current,8009.02
ACCT00418,1,Current,1197.14
ACCT00419,1,30DPD,13985.64
ACCT00420,1,Current,2032.89
ACCT00421,1,Current,3130.12
ACCT00422,1,Current,11526.75
ACCT00423,1,Current,1634.63
ACCT00424,1,Current,13524.12
ACCT00425,1,Current,10940.37
ACCT00426,1,Current,1215.59
ACCT00427,1,Current,10439.34
ACCT00428,1,Current,9548.1
ACCT00429,1,Current,11408.77
ACCT00430,1,30DPD,12457.33
ACCT00431,1,Current,10831.59
ACCT00432,1,Current,8875.41
ACCT00433,1,Current,4972.46
ACCT00434,1,Current,10519.65
ACCT00435,1,Current,14363.18
ACCT00436,1,Current,8895.32
ACCT00437,1,Current,10032.3
ACCT00438,1,Current,6669.5
ACCT00439,1,Current,11390.59
ACCT00440,1,Current,14965.48
ACCT00441,1,Current,2573.76
ACCT00442,1,Current,3195.6
ACCT00443,1,Current,8183.68
ACCT00444,1,Current,7324.36
ACCT00445,1,Current,8659.23
ACCT00446,1,90DPD,926.3
ACCT00447,1,Current,6183.29
ACCT00448,1,Current,8828.08
ACCT00449,1,Current,8860.83
ACCT00450,1,Current,9928.54
ACCT00451,1,Current,10859.2
ACCT00452,1,Current,9694.9
ACCT00453,1,Current,11895.6
ACCT00454,1,Current,9446.46
ACCT00455,1,Current,8155.11
ACCT00456,1,90DPD,9171.71
ACCT00457,1,Current,1697.66
ACCT00458,1,Current,4242.72
ACCT00459,1,Current,8005.52
ACCT00460,1,Current,13120.21
ACCT00461,1,Current,10249.96
ACCT00462,1,30DPD,1538.04
ACCT00463,1,Current,8965.67
ACCT00464,1,Current,3481.72
ACCT00465,1,Current,11063.45
ACCT00466,1,Current,12446.12
ACCT00467,1,30DPD,8983.15
ACCT00468,1,Current,8952.17
ACCT00469,1,Current,5211.15
ACCT00470,1,Current,6804.5
ACCT00471,1,Current,12988.8
ACCT00472,1,Current,10905.14
ACCT00473,1,Current,7892.35
ACCT00474,1,Current,5649.84
ACCT00475,1,Current,945.62
ACCT00476,1,Current,2316.51
ACCT00477,1,Current,3056.77
ACCT00478,1,Current,5726.08
ACCT00479,1,Current,14173.33
ACCT00480,1,Current,7676.27
ACCT00481,1,Current,3675.63
ACCT00482,1,Current,1765.1
ACCT00483,1,Current,5206.92
ACCT00484,1,Current,12272.81
ACCT00485,1,Current,5873.47
ACCT00486,1,Current,11633.09
ACCT00487,1,Current,12080.03
ACCT00488,1,Current,1840.15
ACCT00489,1,Current,9208.16
ACCT00490,1,Current,14394.62
ACCT00491,1,Current,6151.64
ACCT00492,1,Current,953.97
ACCT00493,1,Current,13864.88
ACCT00494,1,Current,13278.26
ACCT00495,1,Current,7927.69
ACCT00496,1,Current,8373.35
ACCT00497,1,Current,3333.77
ACCT00498,1,Current,12327.87
ACCT00499,1,Current,7579.28
ACCT00500,1,Current,701.39
ACCT00501,1,Current,10308.62
ACCT00502,1,30DPD,14267.34
ACCT00503,1,Current,12471.43
ACCT00504,1,Current,4302.53
ACCT00505,1,Current,989.21
ACCT00506,1,Current,14117.2
ACCT00507,1,Current,14068.53
ACCT00508,1,Current,8079.75
ACCT00509,1,Current,9706.3
ACCT00510,1,Current,7046.48
ACCT00511,1,Current,6412.53
ACCT00512,1,Current,1967.84
ACCT00513,1,Current,1631.94
ACCT00514,1,Current,3644.44
ACCT00515,1,Current,12582.28
ACCT00516,1,Current,2358.32
ACCT00517,1,Current,3555.14
ACCT00518,1,Current,8319.49
ACCT00519,1,Current,3383.94
ACCT00520,1,Current,2615.46
ACCT00521,1,Current,8537.08
ACCT00522,1,Current,5647.78
ACCT00523,1,Current,9467.16
ACCT00524,1,Current,13700.64
ACCT00525,1,Current,2434.7
ACCT00526,1,30DPD,13718.82
ACCT00527,1,ChargeOff,13556.85
ACCT00528,1,Current,12470.5
ACCT00529,1,Current,9543.03
ACCT00530,1,Current,9378.17
ACCT00531,1,Current,9660.35
ACCT00532,1,Current,10419.33
ACCT00533,1,Current,443.94
ACCT00534,1,Current,14379.77
ACCT00535,1,Current,8866.94
ACCT00536,1,Current,11765.69
ACCT00537,1,Current,5783.77
ACCT00538,1,Current,383.48
ACCT00539,1,Current,7744.07
ACCT00540,1,90DPD,7706.41
ACCT00541,1,Current,6667.44
ACCT00542,1,Current,5227.81
ACCT00543,1,ChargeOff,3897.43
ACCT00544,1,Current,8007.66
ACCT00545,1,Current,5754.12
ACCT00546,1,Current,14554.99
ACCT00547,1,Current,2759.32
ACCT00548,1,Current,4931.05
ACCT00549,1,Current,4550.61
ACCT00550,1,Current,8240.98
ACCT00551,1,Current,7589.35
ACCT00552,1,Current,9727.36
ACCT00553,1,30DPD,14260.03
ACCT00554,1,Current,4421.27
ACCT00555,1,Current,10453.02
ACCT00556,1,Current,570.6
ACCT00557,1,Current,4083.35
ACCT00558,1,Current,7063.05
ACCT00559,1,Current,658.72
ACCT00560,1,Current,9341.51
ACCT00561,1,Current,10239.0
ACCT00562,1,Current,11251.63
ACCT00563,1,Current,7845.3
ACCT00564,1,Current,9138.38
ACCT00565,1,Current,6061.77
ACCT00566,1,Current,810.54
ACCT00567,1,Current,1679.29
ACCT00568,1,Current,9893.94
ACCT00569,1,Current,14934.22
ACCT00570,1,Current,433.89
ACCT00571,1,Current,8452.24
ACCT00572,1,Current,11314.93
ACCT00573,1,Current,12436.27
ACCT00574,1,Current,8269.03
ACCT00575,1,Current,9374.76
ACCT00576,1,30DPD,10511.53
ACCT00577,1,Current,12912.7
ACCT00578,1,Current,2009.89
ACCT00579,1,Current,13907.5
ACCT00580,1,Current,585.06
ACCT00581,1,Current,12575.76
ACCT00582,1,Current,1335.76
ACCT00583,1,Current,3080.5
ACCT00584,1,30DPD,257.63
ACCT00585,1,Current,6789.8
ACCT00586,1,Current,5148.52
ACCT00587,1,Current,2656.7
ACCT00588,1,Current,6876.13
ACCT00589,1,Current,6155.09
ACCT00590,1,30DPD,11561.38
ACCT00591,1,Current,13418.33
ACCT00592,1,Current,9858.0
ACCT00593,1,Current,2041.27
ACCT00594,1,Current,4571.78
ACCT00595,1,Current,13717.11
ACCT00596,1,Current,1513.27
ACCT00597,1,Current,6221.47
ACCT00598,1,90DPD,14149.07
ACCT00599,1,Current,14269.84
ACCT00600,1,Current,6285.81
ACCT00601,1,Current,10077.47
ACCT00602,1,30DPD,6959.83
ACCT00603,1,Current,11351.22
ACCT00604,1,60DPD,667.4
ACCT00605,1,Current,2333.53
ACCT00606,1,Current,9290.14
ACCT00607,1,Current,3641.77
ACCT00608,1,Current,10057.57
ACCT00609,1,Current,5398.1
ACCT00610,1,Current,13322.35
ACCT00611,1,Current,12325.04
ACCT00612,1,60DPD,7494.0
ACCT00613,1,90DPD,11638.85
ACCT00614,1,Current,4212.84
ACCT00615,1,Current,7515.04
ACCT00616,1,Current,3122.73
ACCT00617,1,Current,12941.12
ACCT00618,1,Current,12381.4
ACCT00619,1,Current,13551.82
ACCT00620,1,Current,13186.66
ACCT00621,1,Current,14402.02
ACCT00622,1,90DPD,3579.38
ACCT00623,1,Current,13991.0
ACCT00624,1,60DPD,8653.96
ACCT00625,1,Current,6452.93
ACCT00626,1,Current,8493.53
ACCT00627,1,Current,5270.51
ACCT00628,1,Current,4470.58
ACCT00629,1,Current,3771.45
ACCT00630,1,30DPD,1419.93
ACCT00631,1,Current,7549.16
ACCT00632,1,Current,13338.87
ACCT00633,1,Current,9526.25
ACCT00634,1,Current,7910.44
ACCT00635,1,Current,6543.18
ACCT00636,1,Current,7073.14
ACCT00637,1,Current,3297.3
ACCT00638,1,Current,12379.45
ACCT00639,1,Current,3136.07
ACCT00640,1,Current,10806.02
ACCT00641,1,Current,11447.78
ACCT00642,1,Current,8708.06
ACCT00643,1,Current,12971.31
ACCT00644,1,Current,4507.55
ACCT00645,1,Current,13247.93
ACCT00646,1,Current,10995.27
ACCT00647,1,Current,12021.5
ACCT00648,1,Current,10035.78
ACCT00649,1,Current,12725.88
ACCT00650,1,Current,14897.86
ACCT00651,1,Current,6418.41
ACCT00652,1,Current,12245.95
ACCT00653,1,Current,11219.78
ACCT00654,1,Current,6902.48
ACCT00655,1,Current,13918.85
ACCT00656,1,Current,6037.5
ACCT00657,1,Current,8568.9
ACCT00658,1,Current,1767.95
ACCT00659,1,Current,3541.47
ACCT00660,1,Current,12642.3
ACCT00661,1,Current,6068.98
ACCT00662,1,Current,6032.44
ACCT00663,1,Current,3840.52
ACCT00664,1,Current,7475.83
ACCT00665,1,Current,12126.09
ACCT00666,1,Current,13448.43
ACCT00667,1,ChargeOff,1237.69
ACCT00668,1,Current,8707.35
ACCT00669,1,Current,7115.65
ACCT00670,1,Current,9291.37
ACCT00671,1,Current,6819.68
ACCT00672,1,ChargeOff,6099.94
ACCT00673,1,Current,7183.83
ACCT00674,1,Current,8813.59
ACCT00675,1,Current,7614.55
ACCT00676,1,30DPD,7187.74
ACCT00677,1,Current,12303.96
ACCT00678,1,Current,11235.59
ACCT00679,1,Current,5252.4
ACCT00680,1,Current,12048.54
ACCT00681,1,Current,12834.03
ACCT00682,1,Current,2471.68
ACCT00683,1,Current,8823.7
ACCT00684,1,Current,4422.62
ACCT00685,1,Current,11139.75
ACCT00686,1,Current,3734.02
ACCT00687,1,30DPD,10136.77
ACCT00688,1,Current,3975.84
ACCT00689,1,Current,7764.93
ACCT00690,1,Current,14239.97
ACCT00691,1,Current,5843.35
ACCT00692,1,Current,13160.93
ACCT00693,1,Current,14806.78
ACCT00694,1,30DPD,13147.79
ACCT00695,1,Current,2654.82
ACCT00696,1,Current,12330.94
ACCT00697,1,Current,675.81
ACCT00698,1,Current,6020.87
ACCT00699,1,Current,13086.85
ACCT00700,1,Current,10393.53
ACCT00701,1,Current,8084.56
ACCT00702,1,Current,5940.39
ACCT00703,1,Current,12221.99
ACCT00704,1,Current,10701.46
ACCT00705,1,Current,7132.4
ACCT00706,1,Current,13408.77
ACCT00707,1,Current,3603.23
ACCT00708,1,Current,2721.79
ACCT00709,1,Current,9713.5
ACCT00710,1,ChargeOff,14585.52
ACCT00711,1,Current,3859.4
ACCT00712,1,Current,3895.12
ACCT00713,1,30DPD,2264.58
ACCT00714,1,Current,12936.34
ACCT00715,1,Current,3550.68
ACCT00716,1,Current,7647.04
ACCT00717,1,Current,14864.91
ACCT00718,1,Current,379.69
ACCT00719,1,30DPD,8435.99
ACCT00720,1,Current,7781.88
ACCT00721,1,Current,12150.22
ACCT00722,1,Current,5458.17
ACCT00723,1,30DPD,6273.05
ACCT00724,1,Current,2685.48
ACCT00725,1,Current,11164.07
ACCT00726,1,Current,11813.69
ACCT00727,1,Current,2222.62
ACCT00728,1,Current,6023.16
ACCT00729,1,Current,13414.99
ACCT00730,1,Current,240.07
ACCT00731,1,Current,4621.63
ACCT00732,1,Current,8414.63
ACCT00733,1,Current,5144.59
ACCT00734,1,Current,4226.27
ACCT00735,1,Current,7008.55
ACCT00736,1,Current,2886.54
ACCT00737,1,Current,8038.45
ACCT00738,1,Current,10659.1
ACCT00739,1,Current,8714.37
ACCT00740,1,Current,1578.02
ACCT00741,1,Current,12697.25
ACCT00742,1,Current,2789.67
ACCT00743,1,Current,11519.22
ACCT00744,1,Current,5536.36
ACCT00745,1,Current,11784.87
ACCT00746,1,Current,3252.84
ACCT00747,1,Current,2962.6
ACCT00748,1,Current,7555.98
ACCT00749,1,Current,687.45
ACCT00750,1,Current,3534.4
ACCT00751,1,Current,10915.38
ACCT00752,1,Current,12593.28
ACCT00753,1,Current,1395.62
ACCT00754,1,Current,13254.75
ACCT00755,1,Current,12003.25
ACCT00756,1,Current,13071.33
ACCT00757,1,30DPD,10536.74
ACCT00758,1,Current,10177.47
ACCT00759,1,Current,7971.38
ACCT00760,1,Current,9861.25
ACCT00761,1,Current,13802.82
ACCT00762,1,Current,1687.73
ACCT00763,1,Current,4873.31
ACCT00764,1,30DPD,1272.33
ACCT00765,1,Current,14183.12
ACCT00766,1,Current,6789.93
ACCT00767,1,Current,10195.1
ACCT00768,1,Current,12648.58
ACCT00769,1,Current,14866.8
ACCT00770,1,Current,2594.38
ACCT00771,1,Current,12032.79
ACCT00772,1,Current,13333.86
ACCT00773,1,Current,923.36
ACCT00774,1,Current,11360.54
ACCT00775,1,Current,5449.93
ACCT00776,1,Current,9799.23
ACCT00777,1,Current,7807.91
ACCT00778,1,Current,4044.19
ACCT00779,1,Current,2201.28
ACCT00780,1,Current,1930.82
ACCT00781,1,30DPD,1729.18
ACCT00782,1,Current,9639.29
ACCT00783,1,Current,5400.88
ACCT00784,1,90DPD,3406.17
ACCT00785,1,Current,10439.9
ACCT00786,1,Current,10365.37
ACCT00787,1,Current,8179.69
ACCT00788,1,Current,14037.38
ACCT00789,1,Current,5904.13
ACCT00790,1,Current,12570.77
ACCT00791,1,Current,1312.06
ACCT00792,1,Current,11149.5
ACCT00793,1,Current,14829.02
ACCT00794,1,Current,12729.65
ACCT00795,1,Current,8779.04
ACCT00796,1,Current,9476.14
ACCT00797,1,Current,5428.69
ACCT00798,1,Current,10256.38
ACCT00799,1,Current,11601.85
ACCT00800,1,Current,14973.78
ACCT00801,1,Current,7488.45
ACCT00802,1,Current,1107.3
ACCT00803,1,Current,9018.7
ACCT00804,1,Current,1961.56
ACCT00805,1,Current,3822.52
ACCT00806,1,Current,5065.94
ACCT00807,1,Current,11019.24
ACCT00808,1,Current,2920.36
ACCT00809,1,ChargeOff,2653.14
ACCT00810,1,Current,865.47
ACCT00811,1,Current,13123.95
ACCT00812,1,ChargeOff,10463.88
ACCT00813,1,Current,791.21
ACCT00814,1,Current,618.73
ACCT00815,1,Current,8468.38
ACCT00816,1,Current,4381.51
ACCT00817,1,Current,9031.55
ACCT00818,1,Current,6632.14
ACCT00819,1,Current,13865.03
ACCT00820,1,Current,4459.57
ACCT00821,1,Current,10251.35
ACCT00822,1,Current,1000.0
ACCT00823,1,Current,14346.74
ACCT00824,1,Current,14715.21
ACCT00825,1,Current,11138.3
ACCT00826,1,Current,7085.14
ACCT00827,1,Current,3455.9
ACCT00828,1,Current,12225.24
ACCT00829,1,Current,11098.04
ACCT00830,1,Current,3484.92
ACCT00831,1,Current,6877.99
ACCT00832,1,Current,7049.42
ACCT00833,1,Current,12430.88
ACCT00834,1,Current,10320.9
ACCT00835,1,Current,9718.88
ACCT00836,1,Current,9817.45
ACCT00837,1,90DPD,4202.96
ACCT00838,1,Current,5701.33
ACCT00839,1,Current,875.8
ACCT00840,1,Current,11846.73
ACCT00841,1,Current,6608.37
ACCT00842,1,Current,6685.93
ACCT00843,1,Current,3831.27
ACCT00844,1,Current,3299.52
ACCT00845,1,Current,8899.76
ACCT00846,1,Current,3641.78
ACCT00847,1,Current,1150.29
ACCT00848,1,Current,11559.11
ACCT00849,1,60DPD,5771.75
ACCT00850,1,Current,5827.49
ACCT00851,1,Current,6583.51
ACCT00852,1,Current,12262.66
ACCT00853,1,30DPD,4948.39
ACCT00854,1,Current,11418.94
ACCT00855,1,Current,14105.26
ACCT00856,1,Current,9980.85
ACCT00857,1,Current,6588.88
ACCT00858,1,Current,11267.29
ACCT00859,1,Current,6976.88
ACCT00860,1,Current,6333.52
ACCT00861,1,Current,7974.19
ACCT00862,1,Current,4902.29
ACCT00863,1,Current,1742.9
ACCT00864,1,Current,6339.81
ACCT00865,1,30DPD,2033.08
ACCT00866,1,Current,6274.53
ACCT00867,1,Current,8442.62
ACCT00868,1,Current,13974.53
ACCT00869,1,Current,736.09
ACCT00870,1,Current,9397.58
ACCT00871,1,Current,6974.48
ACCT00872,1,60DPD,499.86
ACCT00873,1,Current,3893.31
ACCT00874,1,Current,1953.58
ACCT00875,1,Current,3408.55
ACCT00876,1,Current,4263.64
ACCT00877,1,Current,6139.33
ACCT00878,1,Current,8029.78
ACCT00879,1,Current,214.65
ACCT00880,1,Current,2595.67
ACCT00881,1,Current,1584.78
ACCT00882,1,30DPD,8335.17
ACCT00883,1,Current,5070.31
ACCT00884,1,Current,8316.29
ACCT00885,1,Current,3482.98
ACCT00886,1,Current,558.59
ACCT00887,1,Current,14132.23
ACCT00888,1,Current,1802.96
ACCT00889,1,Current,2077.51
ACCT00890,1,Current,2368.89
ACCT00891,1,30DPD,14722.89
ACCT00892,1,Current,9341.37
ACCT00893,1,Current,9232.29
ACCT00894,1,Current,14803.13
ACCT00895,1,Current,1508.89
ACCT00896,1,Current,14622.61
ACCT00897,1,Current,3219.39
ACCT00898,1,Current,9421.46
ACCT00899,1,Current,6417.24
ACCT00900,1,Current,5882.49
ACCT00901,1,Current,13982.4
ACCT00902,1,Current,2408.57
ACCT00903,1,Current,14956.62
ACCT00904,1,30DPD,5811.05
ACCT00905,1,Current,9801.87
ACCT00906,1,Current,14525.02
ACCT00907,1,Current,1052.5
ACCT00908,1,Current,13858.39
ACCT00909,1,Current,8603.61
ACCT00910,1,Current,10625.07
ACCT00911,1,Current,2407.93
ACCT00912,1,30DPD,8094.13
ACCT00913,1,90DPD,10168.0
ACCT00914,1,90DPD,6952.46
ACCT00915,1,30DPD,2493.78
ACCT00916,1,Current,3812.96
ACCT00917,1,Current,12845.01
ACCT00918,1,Current,710.17
ACCT00919,1,Current,10691.16
ACCT00920,1,Current,14990.97
ACCT00921,1,Current,310.75
ACCT00922,1,Current,2583.48
ACCT00923,1,Current,10177.34
ACCT00924,1,Current,1087.86
ACCT00925,1,Current,8928.89
ACCT00926,1,Current,10323.2
ACCT00927,1,Current,8904.57
ACCT00928,1,Current,5604.73
ACCT00929,1,Current,10519.78
ACCT00930,1,Current,8995.56
ACCT00931,1,Current,3273.03
ACCT00932,1,Current,8534.41
ACCT00933,1,Current,13252.23
ACCT00934,1,Current,10069.13
ACCT00935,1,Current,7182.51
ACCT00936,1,30DPD,4959.44
ACCT00937,1,Current,1471.12
ACCT00938,1,Current,3820.48
ACCT00939,1,Current,365.56
ACCT00940,1,Current,14802.06
ACCT00941,1,Current,3492.74
ACCT00942,1,Current,12260.16
ACCT00943,1,Current,2695.94
ACCT00944,1,Current,4397.3
ACCT00945,1,Current,6390.5
ACCT00946,1,Current,5001.2
ACCT00947,1,Current,12015.59
ACCT00948,1,Current,14373.86
ACCT00949,1,Current,13154.36
ACCT00950,1,Current,2472.95
ACCT00951,1,Current,11694.99
ACCT00952,1,Current,2389.61
ACCT00953,1,Current,13718.04
ACCT00954,1,30DPD,7864.6
ACCT00955,1,Current,5178.44
ACCT00956,1,Current,2523.98
ACCT00957,1,Current,374.77
ACCT00958,1,Current,3869.62
ACCT00959,1,Current,13727.5
ACCT00960,1,Current,11999.48
ACCT00961,1,Current,14552.95
ACCT00962,1,Current,1691.27
ACCT00963,1,Current,8964.25
ACCT00964,1,30DPD,4005.83
ACCT00965,1,Current,8235.54
ACCT00966,1,30DPD,4942.73
ACCT00967,1,Current,4395.29
ACCT00968,1,Current,8692.91
ACCT00969,1,Current,2913.11
ACCT00970,1,Current,7143.17
ACCT00971,1,Current,9832.02
ACCT00972,1,Current,2097.09
ACCT00973,1,30DPD,13972.8
ACCT00974,1,Current,7684.73
ACCT00975,1,Current,12329.01
ACCT00976,1,Current,9877.8
ACCT00977,1,Current,10708.01
ACCT00978,1,Current,10798.74
ACCT00979,1,Current,13151.48
ACCT00980,1,90DPD,9281.36
ACCT00981,1,Current,4317.61
ACCT00982,1,Current,1672.74
ACCT00983,1,Current,9172.51
ACCT00984,1,Current,1182.02
ACCT00985,1,30DPD,3771.14
ACCT00986,1,Current,1098.47
ACCT00987,1,Current,8323.54
ACCT00988,1,Current,2573.0
ACCT00989,1,Current,9234.03
ACCT00990,1,Current,11904.8
ACCT00991,1,Current,12363.83
ACCT00992,1,Current,4781.24
ACCT00993,1,Current,8324.53
ACCT00994,1,30DPD,8532.56
ACCT00995,1,Current,7198.73
ACCT00996,1,Current,9895.69
ACCT00997,1,Current,3309.29
ACCT00998,1,ChargeOff,14692.8
ACCT00999,1,Current,1651.58
ACCT01000,1,Current,12472.47
ACCT01001,1,Current,8992.62
ACCT01002,1,Current,3823.85
ACCT01003,1,Current,11235.99
ACCT01004,1,Current,1450.32
ACCT01005,1,Current,11661.38
ACCT01006,1,30DPD,8931.78
ACCT01007,1,Current,1839.1
ACCT01008,1,Current,1376.68
ACCT01009,1,Current,11312.38
ACCT01010,1,Current,4535.45
ACCT01011,1,Current,13361.67
ACCT01012,1,Current,11478.68
ACCT01013,1,30DPD,10533.22
ACCT01014,1,Current,4323.37
ACCT01015,1,Current,10692.38
ACCT01016,1,Current,14232.59
ACCT01017,1,Current,1555.09
ACCT01018,1,Current,5027.21
ACCT01019,1,Current,3673.15
ACCT01020,1,Current,6020.1
ACCT01021,1,Current,11186.52
ACCT01022,1,ChargeOff,7218.79
ACCT01023,1,Current,8646.81
ACCT01024,1,Current,4849.49
ACCT01025,1,Current,2291.08
ACCT01026,1,30DPD,4150.62
ACCT01027,1,Current,12923.27
ACCT01028,1,Current,9115.77
ACCT01029,1,Current,5794.23
ACCT01030,1,Current,11890.61
ACCT01031,1,Current,1153.97
ACCT01032,1,Current,3957.59
ACCT01033,1,30DPD,3605.53
ACCT01034,1,Current,14783.4
ACCT01035,1,Current,10650.26
ACCT01036,1,Current,9343.23
ACCT01037,1,Current,273.78
ACCT01038,1,Current,2927.79
ACCT01039,1,Current,9606.01
ACCT01040,1,Current,5819.85
ACCT01041,1,Current,13879.35
ACCT01042,1,Current,11517.92
ACCT01043,1,Current,6821.28
ACCT01044,1,Current,11292.82
ACCT01045,1,Current,14635.98
ACCT01046,1,Current,7022.52
ACCT01047,1,Current,9709.38
ACCT01048,1,Current,13796.24
ACCT01049,1,Current,3880.38
ACCT01050,1,Current,13321.06
ACCT01051,1,Current,1643.66
ACCT01052,1,Current,9797.03
ACCT01053,1,Current,11786.0
ACCT01054,1,Current,9296.17
ACCT01055,1,Current,7533.92
ACCT01056,1,30DPD,9336.74
ACCT01057,1,Current,2444.62
ACCT01058,1,Current,3390.45
ACCT01059,1,Current,4194.51
ACCT01060,1,30DPD,9047.13
ACCT01061,1,Current,6740.14
ACCT01062,1,Current,3818.24
ACCT01063,1,Current,13265.58
ACCT01064,1,Current,5734.04
ACCT01065,1,60DPD,6801.27
ACCT01066,1,Current,6263.58
ACCT01067,1,Current,2892.76
ACCT01068,1,Current,11028.08
ACCT01069,1,Current,6837.18
ACCT01070,1,Current,440.61
ACCT01071,1,Current,14467.4
ACCT01072,1,Current,12273.3
ACCT01073,1,30DPD,10908.68
ACCT01074,1,Current,13062.56
ACCT01075,1,Current,13620.75
ACCT01076,1,Current,5194.85
ACCT01077,1,Current,9242.19
ACCT01078,1,Current,9210.36
ACCT01079,1,Current,4156.04
ACCT01080,1,Current,3484.89
ACCT01081,1,30DPD,1885.83
ACCT01082,1,30DPD,9957.85
ACCT01083,1,Current,11757.6
ACCT01084,1,60DPD,11462.1
ACCT01085,1,Current,4880.88
ACCT01086,1,Current,3237.85
ACCT01087,1,Current,6913.49
ACCT01088,1,Current,8292.84
ACCT01089,1,Current,13802.49
ACCT01090,1,Current,13147.38
ACCT01091,1,Current,13757.66
ACCT01092,1,Current,12783.88
ACCT01093,1,Current,14475.8
ACCT01094,1,Current,7089.4
ACCT01095,1,Current,902.61
ACCT01096,1,Current,1436.72
ACCT01097,1,Current,5976.09
ACCT01098,1,Current,4013.77
ACCT01099,1,Current,2715.12
ACCT01100,1,Current,14307.42
ACCT01101,1,Current,3092.21
ACCT01102,1,Current,14398.81
ACCT01103,1,Current,11460.41
ACCT01104,1,Current,9686.0
ACCT01105,1,Current,10205.08
ACCT01106,1,Current,5105.82
ACCT01107,1,Current,9767.12
ACCT01108,1,ChargeOff,2963.04
ACCT01109,1,Current,14078.04
ACCT01110,1,Current,4666.54
ACCT01111,1,Current,3976.76
ACCT01112,1,Current,10725.21
ACCT01113,1,30DPD,9915.44
ACCT01114,1,90DPD,6879.22
ACCT01115,1,Current,9560.2
ACCT01116,1,Current,2560.5
ACCT01117,1,Current,10165.26
ACCT01118,1,Current,4205.04
ACCT01119,1,Current,4237.97
ACCT01120,1,Current,2600.26
ACCT01121,1,Current,5119.18
ACCT01122,1,Current,5102.52
ACCT01123,1,Current,6921.85
ACCT01124,1,Current,3018.21
ACCT01125,1,Current,3056.51
ACCT01126,1,Current,8217.73
ACCT01127,1,Current,2107.39
ACCT01128,1,Current,10395.68
ACCT01129,1,ChargeOff,14170.42
ACCT01130,1,ChargeOff,6516.58
ACCT01131,1,Current,13536.36
ACCT01132,1,Current,1655.09
ACCT01133,1,Current,835.77
ACCT01134,1,60DPD,10876.26
ACCT01135,1,Current,11463.12
ACCT01136,1,Current,12677.26
ACCT01137,1,Current,1040.9
ACCT01138,1,Current,11698.22
ACCT01139,1,Current,5772.77
ACCT01140,1,Current,4689.4
ACCT01141,1,Current,2760.75
ACCT01142,1,Current,14941.03
ACCT01143,1,Current,1142.22
ACCT01144,1,Current,12439.72
ACCT01145,1,Current,9664.52
ACCT01146,1,Current,11079.19
ACCT01147,1,Current,10733.41
ACCT01148,1,Current,12904.83
ACCT01149,1,Current,2920.12
ACCT01150,1,Current,212.2
ACCT01151,1,Current,9058.22
ACCT01152,1,Current,5437.11
ACCT01153,1,Current,2032.05
ACCT01154,1,Current,2954.85
ACCT01155,1,Current,5109.89
ACCT01156,1,Current,1239.45
ACCT01157,1,Current,1042.32
ACCT01158,1,Current,13757.19
ACCT01159,1,Current,4819.12
ACCT01160,1,Current,14737.01
ACCT01161,1,Current,14472.63
ACCT01162,1,Current,2310.05
ACCT01163,1,Current,10780.88
ACCT01164,1,Current,9091.91
ACCT01165,1,Current,10421.58
ACCT01166,1,Current,1623.63
ACCT01167,1,Current,2990.69
ACCT01168,1,Current,1334.25
ACCT01169,1,Current,9141.19
ACCT01170,1,Current,14801.55
ACCT01171,1,Current,10145.37
ACCT01172,1,Current,10719.27
ACCT01173,1,Current,14771.86
ACCT01174,1,Current,10234.57
ACCT01175,1,Current,794.69
ACCT01176,1,Current,13031.68
ACCT01177,1,Current,5597.24
ACCT01178,1,Current,264.58
ACCT01179,1,Current,7707.07
ACCT01180,1,Current,14067.82
ACCT01181,1,Current,4008.49
ACCT01182,1,Current,7474.39
ACCT01183,1,Current,2771.9
ACCT01184,1,Current,1053.85
ACCT01185,1,Current,1392.07
ACCT01186,1,Current,10959.76
ACCT01187,1,ChargeOff,12988.3
ACCT01188,1,Current,2320.82
ACCT01189,1,Current,4467.11
ACCT01190,1,Current,3086.44
ACCT01191,1,Current,597.47
ACCT01192,1,Current,8390.78
ACCT01193,1,60DPD,10558.85
ACCT01194,1,Current,9788.59
ACCT01195,1,Current,5943.19
ACCT01196,1,Current,8414.15
ACCT01197,1,Current,1592.67
ACCT01198,1,Current,2483.7
ACCT01199,1,Current,13990.56
ACCT01200,1,Current,11470.31
ACCT01201,1,Current,13856.54
ACCT01202,1,Current,13766.87
ACCT01203,1,Current,9811.01
ACCT01204,1,Current,13937.93
ACCT01205,1,Current,6367.22
ACCT01206,1,Current,253.52
ACCT01207,1,Current,1126.05
ACCT01208,1,Current,1820.41
ACCT01209,1,Current,1611.23
ACCT01210,1,Current,5405.2
ACCT01211,1,Current,10578.81
ACCT01212,1,Current,11901.6
ACCT01213,1,Current,8935.16
ACCT01214,1,Current,2367.26
ACCT01215,1,Current,11268.94
ACCT01216,1,Current,5451.07
ACCT01217,1,Current,392.3
ACCT01218,1,Current,4352.71
ACCT01219,1,Current,5092.89
ACCT01220,1,Current,4258.83
ACCT01221,1,Current,12215.68
ACCT01222,1,Current,11446.91
ACCT01223,1,Current,10494.17
ACCT01224,1,Current,2257.28
ACCT01225,1,Current,12155.94
ACCT01226,1,Current,10222.2
ACCT01227,1,Current,3083.6
ACCT01228,1,30DPD,9791.79
ACCT01229,1,Current,7355.97
ACCT01230,1,Current,6702.38
ACCT01231,1,Current,1859.42
ACCT01232,1,Current,7870.9
ACCT01233,1,Current,1678.99
ACCT01234,1,Current,2630.95
ACCT01235,1,Current,2161.69
ACCT01236,1,Current,14320.8
ACCT01237,1,Current,4416.0
ACCT01238,1,Current,5457.02
ACCT01239,1,Current,4966.79
ACCT01240,1,Current,13494.11
ACCT01241,1,Current,8531.9
ACCT01242,1,Current,13803.57
ACCT01243,1,Current,4638.89
ACCT01244,1,Current,1899.55
ACCT01245,1,Current,8432.03
ACCT01246,1,Current,5313.95
ACCT01247,1,Current,12068.22
ACCT01248,1,Current,13215.47
ACCT01249,1,30DPD,7194.09
ACCT01250,1,Current,14576.11
ACCT01251,1,Current,8384.59
ACCT01252,1,Current,4209.62
ACCT01253,1,Current,7436.84
ACCT01254,1,Current,752.19
ACCT01255,1,Current,12099.22
ACCT01256,1,Current,1701.24
ACCT01257,1,Current,4769.48
ACCT01258,1,Current,8566.68
ACCT01259,1,ChargeOff,836.03
ACCT01260,1,Current,1373.89
ACCT01261,1,Current,10502.52
ACCT01262,1,Current,1262.3
ACCT01263,1,30DPD,7260.83
ACCT01264,1,Current,5212.7
ACCT01265,1,Current,3575.58
ACCT01266,1,Current,2993.93
ACCT01267,1,60DPD,11498.49
ACCT01268,1,Current,14282.82
ACCT01269,1,Current,2274.66
ACCT01270,1,60DPD,14403.28
ACCT01271,1,Current,9002.49
ACCT01272,1,Current,9696.57
ACCT01273,1,Current,10706.91
ACCT01274,1,Current,10620.96
ACCT01275,1,Current,12333.2
ACCT01276,1,Current,7355.34
ACCT01277,1,Current,8093.71
ACCT01278,1,Current,4992.64
ACCT01279,1,Current,1757.81
ACCT01280,1,Current,10036.67
ACCT01281,1,Current,697.43
ACCT01282,1,Current,4279.4
ACCT01283,1,Current,1594.6
ACCT01284,1,30DPD,3022.76
ACCT01285,1,30DPD,9653.22
ACCT01286,1,Current,9501.45
ACCT01287,1,Current,6431.61
ACCT01288,1,Current,1534.55
ACCT01289,1,Current,6613.93
ACCT01290,1,Current,5420.62
ACCT01291,1,Current,10862.8
ACCT01292,1,Current,8769.59
ACCT01293,1,Current,7475.17
ACCT01294,1,Current,7407.33
ACCT01295,1,Current,14501.19
ACCT01296,1,Current,11393.15
ACCT01297,1,Current,7555.3
ACCT01298,1,Current,7292.49
ACCT01299,1,Current,591.89
ACCT01300,1,Current,14149.14
ACCT01301,1,Current,4923.77
ACCT01302,1,Current,3987.9
ACCT01303,1,Current,14991.25
ACCT01304,1,Current,10836.61
ACCT01305,1,30DPD,900.98
ACCT01306,1,Current,1115.91
ACCT01307,1,Current,577.42
ACCT01308,1,Current,9074.36
ACCT01309,1,30DPD,1259.15
ACCT01310,1,Current,14014.15
ACCT01311,1,30DPD,14066.22
ACCT01312,1,Current,8281.6
ACCT01313,1,Current,9326.26
ACCT01314,1,Current,4520.04
ACCT01315,1,Current,1146.79
ACCT01316,1,Current,11114.41
ACCT01317,1,Current,1706.43
ACCT01318,1,Current,1466.25
ACCT01319,1,Current,4806.1
ACCT01320,1,Current,384.49
ACCT01321,1,Current,6623.73
ACCT01322,1,Current,10673.68
ACCT01323,1,Current,12059.96
ACCT01324,1,Current,9143.75
ACCT01325,1,Current,12733.74
ACCT01326,1,Current,6216.23
ACCT01327,1,Current,12761.83
ACCT01328,1,Current,7695.8
ACCT01329,1,Current,3500.93
ACCT01330,1,Current,14173.36
ACCT01331,1,Current,4269.57
ACCT01332,1,Current,587.78
ACCT01333,1,60DPD,3791.58
ACCT01334,1,60DPD,5626.98
ACCT01335,1,Current,5399.98
ACCT01336,1,Current,7965.08
ACCT01337,1,Current,13270.28
ACCT01338,1,Current,4526.61
ACCT01339,1,Current,7907.4
ACCT01340,1,Current,5234.06
ACCT01341,1,Current,12362.24
ACCT01342,1,Current,2532.5
ACCT01343,1,Current,1731.95
ACCT01344,1,90DPD,7644.33
ACCT01345,1,Current,10143.94
ACCT01346,1,Current,11973.77
ACCT01347,1,Current,8926.45
ACCT01348,1,Current,11652.98
ACCT01349,1,Current,6012.11
ACCT01350,1,Current,686.44
ACCT01351,1,Current,1918.27
ACCT01352,1,Current,773.09
ACCT01353,1,Current,5068.37
ACCT01354,1,Current,7533.27
ACCT01355,1,Current,5473.5
ACCT01356,1,Current,8496.87
ACCT01357,1,Current,7313.02
ACCT01358,1,Current,10233.55
ACCT01359,1,Current,10071.04
ACCT01360,1,Current,4907.35
ACCT01361,1,Current,5323.97
ACCT01362,1,Current,8860.19
ACCT01363,1,Current,9027.2
ACCT01364,1,Current,4857.56
ACCT01365,1,Current,5088.7
ACCT01366,1,Current,10471.87
ACCT01367,1,Current,9781.68
ACCT01368,1,Current,2198.75
ACCT01369,1,Current,6727.42
ACCT01370,1,Current,13412.05
ACCT01371,1,30DPD,737.32
ACCT01372,1,Current,12856.43
ACCT01373,1,Current,2615.04
ACCT01374,1,60DPD,7707.28
ACCT01375,1,Current,6480.18
ACCT01376,1,Current,349.91
ACCT01377,1,Current,13747.87
ACCT01378,1,Current,6932.89
ACCT01379,1,Current,14323.17
ACCT01380,1,Current,4443.81
ACCT01381,1,Current,13020.88
ACCT01382,1,Current,13851.37
ACCT01383,1,ChargeOff,8441.12
ACCT01384,1,30DPD,3199.63
ACCT01385,1,Current,10341.66
ACCT01386,1,Current,8324.88
ACCT01387,1,Current,14179.04
ACCT01388,1,30DPD,6701.23
ACCT01389,1,Current,4174.0
ACCT01390,1,30DPD,2246.65
ACCT01391,1,Current,10539.78
ACCT01392,1,Current,14616.82
ACCT01393,1,Current,619.49
ACCT01394,1,Current,11158.59
ACCT01395,1,Current,13918.57
ACCT01396,1,Current,1306.77
ACCT01397,1,30DPD,1830.52
ACCT01398,1,Current,10440.97
ACCT01399,1,Current,9789.86
ACCT01400,1,Current,1218.65
ACCT01401,1,Current,12549.46
ACCT01402,1,60DPD,7946.67
ACCT01403,1,Current,13626.52
ACCT01404,1,Current,13194.27
ACCT01405,1,Current,12225.11
ACCT01406,1,60DPD,7835.3
ACCT01407,1,Current,3925.32
ACCT01408,1,Current,7688.44
ACCT01409,1,Current,1692.01
ACCT01410,1,Current,9950.92
ACCT01411,1,60DPD,2182.86
ACCT01412,1,Current,7765.36
ACCT01413,1,30DPD,1004.85
ACCT01414,1,Current,4632.78
ACCT01415,1,Current,3634.79
ACCT01416,1,Current,9376.47
ACCT01417,1,Current,11844.44
ACCT01418,1,Current,1048.08
ACCT01419,1,60DPD,12784.2
ACCT01420,1,Current,12939.36
ACCT01421,1,Current,5265.58
ACCT01422,1,Current,9953.26
ACCT01423,1,Current,6158.67
ACCT01424,1,Current,2482.03
ACCT01425,1,Current,8024.2
ACCT01426,1,Current,1478.12
ACCT01427,1,Current,13201.39
ACCT01428,1,Current,13879.49
ACCT01429,1,Current,12359.87
ACCT01430,1,30DPD,8525.42
ACCT01431,1,Current,8452.46
ACCT01432,1,Current,14772.19
ACCT01433,1,Current,3868.95
ACCT01434,1,Current,1324.04
ACCT01435,1,60DPD,8516.73
ACCT01436,1,Current,5066.03
ACCT01437,1,Current,4970.61
ACCT01438,1,30DPD,304.86
ACCT01439,1,60DPD,9024.34
ACCT01440,1,Current,4107.7
ACCT01441,1,Current,2980.31
ACCT01442,1,Current,798.39
ACCT01443,1,Current,5592.55
ACCT01444,1,Current,13208.74
ACCT01445,1,Current,5182.73
ACCT01446,1,30DPD,10250.3
ACCT01447,1,Current,11396.9
ACCT01448,1,Current,5055.89
ACCT01449,1,Current,12360.28
ACCT01450,1,Current,10439.82
ACCT01451,1,Current,8476.78
ACCT01452,1,Current,214.69
ACCT01453,1,30DPD,719.34
ACCT01454,1,Current,14864.81
ACCT01455,1,Current,11777.8
ACCT01456,1,Current,14075.97
ACCT01457,1,Current,13554.09
ACCT01458,1,30DPD,502.56
ACCT01459,1,Current,11919.34
ACCT01460,1,Current,6876.96
ACCT01461,1,Current,11885.46
ACCT01462,1,Current,299.39
ACCT01463,1,Current,4465.35
ACCT01464,1,Current,11319.59
ACCT01465,1,Current,11936.71
ACCT01466,1,Current,9371.78
ACCT01467,1,Current,4658.59
ACCT01468,1,Current,4793.37
ACCT01469,1,Current,14508.11
ACCT01470,1,30DPD,6700.34
ACCT01471,1,Current,6817.46
ACCT01472,1,Current,8374.52
ACCT01473,1,Current,6260.63
ACCT01474,1,Current,8379.54
ACCT01475,1,Current,6598.56
ACCT01476,1,Current,12435.38
ACCT01477,1,ChargeOff,13653.96
ACCT01478,1,Current,13995.23
ACCT01479,1,Current,8551.58
ACCT01480,1,Current,6743.8
ACCT01481,1,Current,10637.55
ACCT01482,1,Current,12607.19
ACCT01483,1,Current,8532.14
ACCT01484,1,Current,10559.72
ACCT01485,1,Current,11295.99
ACCT01486,1,90DPD,10210.63
ACCT01487,1,Current,11242.78
ACCT01488,1,Current,3287.95
ACCT01489,1,Current,7575.94
ACCT01490,1,Current,8906.37
ACCT01491,1,Current,236.67
ACCT01492,1,Current,12868.25
ACCT01493,1,Current,9228.36
ACCT01494,1,Current,2111.22
ACCT01495,1,Current,12282.08
ACCT01496,1,Current,10812.44
ACCT01497,1,Current,11422.83
ACCT01498,1,Current,6002.23
ACCT01499,1,Current,12842.2
ACCT01500,1,Current,6327.61
ACCT01501,1,60DPD,8643.54
ACCT01502,1,Current,209.51
ACCT01503,1,Current,9744.12
ACCT01504,1,Current,10829.0
ACCT01505,1,Current,8593.22
ACCT01506,1,Current,7549.07
ACCT01507,1,Current,12187.06
ACCT01508,1,Current,10284.32
ACCT01509,1,Current,4315.5
ACCT01510,1,Current,14394.29
ACCT01511,1,Current,10667.55
ACCT01512,1,Current,14821.5
ACCT01513,1,Current,14574.67
ACCT01514,1,Current,13799.86
ACCT01515,1,Current,11379.5
ACCT01516,1,Current,9219.55
ACCT01517,1,30DPD,2748.13
ACCT01518,1,Current,8241.6
ACCT01519,1,Current,11527.57
ACCT01520,1,Current,7908.69
ACCT01521,1,Current,13049.94
ACCT01522,1,Current,1822.91
ACCT01523,1,Current,5837.92
ACCT01524,1,Current,7688.27
ACCT01525,1,Current,6598.41
ACCT01526,1,Current,1807.08
ACCT01527,1,Current,2472.22
ACCT01528,1,Current,12596.74
ACCT01529,1,Current,7368.89
ACCT01530,1,Current,921.09
ACCT01531,1,Current,444.07
ACCT01532,1,Current,7207.44
ACCT01533,1,Current,2632.81
ACCT01534,1,Current,10635.86
ACCT01535,1,Current,11970.79
ACCT01536,1,Current,3578.79
ACCT01537,1,Current,8964.22
ACCT01538,1,Current,2485.78
ACCT01539,1,Current,4693.02
ACCT01540,1,Current,13354.17
ACCT01541,1,Current,8252.65
ACCT01542,1,Current,13311.15
ACCT01543,1,Current,3533.67
ACCT01544,1,Current,5084.36
ACCT01545,1,Current,7170.09
ACCT01546,1,Current,7305.19
ACCT01547,1,Current,14965.19
ACCT01548,1,Current,1893.79
ACCT01549,1,Current,12809.08
ACCT01550,1,Current,12982.49
ACCT01551,1,Current,8387.34
ACCT01552,1,Current,5291.75
ACCT01553,1,Current,7884.55
ACCT01554,1,Current,4528.52
ACCT01555,1,Current,12026.79
ACCT01556,1,30DPD,7574.53
ACCT01557,1,Current,13902.46
ACCT01558,1,Current,9415.83
ACCT01559,1,Current,7811.93
ACCT01560,1,ChargeOff,10723.83
ACCT01561,1,Current,7658.21
ACCT01562,1,Current,13586.69
ACCT01563,1,30DPD,2929.8
ACCT01564,1,Current,14605.56
ACCT01565,1,Current,12220.42
ACCT01566,1,Current,12938.85
ACCT01567,1,Current,7347.04
ACCT01568,1,Current,12590.58
ACCT01569,1,Current,4740.26
ACCT01570,1,Current,11476.83
ACCT01571,1,Current,2278.66
ACCT01572,1,Current,4744.37
ACCT01573,1,Current,6796.84
ACCT01574,1,Current,4970.33
ACCT01575,1,Current,5927.85
ACCT01576,1,Current,12337.55
ACCT01577,1,Current,3998.8
ACCT01578,1,ChargeOff,11230.16
ACCT01579,1,Current,1290.94
ACCT01580,1,Current,11532.94
ACCT01581,1,Current,11921.94
ACCT01582,1,Current,6145.14
ACCT01583,1,Current,10892.67
ACCT01584,1,Current,13744.05
ACCT01585,1,30DPD,12050.55
ACCT01586,1,Current,5978.61
ACCT01587,1,Current,7366.36
ACCT01588,1,Current,11734.49
ACCT01589,1,Current,4530.4
ACCT01590,1,Current,12097.46
ACCT01591,1,Current,5055.45
ACCT01592,1,30DPD,12128.66
ACCT01593,1,Current,1484.65
ACCT01594,1,Current,857.08
ACCT01595,1,Current,14965.6
ACCT01596,1,Current,13067.97
ACCT01597,1,Current,13266.14
ACCT01598,1,Current,14278.94
ACCT01599,1,Current,6687.08
ACCT01600,1,30DPD,4445.17
ACCT01601,1,Current,2124.37
ACCT01602,1,Current,7617.9
ACCT01603,1,Current,3456.72
ACCT01604,1,Current,14046.15
ACCT01605,1,Current,259.25
ACCT01606,1,60DPD,2319.31
ACCT01607,1,Current,3847.84
ACCT01608,1,Current,3144.56
ACCT01609,1,Current,3541.52
ACCT01610,1,Current,9909.5
ACCT01611,1,Current,5047.18
ACCT01612,1,Current,9302.36
ACCT01613,1,Current,13375.82
ACCT01614,1,Current,9117.84
ACCT01615,1,Current,10479.09
ACCT01616,1,Current,5609.45
ACCT01617,1,Current,2564.13
ACCT01618,1,ChargeOff,4944.64
ACCT01619,1,Current,14471.38
ACCT01620,1,Current,9402.81
ACCT01621,1,Current,4307.16
ACCT01622,1,Current,6873.55
ACCT01623,1,Current,12565.59
ACCT01624,1,Current,10092.96
ACCT01625,1,Current,8497.66
ACCT01626,1,Current,13300.41
ACCT01627,1,Current,10152.11
ACCT01628,1,Current,9712.4
ACCT01629,1,Current,3008.57
ACCT01630,1,Current,1774.55
ACCT01631,1,Current,14484.1
ACCT01632,1,Current,9063.1
ACCT01633,1,Current,6352.11
ACCT01634,1,90DPD,8917.51
ACCT01635,1,Current,1114.82
ACCT01636,1,Current,12367.48
ACCT01637,1,30DPD,3406.35
ACCT01638,1,Current,12107.28
ACCT01639,1,Current,8108.8
ACCT01640,1,Current,4293.27
ACCT01641,1,Current,647.11
ACCT01642,1,Current,12274.33
ACCT01643,1,Current,2811.61
ACCT01644,1,Current,966.72
ACCT01645,1,Current,11386.99
ACCT01646,1,Current,5380.64
ACCT01647,1,Current,5962.14
ACCT01648,1,30DPD,3856.6
ACCT01649,1,Current,12915.84
ACCT01650,1,Current,4600.48
ACCT01651,1,Current,3310.85
ACCT01652,1,Current,4776.9
ACCT01653,1,Current,3206.61
ACCT01654,1,30DPD,4901.3
ACCT01655,1,Current,1427.46
ACCT01656,1,Current,2546.24
ACCT01657,1,Current,6372.38
ACCT01658,1,Current,13216.11
ACCT01659,1,Current,1047.9
ACCT01660,1,Current,3347.59
ACCT01661,1,Current,13643.52
ACCT01662,1,Current,13372.22
ACCT01663,1,Current,10255.87
ACCT01664,1,30DPD,3759.01
ACCT01665,1,Current,6413.2
ACCT01666,1,Current,3326.07
ACCT01667,1,Current,2103.11
ACCT01668,1,Current,5823.98
ACCT01669,1,Current,8722.16
ACCT01670,1,Current,5527.0
ACCT01671,1,Current,9240.2
ACCT01672,1,Current,4584.57
ACCT01673,1,Current,5318.59
ACCT01674,1,Current,11901.97
ACCT01675,1,30DPD,13199.06
ACCT01676,1,Current,4966.1
ACCT01677,1,Current,8658.43
ACCT01678,1,Current,4316.8
ACCT01679,1,Current,989.35
ACCT01680,1,Current,11120.29
ACCT01681,1,Current,2730.85
ACCT01682,1,Current,6500.55
ACCT01683,1,Current,7408.27
ACCT01684,1,Current,2930.18
ACCT01685,1,Current,1599.42
ACCT01686,1,Current,5350.59
ACCT01687,1,Current,14293.83
ACCT01688,1,Current,9304.01
ACCT01689,1,Current,5844.87
ACCT01690,1,Current,775.88
ACCT01691,1,30DPD,9084.04
ACCT01692,1,Current,1565.41
ACCT01693,1,Current,8229.65
ACCT01694,1,Current,11328.87
ACCT01695,1,Current,6469.06
ACCT01696,1,Current,4631.29
ACCT01697,1,Current,901.29
ACCT01698,1,60DPD,566.71
ACCT01699,1,Current,6564.39
ACCT01700,1,30DPD,13273.51
ACCT01701,1,90DPD,3812.13
ACCT01702,1,Current,8696.02
ACCT01703,1,Current,10327.73
ACCT01704,1,Current,1100.28
ACCT01705,1,90DPD,2465.89
ACCT01706,1,Current,5102.9
ACCT01707,1,Current,10117.38
ACCT01708,1,Current,6697.72
ACCT01709,1,Current,11066.09
ACCT01710,1,Current,13040.45
ACCT01711,1,Current,11423.91
ACCT01712,1,60DPD,14885.26
ACCT01713,1,Current,11364.54
ACCT01714,1,Current,12812.25
ACCT01715,1,Current,12519.02
ACCT01716,1,Current,11007.93
ACCT01717,1,Current,12066.67
ACCT01718,1,Current,14033.31
ACCT01719,1,Current,7233.07
ACCT01720,1,Current,9646.65
ACCT01721,1,Current,7821.11
ACCT01722,1,Current,12795.35
ACCT01723,1,Current,6584.12
ACCT01724,1,Current,12331.96
ACCT01725,1,Current,12030.45
ACCT01726,1,Current,14435.91
ACCT01727,1,Current,3884.03
ACCT01728,1,Current,10702.37
ACCT01729,1,Current,11402.41
ACCT01730,1,30DPD,14056.92
ACCT01731,1,Current,13622.16
ACCT01732,1,Current,8688.18
ACCT01733,1,Current,8771.47
ACCT01734,1,Current,2675.91
ACCT01735,1,Current,14629.45
ACCT01736,1,Current,3974.26
ACCT01737,1,Current,10926.1
ACCT01738,1,Current,11977.77
ACCT01739,1,Current,6729.99
ACCT01740,1,Current,3325.67
ACCT01741,1,Current,2996.61
ACCT01742,1,Current,12876.14
ACCT01743,1,30DPD,7759.2
ACCT01744,1,Current,1534.03
ACCT01745,1,Current,10811.89
ACCT01746,1,Current,3902.53
ACCT01747,1,Current,13170.64
ACCT01748,1,Current,4781.66
ACCT01749,1,Current,3164.01
ACCT01750,1,Current,1455.9
ACCT01751,1,Current,7770.66
ACCT01752,1,Current,6870.92
ACCT01753,1,Current,11319.42
ACCT01754,1,Current,7076.12
ACCT01755,1,Current,5288.48
ACCT01756,1,Current,4072.49
ACCT01757,1,60DPD,4316.57
ACCT01758,1,30DPD,13932.15
ACCT01759,1,30DPD,2643.16
ACCT01760,1,Current,14825.01
ACCT01761,1,Current,5038.41
ACCT01762,1,Current,1508.18
ACCT01763,1,Current,3880.62
ACCT01764,1,Current,1064.53
ACCT01765,1,Current,11892.44
ACCT01766,1,90DPD,7785.78
ACCT01767,1,Current,5187.4
ACCT01768,1,Current,9998.33
ACCT01769,1,Current,9533.57
ACCT01770,1,Current,14110.11
ACCT01771,1,Current,14426.66
ACCT01772,1,Current,10274.12
ACCT01773,1,Current,12303.68
ACCT01774,1,Current,11927.89
ACCT01775,1,Current,7471.29
ACCT01776,1,Current,10625.98
ACCT01777,1,Current,1358.23
ACCT01778,1,Current,11418.71
ACCT01779,1,Current,14435.13
ACCT01780,1,Current,1457.63
ACCT01781,1,Current,12574.51
ACCT01782,1,Current,14008.1
ACCT01783,1,Current,3547.6
ACCT01784,1,Current,7967.21
ACCT01785,1,Current,13932.3
ACCT01786,1,Current,14411.34
ACCT01787,1,Current,2092.66
ACCT01788,1,Current,5365.26
ACCT01789,1,Current,10532.54
ACCT01790,1,Current,3479.07
ACCT01791,1,Current,5006.61
ACCT01792,1,Current,544.71
ACCT01793,1,Current,2472.12
ACCT01794,1,30DPD,8522.48
ACCT01795,1,Current,9865.73
ACCT01796,1,Current,9803.9
ACCT01797,1,Current,11719.73
ACCT01798,1,Current,6346.16
ACCT01799,1,Current,4247.66
ACCT01800,1,Current,430.59
ACCT01801,1,Current,3258.12
ACCT01802,1,Current,4823.34
ACCT01803,1,Current,2837.46
ACCT01804,1,Current,498.14
ACCT01805,1,Current,2530.22
ACCT01806,1,Current,10058.27
ACCT01807,1,Current,9517.86
ACCT01808,1,Current,14048.12
ACCT01809,1,Current,12012.89
ACCT01810,1,Current,8602.79
ACCT01811,1,Current,2235.83
ACCT01812,1,Current,8548.26
ACCT01813,1,Current,1111.61
ACCT01814,1,Current,6577.1
ACCT01815,1,Current,5975.83
ACCT01816,1,Current,6531.64
ACCT01817,1,Current,4341.42
ACCT01818,1,Current,10350.29
ACCT01819,1,Current,12645.98
ACCT01820,1,30DPD,11574.05
ACCT01821,1,Current,9490.73
ACCT01822,1,Current,8167.5
ACCT01823,1,Current,660.05
ACCT01824,1,Current,10899.42
ACCT01825,1,Current,8265.75
ACCT01826,1,Current,4206.97
ACCT01827,1,Current,5052.06
ACCT01828,1,30DPD,14046.98
ACCT01829,1,Current,9440.56
ACCT01830,1,Current,7243.5
ACCT01831,1,60DPD,9389.64
ACCT01832,1,Current,6323.39
ACCT01833,1,Current,7158.7
ACCT01834,1,Current,4496.58
ACCT01835,1,Current,6709.83
ACCT01836,1,Current,10346.77
ACCT01837,1,Current,791.14
ACCT01838,1,Current,11966.41
ACCT01839,1,Current,4388.1
ACCT01840,1,Current,10301.88
ACCT01841,1,Current,9712.33
ACCT01842,1,Current,9858.9
ACCT01843,1,30DPD,9200.31
ACCT01844,1,Current,14394.71
ACCT01845,1,Current,7723.49
ACCT01846,1,Current,11038.32
ACCT01847,1,Current,10640.65
ACCT01848,1,Current,3696.76
ACCT01849,1,Current,4392.93
ACCT01850,1,Current,6475.45
ACCT01851,1,30DPD,4309.93
ACCT01852,1,Current,5627.8
ACCT01853,1,Current,5986.22
ACCT01854,1,Current,9137.2
ACCT01855,1,ChargeOff,3454.37
ACCT01856,1,Current,12103.52
ACCT01857,1,Current,6675.54
ACCT01858,1,Current,10652.41
ACCT01859,1,Current,1405.35
ACCT01860,1,Current,7155.49
ACCT01861,1,ChargeOff,617.65
ACCT01862,1,ChargeOff,10203.47
ACCT01863,1,Current,5286.91
ACCT01864,1,Current,14248.94
ACCT01865,1,Current,4997.04
ACCT01866,1,30DPD,8544.33
ACCT01867,1,Current,4009.34
ACCT01868,1,Current,9377.67
ACCT01869,1,Current,7112.23
ACCT01870,1,Current,5685.3
ACCT01871,1,Current,3214.6
ACCT01872,1,90DPD,1850.52
ACCT01873,1,90DPD,1974.21
ACCT01874,1,30DPD,14985.79
ACCT01875,1,Current,6302.2
ACCT01876,1,Current,228.56
ACCT01877,1,Current,14303.35
ACCT01878,1,Current,495.7
ACCT01879,1,Current,6395.07
ACCT01880,1,Current,10818.67
ACCT01881,1,Current,13736.07
ACCT01882,1,Current,10750.72
ACCT01883,1,Current,7061.66
ACCT01884,1,Current,14621.74
ACCT01885,1,Current,781.93
ACCT01886,1,Current,14806.0
ACCT01887,1,Current,12770.99
ACCT01888,1,Current,13948.16
ACCT01889,1,Current,3970.63
ACCT01890,1,Current,2308.38
ACCT01891,1,Current,10017.07
ACCT01892,1,Current,7834.72
ACCT01893,1,Current,7942.89
ACCT01894,1,Current,13884.36
ACCT01895,1,Current,9377.2
ACCT01896,1,Current,4803.74
ACCT01897,1,Current,6120.99
ACCT01898,1,Current,2175.74
ACCT01899,1,Current,3046.25
ACCT01900,1,Current,2321.58
ACCT01901,1,Current,12192.31
ACCT01902,1,Current,10632.13
ACCT01903,1,Current,8049.11
ACCT01904,1,Current,5740.64
ACCT01905,1,Current,10093.72
ACCT01906,1,Current,12231.0
ACCT01907,1,Current,13242.25
ACCT01908,1,Current,8295.84
ACCT01909,1,Current,12334.3
ACCT01910,1,Current,7767.33
ACCT01911,1,Current,7223.05
ACCT01912,1,30DPD,13008.39
ACCT01913,1,Current,5918.33
ACCT01914,1,Current,6059.51
ACCT01915,1,Current,4712.69
ACCT01916,1,Current,7876.79
ACCT01917,1,Current,8263.78
ACCT01918,1,Current,9974.82
ACCT01919,1,30DPD,6571.43
ACCT01920,1,Current,3423.99
ACCT01921,1,Current,13029.26
ACCT01922,1,Current,5320.81
ACCT01923,1,Current,13859.56
ACCT01924,1,Current,3268.83
ACCT01925,1,Current,8488.85
ACCT01926,1,Current,8141.9
ACCT01927,1,Current,12463.99
ACCT01928,1,Current,2255.0
ACCT01929,1,Current,13667.07
ACCT01930,1,Current,8065.14
ACCT01931,1,Current,8874.42
ACCT01932,1,Current,7750.46
ACCT01933,1,Current,733.17
ACCT01934,1,Current,7556.94
ACCT01935,1,Current,4100.54
ACCT01936,1,Current,5271.79
ACCT01937,1,Current,9806.7
ACCT01938,1,Current,7565.92
ACCT01939,1,Current,1579.63
ACCT01940,1,Current,1281.01
ACCT01941,1,Current,2947.73
ACCT01942,1,Current,3025.1
ACCT01943,1,Current,9202.85
ACCT01944,1,Current,2831.65
ACCT01945,1,30DPD,13249.45
ACCT01946,1,Current,3304.46
ACCT01947,1,30DPD,1548.75
ACCT01948,1,Current,13161.04
ACCT01949,1,30DPD,4570.85
ACCT01950,1,30DPD,6496.25
ACCT01951,1,Current,14393.59
ACCT01952,1,Current,14176.66
ACCT01953,1,60DPD,10780.77
ACCT01954,1,30DPD,1220.3
ACCT01955,1,60DPD,8981.43
ACCT01956,1,Current,14838.35
ACCT01957,1,Current,14214.36
ACCT01958,1,Current,1768.84
ACCT01959,1,Current,6060.32
ACCT01960,1,Current,4869.94
ACCT01961,1,Current,2119.98
ACCT01962,1,Current,10483.02
ACCT01963,1,Current,4252.96
ACCT01964,1,Current,5304.01
ACCT01965,1,Current,1537.31
ACCT01966,1,Current,7569.92
ACCT01967,1,Current,2540.88
ACCT01968,1,Current,6594.94
ACCT01969,1,Current,2321.46
ACCT01970,1,Current,14316.98
ACCT01971,1,60DPD,2345.74
ACCT01972,1,Current,7923.93
ACCT01973,1,Current,3115.3
ACCT01974,1,Current,1330.15
ACCT01975,1,Current,3194.17
ACCT01976,1,Current,1010.66
ACCT01977,1,30DPD,2263.08
ACCT01978,1,Current,7503.57
ACCT01979,1,Current,9846.87
ACCT01980,1,Current,1492.63
ACCT01981,1,Current,6727.08
ACCT01982,1,Current,8802.46
ACCT01983,1,Current,3666.54
ACCT01984,1,Current,5706.76
ACCT01985,1,30DPD,1263.16
ACCT01986,1,Current,3457.94
ACCT01987,1,Current,7107.94
ACCT01988,1,90DPD,14858.54
ACCT01989,1,Current,14944.72
ACCT01990,1,Current,14698.4
ACCT01991,1,Current,6461.68
ACCT01992,1,Current,1394.07
ACCT01993,1,Current,4988.89
ACCT01994,1,Current,3718.17
ACCT01995,1,Current,409.07
ACCT01996,1,Current,1609.46
ACCT01997,1,Current,6907.24
ACCT01998,1,Current,5227.0
ACCT01999,1,Current,2869.24
ACCT00000,2,Current,11676.67
ACCT00001,2,Current,6113.63
ACCT00002,2,Current,12685.21
ACCT00003,2,Current,8656.8
ACCT00004,2,Current,1862.53
ACCT00005,2,30DPD,11762.95
ACCT00006,2,Current,6388.95
ACCT00007,2,Current,2203.61
ACCT00008,2,Current,2313.59
ACCT00009,2,Current,10315.88
ACCT00010,2,Current,800.8
ACCT00011,2,Current,4576.94
ACCT00012,2,Current,2358.2
ACCT00013,2,Current,6610.77
ACCT00014,2,Current,6528.98
ACCT00015,2,Current,7297.89
ACCT00016,2,Current,4161.72
ACCT00017,2,Current,626.07
ACCT00018,2,Current,9472.89
ACCT00019,2,Current,5813.04
ACCT00020,2,Current,9846.65
ACCT00021,2,Current,1871.43
ACCT00022,2,60DPD,364.31
ACCT00023,2,Current,3498.96
ACCT00024,2,Current,6911.71
ACCT00025,2,30DPD,5934.59
ACCT00026,2,Current,11457.51
ACCT00027,2,Current,5907.44
ACCT00028,2,Current,8378.06
ACCT00029,2,Current,9074.01
ACCT00030,2,30DPD,518.26
ACCT00031,2,Current,7567.56
ACCT00032,2,Current,5345.02
ACCT00033,2,Current,6364.44
ACCT00034,2,Current,1492.59
ACCT00035,2,Current,11543.24
ACCT00036,2,Current,12520.1
ACCT00037,2,Current,493.21
ACCT00038,2,Current,8779.96
ACCT00039,2,Current,10816.19
ACCT00040,2,Current,3995.01
ACCT00041,2,Current,10811.69
ACCT00042,2,Current,9890.02
ACCT00043,2,Current,13580.56
ACCT00044,2,Current,13035.43
ACCT00045,2,Current,829.17
ACCT00046,2,Current,6020.34
ACCT00047,2,Current,7587.33
ACCT00048,2,Current,2310.99
ACCT00049,2,Current,5337.72
ACCT00050,2,Current,14546.8
ACCT00051,2,Current,401.11
ACCT00052,2,Current,5994.26
ACCT00053,2,Current,12615.21
ACCT00054,2,Current,4762.61
ACCT00055,2,Current,7414.54
ACCT00056,2,Current,13942.25
ACCT00057,2,Current,6531.2
ACCT00058,2,Current,2186.88
ACCT00059,2,Current,914.03
ACCT00060,2,30DPD,14329.01
ACCT00061,2,Current,3832.4
ACCT00062,2,30DPD,6744.86
ACCT00063,2,Current,1458.87
ACCT00064,2,Current,6675.35
ACCT00065,2,Current,13621.5
ACCT00066,2,Current,7269.7
ACCT00067,2,Current,12446.25
ACCT00068,2,Current,4116.2
ACCT00069,2,Current,7737.36
ACCT00070,2,Current,12349.88
ACCT00071,2,Current,6332.51
ACCT00072,2,Current,3907.29
ACCT00073,2,Current,12707.75
ACCT00074,2,Current,5571.16
ACCT00075,2,Current,7712.91
ACCT00076,2,Current,13843.73
ACCT00077,2,Current,2519.7
ACCT00078,2,Current,4027.88
ACCT00079,2,Current,588.22
ACCT00080,2,Current,5435.55
ACCT00081,2,Current,2939.02
ACCT00082,2,Current,9235.77
ACCT00083,2,Current,2684.1
ACCT00084,2,Current,9595.45
ACCT00085,2,30DPD,4064.05
ACCT00086,2,30DPD,4960.68
ACCT00087,2,Current,5154.57
ACCT00088,2,Current,11317.74
ACCT00089,2,Current,7315.79
ACCT00090,2,Current,4856.47
ACCT00091,2,Current,12137.66
ACCT00092,2,Current,8763.36
ACCT00093,2,Current,2950.11
ACCT00094,2,Current,12827.02
ACCT00095,2,Current,5243.47
ACCT00096,2,Current,790.24
ACCT00097,2,Current,7172.87
ACCT00098,2,Current,2089.05
ACCT00099,2,Current,3246.26
ACCT00100,2,Current,11383.84
ACCT00101,2,Current,2077.23
ACCT00102,2,Current,12145.4
ACCT00103,2,Current,12129.66
ACCT00104,2,Current,8171.8
ACCT00105,2,Current,9870.59
ACCT00106,2,Current,9391.16
ACCT00107,2,Current,13212.15
ACCT00108,2,Current,4541.35
ACCT00109,2,60DPD,2576.1
ACCT00110,2,Current,6723.35
ACCT00111,2,Current,7125.6
ACCT00112,2,Current,2902.66
ACCT00113,2,Current,8210.21
ACCT00114,2,Current,368.61
ACCT00115,2,30DPD,11931.33
ACCT00116,2,Current,4134.63
ACCT00117,2,Current,694.67
ACCT00118,2,Current,1844.68
ACCT00119,2,Current,3684.56
ACCT00120,2,Current,4320.28
ACCT00121,2,Current,652.51
ACCT00122,2,Current,3912.57
ACCT00123,2,Current,2609.91
ACCT00124,2,Current,5861.86
ACCT00125,2,Current,5192.23
ACCT00126,2,Current,4988.54
ACCT00127,2,Current,4366.69
ACCT00128,2,Current,1440.98
ACCT00129,2,30DPD,519.05
ACCT00130,2,30DPD,3279.17
ACCT00131,2,Current,11551.03
ACCT00132,2,Current,14155.93
ACCT00133,2,Current,14124.84
ACCT00134,2,Current,7673.08
ACCT00135,2,30DPD,7632.76
ACCT00136,2,60DPD,4965.04
ACCT00137,2,Current,10004.21
ACCT00138,2,Current,11764.29
ACCT00139,2,Current,12568.3
ACCT00140,2,Current,12391.62
ACCT00141,2,Current,5806.13
ACCT00142,2,60DPD,10178.28
ACCT00143,2,Current,10839.66
ACCT00144,2,30DPD,4626.77
ACCT00145,2,Current,12042.03
ACCT00146,2,Current,1545.14
ACCT00147,2,Current,13879.96
ACCT00148,2,Current,11224.58
ACCT00149,2,Current,1560.83
ACCT00150,2,Current,9840.55
ACCT00151,2,30DPD,649.43
ACCT00152,2,Current,10150.37
ACCT00153,2,Current,11052.41
ACCT00154,2,Current,8892.24
ACCT00155,2,Current,13005.3
ACCT00156,2,Current,1671.67
ACCT00157,2,Current,4172.02
ACCT00158,2,Current,6377.76
ACCT00159,2,Current,769.89
ACCT00160,2,Current,6561.39
ACCT00161,2,30DPD,3554.99
ACCT00162,2,Current,5773.14
ACCT00163,2,Current,6480.41
ACCT00164,2,Current,13665.57
ACCT00165,2,Current,4360.45
ACCT00166,2,Current,12686.36
ACCT00167,2,Current,5620.18
ACCT00168,2,Current,4319.03
ACCT00169,2,30DPD,7731.26
ACCT00170,2,Current,5584.28
ACCT00171,2,Current,3595.61
ACCT00172,2,Current,7944.68
ACCT00173,2,60DPD,2508.9
ACCT00174,2,Current,5497.61
ACCT00175,2,Current,7404.84
ACCT00176,2,Current,5436.33
ACCT00177,2,ChargeOff,12393.9
ACCT00178,2,Current,4161.22
ACCT00179,2,Current,13784.7
ACCT00180,2,Current,10615.44
ACCT00181,2,Current,14257.46
ACCT00182,2,30DPD,12591.07
ACCT00183,2,Current,2176.62
ACCT00184,2,Current,7027.22
ACCT00185,2,Current,2462.58
ACCT00186,2,Current,11723.92
ACCT00187,2,Current,8563.49
ACCT00188,2,Current,4077.4
ACCT00189,2,Current,14366.44
ACCT00190,2,Current,1817.9
ACCT00191,2,Current,7648.05
ACCT00192,2,Current,11071.48
ACCT00193,2,Current,975.27
ACCT00194,2,Current,8994.23
ACCT00195,2,Current,10927.55
ACCT00196,2,Current,1143.98
ACCT00197,2,Current,7173.23
ACCT00198,2,Current,3567.88
ACCT00199,2,Current,8823.97
ACCT00200,2,Current,1975.21
ACCT00201,2,90DPD,12012.76
ACCT00202,2,Current,12684.76
ACCT00203,2,Current,3052.34
ACCT00204,2,Current,5108.97
ACCT00205,2,Current,8223.1
ACCT00206,2,Current,10811.06
ACCT00207,2,Current,6085.66
ACCT00208,2,Current,2404.91
ACCT00209,2,Current,1481.0
ACCT00210,2,Current,13661.7
ACCT00211,2,Current,6749.9
ACCT00212,2,Current,12699.63
ACCT00213,2,Current,6512.4
ACCT00214,2,Current,12429.41
ACCT00215,2,Current,1366.38
ACCT00216,2,Current,1918.2
ACCT00217,2,Current,13472.33
ACCT00218,2,30DPD,14446.87
ACCT00219,2,Current,4417.1
ACCT00220,2,Current,4682.58
ACCT00221,2,Current,7072.69
ACCT00222,2,Current,5544.75
ACCT00223,2,30DPD,2790.54
ACCT00224,2,Current,12968.86
ACCT00225,2,Current,4021.8
ACCT00226,2,30DPD,10432.52
ACCT00227,2,Current,1140.89
ACCT00228,2,Current,680.54
ACCT00229,2,Current,8482.69
ACCT00230,2,Current,4874.04
ACCT00231,2,Current,9063.53
ACCT00232,2,90DPD,1408.46
ACCT00233,2,Current,12591.15
ACCT00234,2,60DPD,11823.63
ACCT00235,2,Current,13578.61
ACCT00236,2,Current,2174.44
ACCT00237,2,Current,4687.17
ACCT00238,2,Current,5409.97
ACCT00239,2,Current,8278.11
ACCT00240,2,30DPD,4326.48
ACCT00241,2,Current,1106.2
ACCT00242,2,Current,5788.94
ACCT00243,2,Current,3987.83
ACCT00244,2,Current,5365.86
ACCT00245,2,Current,2974.78
ACCT00246,2,Current,4276.71
ACCT00247,2,Current,8571.55
ACCT00248,2,Current,5622.38
ACCT00249,2,Current,5424.49
ACCT00250,2,Current,6917.08
ACCT00251,2,Current,11316.85
ACCT00252,2,Current,5087.9
ACCT00253,2,Current,8293.35
ACCT00254,2,Current,14518.09
ACCT00255,2,Current,7670.09
ACCT00256,2,Current,14013.26
ACCT00257,2,Current,10427.41
ACCT00258,2,Current,1000.88
ACCT00259,2,Current,6567.94
ACCT00260,2,Current,9133.47
ACCT00261,2,Current,14872.55
ACCT00262,2,Current,6960.71
ACCT00263,2,Current,1565.1
ACCT00264,2,60DPD,7639.33
ACCT00265,2,Current,2081.69
ACCT00266,2,Current,11105.04
ACCT00267,2,Current,7332.81
ACCT00268,2,Current,10724.02
ACCT00269,2,Current,11476.18
ACCT00270,2,Current,8174.72
ACCT00271,2,Current,9708.15
ACCT00272,2,Current,10470.78
ACCT00273,2,Current,13251.11
ACCT00274,2,Current,12998.54
ACCT00275,2,Current,638.71
ACCT00276,2,Current,7169.62
ACCT00277,2,Current,3060.96
ACCT00278,2,Current,12984.21
ACCT00279,2,Current,8374.81
ACCT00280,2,Current,6727.61
ACCT00281,2,Current,2700.01
ACCT00282,2,Current,4602.29
ACCT00283,2,Current,10626.58
ACCT00284,2,Current,3097.97
ACCT00285,2,Current,1443.47
ACCT00286,2,Current,11775.71
ACCT00287,2,Current,11737.45
ACCT00288,2,Current,3202.03
ACCT00289,2,Current,4290.15
ACCT00290,2,Current,14376.31
ACCT00291,2,Current,10894.45
ACCT00292,2,60DPD,9091.68
ACCT00293,2,Current,4520.73
ACCT00294,2,Current,4528.74
ACCT00295,2,60DPD,704.17
ACCT00296,2,60DPD,10937.21
ACCT00297,2,Current,748.61
ACCT00298,2,30DPD,254.74
ACCT00299,2,Current,10076.04
ACCT00300,2,Current,13881.79
ACCT00301,2,Current,11935.49
ACCT00302,2,Current,7108.36
ACCT00303,2,Current,7551.92
ACCT00304,2,Current,5798.18
ACCT00305,2,30DPD,5118.97
ACCT00306,2,Current,7802.82
ACCT00307,2,Current,6019.18
ACCT00308,2,Current,7941.24
ACCT00309,2,Current,12673.46
ACCT00310,2,Current,13330.11
ACCT00311,2,Current,1334.98
ACCT00312,2,Current,5138.11
ACCT00313,2,Current,2931.63
ACCT00314,2,Current,4810.87
ACCT00315,2,Current,4029.57
ACCT00316,2,Current,2547.12
ACCT00317,2,Current,11274.73
ACCT00318,2,Current,6926.93
ACCT00319,2,60DPD,12219.62
ACCT00320,2,Current,607.4
ACCT00321,2,Current,1125.46
ACCT00322,2,Current,5579.9
ACCT00323,2,30DPD,1434.85
ACCT00324,2,Current,3728.62
ACCT00325,2,Current,15072.58
ACCT00326,2,Current,2881.84
ACCT00327,2,Current,2923.37
ACCT00328,2,Current,8919.44
ACCT00329,2,Current,7304.35
ACCT00330,2,Current,8678.2
ACCT00331,2,Current,5434.65
ACCT00332,2,Current,12011.4
ACCT00333,2,Current,2278.41
ACCT00334,2,Current,6703.58
ACCT00335,2,Current,9175.11
ACCT00336,2,Current,11183.54
ACCT00337,2,Current,5567.74
ACCT00338,2,Current,7503.85
ACCT00339,2,Current,1058.75
ACCT00340,2,Current,2826.35
ACCT00341,2,Current,1225.71
ACCT00342,2,Current,11514.49
ACCT00343,2,Current,4048.66
ACCT00344,2,Current,11144.01
ACCT00345,2,Current,1116.85
ACCT00346,2,Current,12906.11
ACCT00347,2,Current,11686.12
ACCT00348,2,Current,1410.08
ACCT00349,2,Current,526.76
ACCT00350,2,Current,1080.08
ACCT00351,2,Current,11787.3
ACCT00352,2,Current,3220.94
ACCT00353,2,Current,7211.03
ACCT00354,2,Current,5750.0
ACCT00355,2,Current,12078.14
ACCT00356,2,Current,7230.31
ACCT00357,2,Current,7331.15
ACCT00358,2,Current,13635.94
ACCT00359,2,Current,2304.02
ACCT00360,2,Current,11736.75
ACCT00361,2,Current,872.65
ACCT00362,2,Current,6280.82
ACCT00363,2,Current,13462.32
ACCT00364,2,Current,9754.21
ACCT00365,2,Current,9444.51
ACCT00366,2,Current,3763.81
ACCT00367,2,Current,6598.65
ACCT00368,2,Current,5548.67
ACCT00369,2,Current,6937.51
ACCT00370,2,Current,6279.75
ACCT00371,2,Current,5067.46
ACCT00372,2,Current,4080.54
ACCT00373,2,Current,3672.53
ACCT00374,2,Current,5735.91
ACCT00375,2,Current,2151.42
ACCT00376,2,30DPD,12095.56
ACCT00377,2,Current,9428.67
ACCT00378,2,Current,2034.03
ACCT00379,2,30DPD,9035.3
ACCT00380,2,Current,12112.43
ACCT00381,2,30DPD,3843.32
ACCT00382,2,Current,2277.52
ACCT00383,2,Current,321.56
ACCT00384,2,Current,802.96
ACCT00385,2,ChargeOff,11481.32
ACCT00386,2,Current,13765.74
ACCT00387,2,Current,811.78
ACCT00388,2,Current,9749.8
ACCT00389,2,Current,1094.73
ACCT00390,2,Current,8794.14
ACCT00391,2,Current,11954.05
ACCT00392,2,Current,5334.53
ACCT00393,2,30DPD,370.37
ACCT00394,2,Current,9008.07
ACCT00395,2,Current,14675.77
ACCT00396,2,Current,3424.33
ACCT00397,2,Current,3127.88
ACCT00398,2,Current,1802.81
ACCT00399,2,Current,7961.9
ACCT00400,2,Current,9041.83
ACCT00401,2,Current,10634.61
ACCT00402,2,Current,10693.41
ACCT00403,2,Current,13355.12
ACCT00404,2,ChargeOff,12125.44
ACCT00405,2,Current,3617.36
ACCT00406,2,Current,8035.14
ACCT00407,2,Current,4378.71
ACCT00408,2,30DPD,4753.65
ACCT00409,2,ChargeOff,13992.78
ACCT00410,2,Current,9778.71
ACCT00411,2,Current,14045.96
ACCT00412,2,Current,5764.68
ACCT00413,2,Current,8079.11
ACCT00414,2,Current,6893.87
ACCT00415,2,Current,1667.7
ACCT00416,2,Current,3820.93
ACCT00417,2,Current,7287.2
ACCT00418,2,Current,1194.78
ACCT00419,2,Current,14199.75
ACCT00420,2,Current,1732.33
ACCT00421,2,Current,2758.26
ACCT00422,2,Current,10777.47
ACCT00423,2,Current,1529.71
ACCT00424,2,Current,12310.9
ACCT00425,2,Current,10734.51
ACCT00426,2,Current,1221.77
ACCT00427,2,Current,10400.44
ACCT00428,2,Current,8355.21
ACCT00429,2,Current,11864.15
ACCT00430,2,30DPD,12158.94
ACCT00431,2,Current,9810.62
ACCT00432,2,Current,9117.21
ACCT00433,2,Current,4997.51
ACCT00434,2,Current,9184.22
ACCT00435,2,Current,12892.0
ACCT00436,2,Current,8691.32
ACCT00437,2,Current,9018.11
ACCT00438,2,Current,6448.7
ACCT00439,2,Current,10945.03
ACCT00440,2,Current,14757.25
ACCT00441,2,Current,2374.79
ACCT00442,2,Current,3097.71
ACCT00443,2,Current,7513.11
ACCT00444,2,Current,7464.19
ACCT00445,2,Current,8564.05
ACCT00446,2,90DPD,972.56
ACCT00447,2,Current,5602.71
ACCT00448,2,Current,7978.31
ACCT00449,2,Current,8383.96
ACCT00450,2,Current,9444.77
ACCT00451,2,Current,10951.27
ACCT00452,2,Current,8800.05
ACCT00453,2,Current,12201.04
ACCT00454,2,Current,9110.47
ACCT00455,2,Current,7130.33
ACCT00456,2,ChargeOff,9171.71
ACCT00457,2,Current,1483.95
ACCT00458,2,Current,3935.03
ACCT00459,2,30DPD,7323.41
ACCT00460,2,Current,13117.13
ACCT00461,2,Current,10599.28
ACCT00462,2,Current,1427.2
ACCT00463,2,Current,8115.3
ACCT00464,2,Current,3289.8
ACCT00465,2,Current,9882.12
ACCT00466,2,Current,12363.15
ACCT00467,2,Current,8997.02
ACCT00468,2,Current,9019.42
ACCT00469,2,Current,5087.16
ACCT00470,2,Current,6278.92
ACCT00471,2,Current,12681.41
ACCT00472,2,Current,11141.44
ACCT00473,2,Current,7648.03
ACCT00474,2,30DPD,5402.95
ACCT00475,2,Current,916.34
ACCT00476,2,Current,2272.77
ACCT00477,2,Current,2737.53
ACCT00478,2,Current,5139.62
ACCT00479,2,30DPD,12693.03
ACCT00480,2,Current,7843.11
ACCT00481,2,Current,3389.6
ACCT00482,2,Current,1556.38
ACCT00483,2,Current,4932.37
ACCT00484,2,Current,11010.33
ACCT00485,2,Current,5427.62
ACCT00486,2,Current,9960.61
ACCT00487,2,Current,11782.03
ACCT00488,2,Current,1680.81
ACCT00489,2,Current,8899.08
ACCT00490,2,Current,13574.42
ACCT00491,2,Current,6227.78
ACCT00492,2,Current,984.63
ACCT00493,2,Current,12646.82
ACCT00494,2,Current,12102.34
ACCT00495,2,Current,7742.35
ACCT00496,2,Current,8657.03
ACCT00497,2,Current,2838.29
ACCT00498,2,Current,12213.89
ACCT00499,2,Current,7345.08
ACCT00500,2,Current,619.8
ACCT00501,2,Current,9490.5
ACCT00502,2,30DPD,12749.73
ACCT00503,2,Current,12513.48
ACCT00504,2,Current,3694.89
ACCT00505,2,Current,993.96
ACCT00506,2,Current,13981.34
ACCT00507,2,Current,12619.32
ACCT00508,2,Current,7198.03
ACCT00509,2,Current,8632.72
ACCT00510,2,Current,6703.38
ACCT00511,2,Current,6221.24
ACCT00512,2,Current,2034.54
ACCT00513,2,Current,1674.08
ACCT00514,2,Current,3560.62
ACCT00515,2,Current,11789.31
ACCT00516,2,Current,2283.8
ACCT00517,2,Current,3027.17
ACCT00518,2,Current,7148.81
ACCT00519,2,Current,3292.57
ACCT00520,2,Current,2691.69
ACCT00521,2,Current,8766.75
ACCT00522,2,Current,5072.55
ACCT00523,2,Current,8645.85
ACCT00524,2,Current,12319.02
ACCT00525,2,30DPD,2181.32
ACCT00526,2,60DPD,12097.58
ACCT00527,2,ChargeOff,13556.85
ACCT00528,2,Current,11651.65
ACCT00529,2,Current,8341.15
ACCT00530,2,Current,8486.65
ACCT00531,2,Current,9273.23
ACCT00532,2,Current,8972.06
ACCT00533,2,Current,391.66
ACCT00534,2,Current,12639.57
ACCT00535,2,Current,8446.56
ACCT00536,2,Current,10842.06
ACCT00537,2,Current,5498.26
ACCT00538,2,Current,352.31
ACCT00539,2,Current,7365.75
ACCT00540,2,ChargeOff,7706.41
ACCT00541,2,Current,6318.04
ACCT00542,2,Current,4809.59
ACCT00543,2,ChargeOff,3897.43
ACCT00544,2,Current,7737.57
ACCT00545,2,Current,4950.36
ACCT00546,2,Current,13575.74
ACCT00547,2,Current,2575.17
ACCT00548,2,Current,4477.86
ACCT00549,2,Current,4558.68
ACCT00550,2,Current,7605.36
ACCT00551,2,30DPD,7294.3
ACCT00552,2,Current,9520.09
ACCT00553,2,60DPD,14578.95
ACCT00554,2,Current,4018.54
ACCT00555,2,Current,10169.54
ACCT00556,2,Current,536.42
ACCT00557,2,Current,3706.11
ACCT00558,2,Current,7185.5
ACCT00559,2,Current,640.56
ACCT00560,2,Current,9689.1
ACCT00561,2,Current,10600.21
ACCT00562,2,Current,11289.21
ACCT00563,2,Current,7462.68
ACCT00564,2,Current,8328.42
ACCT00565,2,Current,5824.51
ACCT00566,2,Current,695.75
ACCT00567,2,Current,1499.21
ACCT00568,2,Current,10342.29
ACCT00569,2,Current,13217.34
ACCT00570,2,Current,410.26
ACCT00571,2,Current,8029.69
ACCT00572,2,Current,9707.95
ACCT00573,2,Current,12667.01
ACCT00574,2,Current,7959.7
ACCT00575,2,Current,9711.17
ACCT00576,2,Current,10690.11
ACCT00577,2,Current,12224.03
ACCT00578,2,Current,1819.67
ACCT00579,2,Current,12066.04
ACCT00580,2,Current,522.73
ACCT00581,2,Current,10698.76
ACCT00582,2,Current,1292.89
ACCT00583,2,Current,2804.34
ACCT00584,2,60DPD,267.4
ACCT00585,2,Current,6335.03
ACCT00586,2,Current,5131.52
ACCT00587,2,Current,2654.72
ACCT00588,2,Current,6301.03
ACCT00589,2,Current,6002.05
ACCT00590,2,60DPD,9935.52
ACCT00591,2,Current,11535.72
ACCT00592,2,Current,8387.74
ACCT00593,2,Current,1950.77
ACCT00594,2,Current,4237.96
ACCT00595,2,Current,13508.31
ACCT00596,2,Current,1548.43
ACCT00597,2,Current,5948.31
ACCT00598,2,ChargeOff,14149.07
ACCT00599,2,Current,13865.77
ACCT00600,2,Current,5496.82
ACCT00601,2,Current,10340.2
ACCT00602,2,60DPD,6532.57
ACCT00603,2,Current,11358.73
ACCT00604,2,90DPD,601.64
ACCT00605,2,Current,2062.94
ACCT00606,2,Current,8212.72
ACCT00607,2,Current,3133.45
ACCT00608,2,Current,8695.7
ACCT00609,2,Current,5075.5
ACCT00610,2,Current,13889.07
ACCT00611,2,Current,11473.98
ACCT00612,2,60DPD,6932.12
ACCT00613,2,Current,10574.7
ACCT00614,2,Current,3667.17
ACCT00615,2,Current,6536.23
ACCT00616,2,Current,2954.43
ACCT00617,2,Current,11356.18
ACCT00618,2,Current,11002.05
ACCT00619,2,Current,13688.01
ACCT00620,2,Current,12279.27
ACCT00621,2,Current,14293.96
ACCT00622,2,ChargeOff,3579.38
ACCT00623,2,Current,12193.69
ACCT00624,2,60DPD,8333.46
ACCT00625,2,Current,5863.48
ACCT00626,2,Current,7663.37
ACCT00627,2,Current,5168.33
ACCT00628,2,Current,3980.12
ACCT00629,2,Current,3825.66
ACCT00630,2,30DPD,1224.59
ACCT00631,2,Current,7630.74
ACCT00632,2,Current,13674.52
ACCT00633,2,Current,8903.05
ACCT00634,2,Current,7030.8
ACCT00635,2,Current,6327.34
ACCT00636,2,Current,7265.06
ACCT00637,2,Current,2835.51
ACCT00638,2,Current,12676.2
ACCT00639,2,Current,2973.24
ACCT00640,2,30DPD,11076.69
ACCT00641,2,Current,11698.97
ACCT00642,2,Current,8719.33
ACCT00643,2,Current,12892.66
ACCT00644,2,Current,4490.77
ACCT00645,2,30DPD,12062.68
ACCT00646,2,30DPD,10178.05
ACCT00647,2,Current,10488.24
ACCT00648,2,Current,9644.03
ACCT00649,2,Current,12365.61
ACCT00650,2,Current,13999.1
ACCT00651,2,Current,6313.36
ACCT00652,2,Current,11838.15
ACCT00653,2,30DPD,10078.53
ACCT00654,2,Current,5994.88
ACCT00655,2,Current,13538.47
ACCT00656,2,Current,5536.93
ACCT00657,2,Current,8367.06
ACCT00658,2,30DPD,1606.9
ACCT00659,2,Current,3209.83
ACCT00660,2,Current,11380.38
ACCT00661,2,Current,5933.29
ACCT00662,2,Current,5605.42
ACCT00663,2,Current,3969.52
ACCT00664,2,Current,6845.09
ACCT00665,2,Current,11845.21
ACCT00666,2,Current,11541.85
ACCT00667,2,ChargeOff,1237.69
ACCT00668,2,Current,8450.09
ACCT00669,2,Current,6671.3
ACCT00670,2,Current,9320.81
ACCT00671,2,Current,6133.29
ACCT00672,2,ChargeOff,6099.94
ACCT00673,2,Current,7220.62
ACCT00674,2,Current,8665.26
ACCT00675,2,Current,6894.41
ACCT00676,2,Current,6170.44
ACCT00677,2,Current,11891.61
ACCT00678,2,Current,9706.24
ACCT00679,2,Current,5251.08
ACCT00680,2,Current,10732.31
ACCT00681,2,Current,12842.14
ACCT00682,2,Current,2422.72
ACCT00683,2,Current,9138.37
ACCT00684,2,Current,4127.78
ACCT00685,2,Current,11293.65
ACCT00686,2,Current,3231.62
ACCT00687,2,Current,10441.25
ACCT00688,2,Current,4136.34
ACCT00689,2,Current,7817.82
ACCT00690,2,Current,13003.08
ACCT00691,2,Current,6132.04
ACCT00692,2,Current,12759.09
ACCT00693,2,Current,14604.78
ACCT00694,2,Current,13073.06
ACCT00695,2,Current,2696.78
ACCT00696,2,Current,12199.51
ACCT00697,2,Current,599.98
ACCT00698,2,Current,6055.91
ACCT00699,2,Current,11623.12
ACCT00700,2,Current,10768.08
ACCT00701,2,Current,7498.72
ACCT00702,2,30DPD,5600.25
ACCT00703,2,Current,11394.92
ACCT00704,2,Current,9793.33
ACCT00705,2,Current,6120.79
ACCT00706,2,Current,11937.03
ACCT00707,2,Current,3168.35
ACCT00708,2,Current,2710.55
ACCT00709,2,Current,8573.94
ACCT00710,2,ChargeOff,14585.52
ACCT00711,2,Current,3487.08
ACCT00712,2,Current,3568.87
ACCT00713,2,Current,2254.31
ACCT00714,2,Current,11076.81
ACCT00715,2,30DPD,3123.01
ACCT00716,2,Current,7088.49
ACCT00717,2,Current,14970.29
ACCT00718,2,Current,393.54
ACCT00719,2,30DPD,8774.53
ACCT00720,2,Current,8058.66
ACCT00721,2,Current,11195.96
ACCT00722,2,Current,5357.77
ACCT00723,2,Current,6250.06
ACCT00724,2,Current,2728.44
ACCT00725,2,Current,11597.11
ACCT00726,2,Current,10346.82
ACCT00727,2,Current,2253.16
ACCT00728,2,Current,6276.78
ACCT00729,2,Current,13620.64
ACCT00730,2,Current,229.86
ACCT00731,2,Current,3933.8
ACCT00732,2,Current,8410.43
ACCT00733,2,Current,5331.5
ACCT00734,2,Current,3742.99
ACCT00735,2,Current,6226.29
ACCT00736,2,Current,2849.2
ACCT00737,2,Current,7003.45
ACCT00738,2,Current,9177.92
ACCT00739,2,Current,8794.8
ACCT00740,2,Current,1504.92
ACCT00741,2,Current,12399.04
ACCT00742,2,Current,2898.18
ACCT00743,2,Current,11364.62
ACCT00744,2,Current,4937.99
ACCT00745,2,Current,11367.91
ACCT00746,2,30DPD,2781.78
ACCT00747,2,Current,2725.81
ACCT00748,2,Current,7758.24
ACCT00749,2,Current,705.4
ACCT00750,2,Current,3295.55
ACCT00751,2,Current,9960.53
ACCT00752,2,Current,11301.57
ACCT00753,2,Current,1426.45
ACCT00754,2,Current,13822.91
ACCT00755,2,Current,10259.25
ACCT00756,2,Current,11558.2
ACCT00757,2,30DPD,9193.76
ACCT00758,2,Current,10431.7
ACCT00759,2,Current,7044.3
ACCT00760,2,Current,9932.19
ACCT00761,2,Current,12011.61
ACCT00762,2,Current,1592.57
ACCT00763,2,Current,4249.69
ACCT00764,2,60DPD,1126.28
ACCT00765,2,Current,12468.61
ACCT00766,2,Current,6373.94
ACCT00767,2,Current,9541.44
ACCT00768,2,Current,11463.91
ACCT00769,2,Current,13547.66
ACCT00770,2,Current,2700.53
ACCT00771,2,Current,11053.65
ACCT00772,2,Current,12717.34
ACCT00773,2,Current,939.9
ACCT00774,2,Current,10333.26
ACCT00775,2,Current,5035.08
ACCT00776,2,Current,10214.36
ACCT00777,2,Current,7571.23
ACCT00778,2,Current,3882.94
ACCT00779,2,Current,2298.83
ACCT00780,2,Current,1900.28
ACCT00781,2,30DPD,1569.35
ACCT00782,2,Current,8868.59
ACCT00783,2,Current,5305.92
ACCT00784,2,ChargeOff,3406.17
ACCT00785,2,Current,9568.97
ACCT00786,2,Current,9120.02
ACCT00787,2,Current,7547.97
ACCT00788,2,Current,12422.19
ACCT00789,2,Current,5310.32
ACCT00790,2,Current,11077.78
ACCT00791,2,Current,1345.98
ACCT00792,2,Current,9518.89
ACCT00793,2,Current,15163.35
ACCT00794,2,Current,11146.5
ACCT00795,2,30DPD,8650.4
ACCT00796,2,Current,9480.19
ACCT00797,2,Current,5031.92
ACCT00798,2,Current,10188.6
ACCT00799,2,Current,12067.29
ACCT00800,2,Current,13610.03
ACCT00801,2,Current,7284.34
ACCT00802,2,Current,1116.41
ACCT00803,2,Current,7682.91
ACCT00804,2,Current,1915.89
ACCT00805,2,Current,3565.44
ACCT00806,2,Current,4787.31
ACCT00807,2,Current,9514.68
ACCT00808,2,Current,3014.05
ACCT00809,2,ChargeOff,2653.14
ACCT00810,2,Current,745.61
ACCT00811,2,Current,12281.79
ACCT00812,2,ChargeOff,10463.88
ACCT00813,2,Current,785.02
ACCT00814,2,Current,606.56
ACCT00815,2,Current,7582.32
ACCT00816,2,Current,4456.55
ACCT00817,2,Current,7800.98
ACCT00818,2,Current,6050.86
ACCT00819,2,Current,13489.46
ACCT00820,2,Current,4332.65
ACCT00821,2,Current,10289.75
ACCT00822,2,Current,910.74
ACCT00823,2,Current,12710.55
ACCT00824,2,Current,12717.27
ACCT00825,2,Current,10957.18
ACCT00826,2,Current,7030.46
ACCT00827,2,Current,3326.45
ACCT00828,2,Current,12340.09
ACCT00829,2,Current,10266.93
ACCT00830,2,Current,3120.78
ACCT00831,2,Current,5958.08
ACCT00832,2,Current,6249.64
ACCT00833,2,Current,11672.35
ACCT00834,2,Current,9516.66
ACCT00835,2,Current,8655.48
ACCT00836,2,Current,9914.57
ACCT00837,2,30DPD,4200.2
ACCT00838,2,Current,4863.68
ACCT00839,2,Current,767.21
ACCT00840,2,Current,11718.88
ACCT00841,2,Current,6795.9
ACCT00842,2,Current,6795.96
ACCT00843,2,Current,3922.34
ACCT00844,2,Current,3166.98
ACCT00845,2,Current,9173.5
ACCT00846,2,Current,3516.55
ACCT00847,2,Current,1062.88
ACCT00848,2,Current,10687.59
ACCT00849,2,Current,5580.18
ACCT00850,2,Current,4971.07
ACCT00851,2,Current,5853.11
ACCT00852,2,Current,12611.02
ACCT00853,2,30DPD,4310.6
ACCT00854,2,Current,11660.12
ACCT00855,2,Current,12810.68
ACCT00856,2,Current,10281.64
ACCT00857,2,Current,5671.33
ACCT00858,2,Current,9796.26
ACCT00859,2,Current,6988.88
ACCT00860,2,Current,5908.61
ACCT00861,2,Current,8116.62
ACCT00862,2,Current,4770.99
ACCT00863,2,Current,1673.36
ACCT00864,2,30DPD,6258.72
ACCT00865,2,Current,1808.75
ACCT00866,2,Current,6584.19
ACCT00867,2,Current,7345.63
ACCT00868,2,Current,12058.21
ACCT00869,2,Current,756.53
ACCT00870,2,Current,9644.86
ACCT00871,2,Current,6378.21
ACCT00872,2,90DPD,454.75
ACCT00873,2,Current,3999.52
ACCT00874,2,Current,2010.5
ACCT00875,2,Current,3546.46
ACCT00876,2,Current,4193.75
ACCT00877,2,Current,5685.95
ACCT00878,2,Current,7853.67
ACCT00879,2,Current,220.96
ACCT00880,2,Current,2241.43
ACCT00881,2,Current,1649.43
ACCT00882,2,60DPD,8697.6
ACCT00883,2,Current,4697.59
ACCT00884,2,Current,8321.09
ACCT00885,2,Current,3385.11
ACCT00886,2,Current,529.91
ACCT00887,2,Current,12162.65
ACCT00888,2,Current,1860.98
ACCT00889,2,Current,2153.06
ACCT00890,2,Current,2209.37
ACCT00891,2,Current,14329.22
ACCT00892,2,Current,9334.41
ACCT00893,2,Current,9464.66
ACCT00894,2,Current,14142.98
ACCT00895,2,Current,1293.89
ACCT00896,2,Current,14034.73
ACCT00897,2,Current,2792.9
ACCT00898,2,30DPD,9881.88
ACCT00899,2,Current,6566.19
ACCT00900,2,Current,5867.86
ACCT00901,2,Current,14163.24
ACCT00902,2,Current,2270.33
ACCT00903,2,Current,14779.25
ACCT00904,2,Current,5072.1
ACCT00905,2,Current,9557.73
ACCT00906,2,Current,14981.87
ACCT00907,2,Current,978.01
ACCT00908,2,Current,13457.18
ACCT00909,2,Current,8284.16
ACCT00910,2,Current,10575.99
ACCT00911,2,Current,2446.62
ACCT00912,2,Current,8102.15
ACCT00913,2,90DPD,8794.7
ACCT00914,2,ChargeOff,6952.46
ACCT00915,2,60DPD,2380.88
ACCT00916,2,Current,3469.98
ACCT00917,2,Current,11819.3
ACCT00918,2,Current,702.49
ACCT00919,2,Current,10628.98
ACCT00920,2,Current,13840.32
ACCT00921,2,Current,306.82
ACCT00922,2,Current,2467.42
ACCT00923,2,Current,10016.41
ACCT00924,2,Current,997.11
ACCT00925,2,Current,8570.79
ACCT00926,2,Current,10579.2
ACCT00927,2,Current,8411.9
ACCT00928,2,Current,5186.61
ACCT00929,2,Current,9511.43
ACCT00930,2,Current,8477.91
ACCT00931,2,Current,3398.29
ACCT00932,2,Current,7425.11
ACCT00933,2,Current,13901.22
ACCT00934,2,Current,8606.49
ACCT00935,2,Current,6167.4
ACCT00936,2,60DPD,4792.22
ACCT00937,2,Current,1413.58
ACCT00938,2,Current,3707.12
ACCT00939,2,Current,357.96
ACCT00940,2,Current,14574.19
ACCT00941,2,Current,3546.01
ACCT00942,2,Current,10735.73
ACCT00943,2,Current,2635.07
ACCT00944,2,Current,3842.74
ACCT00945,2,Current,5643.6
ACCT00946,2,Current,4858.55
ACCT00947,2,Current,11925.47
ACCT00948,2,Current,13113.44
ACCT00949,2,Current,13246.98
ACCT00950,2,30DPD,2345.6
ACCT00951,2,Current,10550.21
ACCT00952,2,Current,2433.95
ACCT00953,2,Current,14311.97
ACCT00954,2,30DPD,7499.28
ACCT00955,2,Current,4430.2
ACCT00956,2,Current,2204.24
ACCT00957,2,Current,358.22
ACCT00958,2,Current,3934.04
ACCT00959,2,Current,12048.27
ACCT00960,2,Current,11315.2
ACCT00961,2,Current,14219.48
ACCT00962,2,Current,1536.43
ACCT00963,2,Current,9342.85
ACCT00964,2,Current,3828.78
ACCT00965,2,Current,7435.27
ACCT00966,2,30DPD,4990.12
ACCT00967,2,Current,4499.72
ACCT00968,2,Current,8198.72
ACCT00969,2,Current,2911.28
ACCT00970,2,Current,6873.87
ACCT00971,2,Current,9968.49
ACCT00972,2,Current,2150.55
ACCT00973,2,Current,14650.36
ACCT00974,2,Current,7007.6
ACCT00975,2,Current,11139.34
ACCT00976,2,Current,8869.89
ACCT00977,2,Current,10505.86
ACCT00978,2,Current,10675.07
ACCT00979,2,Current,11567.33
ACCT00980,2,ChargeOff,9281.36
ACCT00981,2,Current,3898.11
ACCT00982,2,Current,1645.12
ACCT00983,2,Current,8992.82
ACCT00984,2,Current,1112.46
ACCT00985,2,30DPD,3239.85
ACCT00986,2,Current,1074.53
ACCT00987,2,Current,7200.33
ACCT00988,2,Current,2345.99
ACCT00989,2,Current,8136.28
ACCT00990,2,Current,10858.14
ACCT00991,2,Current,11104.34
ACCT00992,2,Current,4338.0
ACCT00993,2,Current,8406.47
ACCT00994,2,Current,7332.55
ACCT00995,2,Current,7552.06
ACCT00996,2,30DPD,8848.77
ACCT00997,2,Current,3041.21
ACCT00998,2,ChargeOff,14692.8
ACCT00999,2,Current,1569.29
ACCT01000,2,Current,12665.53
ACCT01001,2,Current,8843.51
ACCT01002,2,Current,3282.95
ACCT01003,2,Current,11685.51
ACCT01004,2,Current,1264.16
ACCT01005,2,Current,12159.04
ACCT01006,2,60DPD,8613.74
ACCT01007,2,Current,1776.82
ACCT01008,2,Current,1407.31
ACCT01009,2,Current,10646.03
ACCT01010,2,Current,4371.43
ACCT01011,2,Current,11520.32
ACCT01012,2,Current,11261.44
ACCT01013,2,60DPD,10602.39
ACCT01014,2,Current,4332.08
ACCT01015,2,Current,9110.2
ACCT01016,2,Current,12440.65
ACCT01017,2,Current,1370.47
ACCT01018,2,Current,5021.02
ACCT01019,2,30DPD,3841.36
ACCT01020,2,Current,5277.13
ACCT01021,2,Current,11384.83
ACCT01022,2,ChargeOff,7218.79
ACCT01023,2,Current,7551.77
ACCT01024,2,Current,4290.66
ACCT01025,2,Current,2156.36
ACCT01026,2,Current,3545.15
ACCT01027,2,30DPD,13250.63
ACCT01028,2,Current,8267.21
ACCT01029,2,Current,5418.61
ACCT01030,2,Current,10120.33
ACCT01031,2,Current,1210.9
ACCT01032,2,Current,3671.26
ACCT01033,2,Current,3133.98
ACCT01034,2,Current,14050.53
ACCT01035,2,Current,10213.67
ACCT01036,2,Current,8362.65
ACCT01037,2,Current,234.8
ACCT01038,2,Current,2822.67
ACCT01039,2,Current,9868.84
ACCT01040,2,Current,5416.12
ACCT01041,2,Current,12911.73
ACCT01042,2,Current,11794.41
ACCT01043,2,Current,6106.68
ACCT01044,2,Current,9907.13
ACCT01045,2,Current,12587.96
ACCT01046,2,Current,6226.15
ACCT01047,2,Current,9269.48
ACCT01048,2,Current,12713.87
ACCT01049,2,Current,3962.77
ACCT01050,2,Current,11410.98
ACCT01051,2,Current,1424.49
ACCT01052,2,Current,9895.74
ACCT01053,2,Current,10587.39
ACCT01054,2,Current,9257.58
ACCT01055,2,Current,6579.34
ACCT01056,2,30DPD,9069.65
ACCT01057,2,30DPD,2261.06
ACCT01058,2,Current,3246.38
ACCT01059,2,Current,3682.45
ACCT01060,2,30DPD,8047.91
ACCT01061,2,Current,6854.94
ACCT01062,2,Current,3983.76
ACCT01063,2,30DPD,11618.66
ACCT01064,2,Current,5562.39
ACCT01065,2,Current,6301.59
ACCT01066,2,Current,6516.69
ACCT01067,2,Current,2900.09
ACCT01068,2,Current,9664.59
ACCT01069,2,Current,5812.18
ACCT01070,2,Current,406.62
ACCT01071,2,Current,13286.01
ACCT01072,2,Current,11212.5
ACCT01073,2,Current,9284.2
ACCT01074,2,Current,11407.91
ACCT01075,2,Current,13324.33
ACCT01076,2,Current,4689.34
ACCT01077,2,Current,8312.26
ACCT01078,2,30DPD,8179.75
ACCT01079,2,Current,3902.55
ACCT01080,2,Current,3071.38
ACCT01081,2,Current,1844.4
ACCT01082,2,30DPD,9759.02
ACCT01083,2,Current,10761.4
ACCT01084,2,90DPD,11423.6
ACCT01085,2,Current,4852.53
ACCT01086,2,Current,2935.45
ACCT01087,2,Current,6010.63
ACCT01088,2,Current,7120.47
ACCT01089,2,Current,14303.52
ACCT01090,2,Current,12652.64
ACCT01091,2,Current,13263.87
ACCT01092,2,Current,12534.29
ACCT01093,2,Current,13636.8
ACCT01094,2,Current,7016.45
ACCT01095,2,30DPD,843.89
ACCT01096,2,Current,1344.23
ACCT01097,2,Current,6263.69
ACCT01098,2,Current,3700.04
ACCT01099,2,Current,2541.79
ACCT01100,2,Current,13671.64
ACCT01101,2,Current,3036.9
ACCT01102,2,Current,14335.56
ACCT01103,2,Current,10343.11
ACCT01104,2,Current,9416.63
ACCT01105,2,Current,8952.04
ACCT01106,2,Current,4836.2
ACCT01107,2,Current,9113.88
ACCT01108,2,ChargeOff,2963.04
ACCT01109,2,Current,13261.37
ACCT01110,2,30DPD,4438.74
ACCT01111,2,Current,3824.68
ACCT01112,2,Current,9432.1
ACCT01113,2,60DPD,9212.97
ACCT01114,2,90DPD,5890.53
ACCT01115,2,Current,8187.99
ACCT01116,2,Current,2372.04
ACCT01117,2,Current,9144.01
ACCT01118,2,Current,4022.87
ACCT01119,2,Current,3767.98
ACCT01120,2,Current,2441.47
ACCT01121,2,Current,4929.82
ACCT01122,2,Current,4857.34
ACCT01123,2,Current,6555.74
ACCT01124,2,Current,2838.47
ACCT01125,2,Current,3153.06
ACCT01126,2,Current,8330.31
ACCT01127,2,Current,1939.67
ACCT01128,2,Current,9711.12
ACCT01129,2,ChargeOff,14170.42
ACCT01130,2,ChargeOff,6516.58
ACCT01131,2,Current,13238.76
ACCT01132,2,Current,1419.14
ACCT01133,2,Current,738.33
ACCT01134,2,Current,11284.25
ACCT01135,2,30DPD,11156.5
ACCT01136,2,Current,12888.31
ACCT01137,2,Current,974.16
ACCT01138,2,Current,12078.88
ACCT01139,2,Current,5658.34
ACCT01140,2,Current,4438.23
ACCT01141,2,Current,2835.25
ACCT01142,2,Current,12862.17
ACCT01143,2,Current,1074.44
ACCT01144,2,Current,10759.44
ACCT01145,2,Current,8287.0
ACCT01146,2,Current,10439.51
ACCT01147,2,Current,10397.93
ACCT01148,2,Current,11060.45
ACCT01149,2,Current,2604.85
ACCT01150,2,Current,212.2
ACCT01151,2,Current,9094.01
ACCT01152,2,Current,5045.14
ACCT01153,2,Current,2068.07
ACCT01154,2,Current,2809.87
ACCT01155,2,30DPD,4685.26
ACCT01156,2,Current,1231.94
ACCT01157,2,Current,1075.21
ACCT01158,2,30DPD,12055.91
ACCT01159,2,Current,4871.64
ACCT01160,2,Current,13348.38
ACCT01161,2,30DPD,12893.44
ACCT01162,2,Current,2204.48
ACCT01163,2,Current,10721.65
ACCT01164,2,Current,8988.44
ACCT01165,2,Current,9586.59
ACCT01166,2,Current,1430.99
ACCT01167,2,Current,3111.53
ACCT01168,2,Current,1318.74
ACCT01169,2,Current,8741.72
ACCT01170,2,Current,14028.14
ACCT01171,2,Current,9092.08
ACCT01172,2,Current,10966.33
ACCT01173,2,Current,14321.54
ACCT01174,2,Current,10432.18
ACCT01175,2,Current,739.54
ACCT01176,2,Current,12215.49
ACCT01177,2,30DPD,5327.69
ACCT01178,2,Current,264.38
ACCT01179,2,Current,7209.84
ACCT01180,2,Current,12382.27
ACCT01181,2,Current,4107.13
ACCT01182,2,Current,7669.93
ACCT01183,2,Current,2513.59
ACCT01184,2,Current,1097.0
ACCT01185,2,Current,1321.03
ACCT01186,2,Current,11009.16
ACCT01187,2,ChargeOff,12988.3
ACCT01188,2,Current,2173.77
ACCT01189,2,Current,4243.65
ACCT01190,2,Current,3205.43
ACCT01191,2,Current,564.25
ACCT01192,2,Current,8205.19
ACCT01193,2,90DPD,9247.54
ACCT01194,2,Current,9023.14
ACCT01195,2,Current,5296.18
ACCT01196,2,Current,8333.47
ACCT01197,2,Current,1370.21
ACCT01198,2,30DPD,2460.75
ACCT01199,2,Current,12464.12
ACCT01200,2,Current,11758.74
ACCT01201,2,Current,13060.68
ACCT01202,2,Current,14102.75
ACCT01203,2,Current,9817.11
ACCT01204,2,Current,14293.09
ACCT01205,2,Current,5575.62
ACCT01206,2,30DPD,225.72
ACCT01207,2,Current,1098.13
ACCT01208,2,Current,1595.9
ACCT01209,2,Current,1614.13
ACCT01210,2,Current,4762.53
ACCT01211,2,Current,10713.54
ACCT01212,2,Current,10610.71
ACCT01213,2,Current,8532.42
ACCT01214,2,Current,2355.06
ACCT01215,2,30DPD,10049.09
ACCT01216,2,Current,4864.35
ACCT01217,2,Current,392.97
ACCT01218,2,Current,4524.02
ACCT01219,2,Current,4489.36
ACCT01220,2,Current,3792.83
ACCT01221,2,Current,12071.3
ACCT01222,2,Current,10938.26
ACCT01223,2,Current,10563.13
ACCT01224,2,Current,1928.85
ACCT01225,2,Current,11292.86
ACCT01226,2,Current,8967.86
ACCT01227,2,Current,2893.42
ACCT01228,2,Current,10118.17
ACCT01229,2,Current,6824.19
ACCT01230,2,Current,6118.2
ACCT01231,2,Current,1794.35
ACCT01232,2,Current,8124.17
ACCT01233,2,Current,1700.08
ACCT01234,2,Current,2316.88
ACCT01235,2,Current,2040.04
ACCT01236,2,Current,14351.24
ACCT01237,2,Current,4005.0
ACCT01238,2,Current,4937.02
ACCT01239,2,Current,4963.55
ACCT01240,2,Current,13423.4
ACCT01241,2,Current,8468.54
ACCT01242,2,Current,13772.77
ACCT01243,2,Current,4190.41
ACCT01244,2,Current,1939.56
ACCT01245,2,Current,8408.39
ACCT01246,2,30DPD,5437.49
ACCT01247,2,Current,11723.57
ACCT01248,2,30DPD,12735.58
ACCT01249,2,Current,6180.34
ACCT01250,2,Current,13624.67
ACCT01251,2,Current,7709.92
ACCT01252,2,Current,3969.88
ACCT01253,2,Current,7414.42
ACCT01254,2,30DPD,773.03
ACCT01255,2,Current,11879.15
ACCT01256,2,Current,1783.27
ACCT01257,2,Current,4688.2
ACCT01258,2,Current,7556.61
ACCT01259,2,ChargeOff,836.03
ACCT01260,2,Current,1289.25
ACCT01261,2,Current,9712.92
ACCT01262,2,Current,1303.92
ACCT01263,2,Current,7012.88
ACCT01264,2,Current,5236.67
ACCT01265,2,Current,3713.44
ACCT01266,2,Current,2897.38
ACCT01267,2,90DPD,11582.17
ACCT01268,2,Current,12652.78
ACCT01269,2,Current,2001.48
ACCT01270,2,60DPD,14350.42
ACCT01271,2,Current,8031.3
ACCT01272,2,Current,10121.24
ACCT01273,2,Current,9196.07
ACCT01274,2,Current,9755.21
ACCT01275,2,30DPD,11229.86
ACCT01276,2,Current,7006.58
ACCT01277,2,Current,7323.3
ACCT01278,2,30DPD,4947.34
ACCT01279,2,Current,1651.88
ACCT01280,2,Current,8777.96
ACCT01281,2,Current,663.35
ACCT01282,2,Current,4401.2
ACCT01283,2,Current,1649.77
ACCT01284,2,30DPD,2725.83
ACCT01285,2,60DPD,8273.83
ACCT01286,2,Current,9447.53
ACCT01287,2,Current,6577.6
ACCT01288,2,Current,1562.13
ACCT01289,2,Current,5833.39
ACCT01290,2,Current,5533.43
ACCT01291,2,Current,11135.32
ACCT01292,2,Current,8247.82
ACCT01293,2,Current,6530.5
ACCT01294,2,30DPD,6945.38
ACCT01295,2,Current,13994.43
ACCT01296,2,Current,11089.13
ACCT01297,2,Current,7478.71
ACCT01298,2,Current,7139.62
ACCT01299,2,Current,554.38
ACCT01300,2,Current,13281.99
ACCT01301,2,Current,5139.35
ACCT01302,2,30DPD,4044.32
ACCT01303,2,Current,14989.25
ACCT01304,2,Current,10249.3
ACCT01305,2,Current,766.47
ACCT01306,2,30DPD,1141.31
ACCT01307,2,Current,520.16
ACCT01308,2,Current,8502.31
ACCT01309,2,60DPD,1321.99
ACCT01310,2,Current,12597.05
ACCT01311,2,Current,12218.89
ACCT01312,2,Current,7068.22
ACCT01313,2,Current,8434.1
ACCT01314,2,Current,4503.91
ACCT01315,2,Current,1173.4
ACCT01316,2,Current,9688.64
ACCT01317,2,Current,1694.56
ACCT01318,2,Current,1395.73
ACCT01319,2,Current,5032.27
ACCT01320,2,Current,358.49
ACCT01321,2,Current,5954.58
ACCT01322,2,Current,10798.56
ACCT01323,2,Current,10257.9
ACCT01324,2,Current,7795.11
ACCT01325,2,Current,12458.21
ACCT01326,2,Current,5534.42
ACCT01327,2,Current,12576.15
ACCT01328,2,Current,7897.2
ACCT01329,2,Current,3530.67
ACCT01330,2,Current,12393.32
ACCT01331,2,Current,4307.04
ACCT01332,2,Current,502.4
ACCT01333,2,90DPD,3379.12
ACCT01334,2,60DPD,5489.94
ACCT01335,2,Current,4667.73
ACCT01336,2,Current,8230.54
ACCT01337,2,Current,13033.16
ACCT01338,2,30DPD,4453.68
ACCT01339,2,Current,7545.12
ACCT01340,2,Current,5076.8
ACCT01341,2,30DPD,12456.3
ACCT01342,2,Current,2321.01
ACCT01343,2,Current,1519.19
ACCT01344,2,ChargeOff,7644.33
ACCT01345,2,Current,10074.21
ACCT01346,2,Current,11320.0
ACCT01347,2,Current,9095.64
ACCT01348,2,Current,10652.41
ACCT01349,2,Current,5633.45
ACCT01350,2,Current,602.31
ACCT01351,2,Current,1972.63
ACCT01352,2,Current,727.84
ACCT01353,2,Current,5207.96
ACCT01354,2,Current,7645.49
ACCT01355,2,Current,5038.69
ACCT01356,2,30DPD,8727.94
ACCT01357,2,Current,6911.51
ACCT01358,2,Current,8818.85
ACCT01359,2,Current,10208.31
ACCT01360,2,Current,4445.51
ACCT01361,2,Current,4656.52
ACCT01362,2,Current,8517.6
ACCT01363,2,Current,8797.92
ACCT01364,2,30DPD,4247.83
ACCT01365,2,Current,4828.32
ACCT01366,2,Current,10014.41
ACCT01367,2,Current,8622.25
ACCT01368,2,Current,2245.52
ACCT01369,2,Current,6566.41
ACCT01370,2,Current,13651.24
ACCT01371,2,60DPD,750.68
ACCT01372,2,Current,12083.65
ACCT01373,2,Current,2421.02
ACCT01374,2,60DPD,6750.51
ACCT01375,2,Current,6012.89
ACCT01376,2,Current,316.68
ACCT01377,2,Current,13274.8
ACCT01378,2,Current,6645.44
ACCT01379,2,Current,14455.14
ACCT01380,2,Current,4645.56
ACCT01381,2,Current,12622.02
ACCT01382,2,Current,12693.1
ACCT01383,2,ChargeOff,8441.12
ACCT01384,2,Current,2758.48
ACCT01385,2,Current,8986.62
ACCT01386,2,Current,8093.26
ACCT01387,2,Current,13343.79
ACCT01388,2,60DPD,5718.59
ACCT01389,2,Current,4196.87
ACCT01390,2,60DPD,2106.61
ACCT01391,2,Current,10642.49
ACCT01392,2,Current,13633.58
ACCT01393,2,Current,532.01
ACCT01394,2,Current,11515.37
ACCT01395,2,Current,12713.91
ACCT01396,2,Current,1328.22
ACCT01397,2,30DPD,1856.05
ACCT01398,2,Current,9602.57
ACCT01399,2,Current,9231.22
ACCT01400,2,30DPD,1161.71
ACCT01401,2,Current,11658.28
ACCT01402,2,90DPD,7318.75
ACCT01403,2,Current,12619.97
ACCT01404,2,Current,12843.23
ACCT01405,2,Current,11993.71
ACCT01406,2,90DPD,7369.93
ACCT01407,2,Current,3931.8
ACCT01408,2,Current,7111.5
ACCT01409,2,Current,1679.94
ACCT01410,2,Current,9715.69
ACCT01411,2,90DPD,2192.77
ACCT01412,2,Current,7463.62
ACCT01413,2,Current,935.97
ACCT01414,2,Current,4394.73
ACCT01415,2,Current,3732.91
ACCT01416,2,Current,8956.95
ACCT01417,2,30DPD,11073.05
ACCT01418,2,Current,926.07
ACCT01419,2,30DPD,11731.0
ACCT01420,2,Current,12297.06
ACCT01421,2,Current,5143.62
ACCT01422,2,Current,8706.13
ACCT01423,2,30DPD,6045.65
ACCT01424,2,Current,2352.9
ACCT01425,2,Current,7742.35
ACCT01426,2,Current,1260.83
ACCT01427,2,Current,12858.07
ACCT01428,2,Current,13168.64
ACCT01429,2,Current,11142.35
ACCT01430,2,60DPD,7929.86
ACCT01431,2,Current,7279.11
ACCT01432,2,Current,15461.7
ACCT01433,2,Current,3831.88
ACCT01434,2,30DPD,1316.84
ACCT01435,2,60DPD,8263.3
ACCT01436,2,Current,4530.73
ACCT01437,2,Current,4425.65
ACCT01438,2,60DPD,319.84
ACCT01439,2,60DPD,8950.76
ACCT01440,2,Current,3606.16
ACCT01441,2,Current,2672.36
ACCT01442,2,Current,712.97
ACCT01443,2,Current,4996.86
ACCT01444,2,Current,11452.56
ACCT01445,2,Current,4953.08
ACCT01446,2,Current,9773.88
ACCT01447,2,Current,11165.7
ACCT01448,2,Current,4986.09
ACCT01449,2,Current,11588.76
ACCT01450,2,Current,9346.63
ACCT01451,2,Current,7249.44
ACCT01452,2,Current,211.59
ACCT01453,2,Current,620.49
ACCT01454,2,Current,13817.66
ACCT01455,2,Current,12219.03
ACCT01456,2,30DPD,13162.7
ACCT01457,2,Current,13170.82
ACCT01458,2,30DPD,489.73
ACCT01459,2,Current,10283.41
ACCT01460,2,Current,6057.8
ACCT01461,2,Current,12304.5
ACCT01462,2,Current,290.52
ACCT01463,2,30DPD,4117.1
ACCT01464,2,Current,11196.85
ACCT01465,2,Current,11286.52
ACCT01466,2,Current,9363.07
ACCT01467,2,Current,4879.73
ACCT01468,2,Current,4790.58
ACCT01469,2,Current,14266.13
ACCT01470,2,60DPD,6699.98
ACCT01471,2,Current,6271.14
ACCT01472,2,Current,7587.81
ACCT01473,2,Current,6262.11
ACCT01474,2,Current,7826.7
ACCT01475,2,Current,6049.37
ACCT01476,2,Current,11218.0
ACCT01477,2,ChargeOff,13653.96
ACCT01478,2,Current,14624.34
ACCT01479,2,Current,8505.53
ACCT01480,2,Current,6672.14
ACCT01481,2,Current,10545.54
ACCT01482,2,Current,12136.86
ACCT01483,2,Current,7714.46
ACCT01484,2,Current,10019.22
ACCT01485,2,Current,10949.39
ACCT01486,2,90DPD,10259.43
ACCT01487,2,Current,11162.5
ACCT01488,2,Current,3380.25
ACCT01489,2,Current,7904.85
ACCT01490,2,Current,8696.11
ACCT01491,2,Current,223.76
ACCT01492,2,Current,12353.61
ACCT01493,2,Current,9522.05
ACCT01494,2,Current,1868.73
ACCT01495,2,Current,11412.49
ACCT01496,2,Current,10412.04
ACCT01497,2,Current,10105.09
ACCT01498,2,Current,5782.98
ACCT01499,2,Current,11844.54
ACCT01500,2,Current,6582.26
ACCT01501,2,90DPD,7393.92
ACCT01502,2,Current,186.32
ACCT01503,2,Current,9656.74
ACCT01504,2,30DPD,11295.9
ACCT01505,2,Current,8621.49
ACCT01506,2,Current,7366.68
ACCT01507,2,Current,10491.95
ACCT01508,2,Current,8860.48
ACCT01509,2,Current,3890.55
ACCT01510,2,Current,13728.21
ACCT01511,2,Current,10855.97
ACCT01512,2,Current,13758.45
ACCT01513,2,Current,14551.49
ACCT01514,2,Current,14218.2
ACCT01515,2,Current,10875.56
ACCT01516,2,Current,8674.61
ACCT01517,2,60DPD,2365.5
ACCT01518,2,Current,7876.16
ACCT01519,2,Current,12049.87
ACCT01520,2,Current,7858.31
ACCT01521,2,Current,13617.75
ACCT01522,2,Current,1559.42
ACCT01523,2,Current,5608.34
ACCT01524,2,30DPD,8041.59
ACCT01525,2,Current,6245.67
ACCT01526,2,Current,1724.74
ACCT01527,2,Current,2225.52
ACCT01528,2,Current,12973.86
ACCT01529,2,Current,6600.95
ACCT01530,2,Current,805.75
ACCT01531,2,Current,433.05
ACCT01532,2,Current,7190.9
ACCT01533,2,Current,2725.79
ACCT01534,2,Current,9460.38
ACCT01535,2,Current,10730.67
ACCT01536,2,30DPD,3730.78
ACCT01537,2,Current,8203.68
ACCT01538,2,Current,2257.93
ACCT01539,2,30DPD,4196.71
ACCT01540,2,Current,12497.83
ACCT01541,2,Current,7646.62
ACCT01542,2,Current,11688.15
ACCT01543,2,Current,3291.0
ACCT01544,2,Current,4334.25
ACCT01545,2,Current,6183.24
ACCT01546,2,Current,7393.15
ACCT01547,2,Current,15555.97
ACCT01548,2,Current,1877.81
ACCT01549,2,Current,11443.75
ACCT01550,2,Current,12410.82
ACCT01551,2,Current,7903.91
ACCT01552,2,Current,5549.42
ACCT01553,2,Current,8209.21
ACCT01554,2,Current,4609.03
ACCT01555,2,Current,10723.5
ACCT01556,2,30DPD,7584.76
ACCT01557,2,Current,12572.18
ACCT01558,2,Current,8621.37
ACCT01559,2,Current,7536.6
ACCT01560,2,ChargeOff,10723.83
ACCT01561,2,Current,7545.1
ACCT01562,2,Current,12849.97
ACCT01563,2,Current,2627.99
ACCT01564,2,Current,13406.33
ACCT01565,2,Current,11785.13
ACCT01566,2,Current,11698.07
ACCT01567,2,Current,7187.48
ACCT01568,2,Current,11551.81
ACCT01569,2,Current,4937.38
ACCT01570,2,Current,11314.12
ACCT01571,2,Current,2304.43
ACCT01572,2,Current,4395.86
ACCT01573,2,Current,6089.82
ACCT01574,2,Current,4621.57
ACCT01575,2,Current,6171.52
ACCT01576,2,Current,11204.56
ACCT01577,2,30DPD,3652.61
ACCT01578,2,ChargeOff,11230.16
ACCT01579,2,Current,1175.94
ACCT01580,2,Current,11338.23
ACCT01581,2,Current,11140.7
ACCT01582,2,Current,6055.15
ACCT01583,2,Current,9765.78
ACCT01584,2,Current,12111.87
ACCT01585,2,Current,11961.09
ACCT01586,2,Current,5195.27
ACCT01587,2,Current,7328.01
ACCT01588,2,Current,11766.89
ACCT01589,2,Current,4395.3
ACCT01590,2,Current,12060.45
ACCT01591,2,30DPD,4882.1
ACCT01592,2,60DPD,12114.77
ACCT01593,2,Current,1545.38
ACCT01594,2,Current,756.88
ACCT01595,2,Current,14065.55
ACCT01596,2,Current,13193.53
ACCT01597,2,Current,12383.72
ACCT01598,2,Current,12699.12
ACCT01599,2,Current,5713.18
ACCT01600,2,30DPD,4263.21
ACCT01601,2,Current,2081.66
ACCT01602,2,Current,6483.94
ACCT01603,2,Current,3610.93
ACCT01604,2,Current,12852.49
ACCT01605,2,Current,242.99
ACCT01606,2,90DPD,2136.93
ACCT01607,2,Current,3580.64
ACCT01608,2,Current,2877.23
ACCT01609,2,Current,3476.95
ACCT01610,2,Current,8959.9
ACCT01611,2,Current,4787.46
ACCT01612,2,Current,9685.59
ACCT01613,2,Current,13734.06
ACCT01614,2,Current,9013.08
ACCT01615,2,Current,9627.99
ACCT01616,2,Current,5869.96
ACCT01617,2,Current,2385.83
ACCT01618,2,ChargeOff,4944.64
ACCT01619,2,Current,12803.27
ACCT01620,2,Current,8959.49
ACCT01621,2,Current,4228.55
ACCT01622,2,Current,6963.27
ACCT01623,2,Current,12417.03
ACCT01624,2,Current,9134.46
ACCT01625,2,Current,7586.46
ACCT01626,2,Current,12698.65
ACCT01627,2,Current,9967.92
ACCT01628,2,Current,8307.77
ACCT01629,2,Current,2672.73
ACCT01630,2,30DPD,1615.91
ACCT01631,2,Current,12881.49
ACCT01632,2,Current,8801.81
ACCT01633,2,Current,5862.46
ACCT01634,2,ChargeOff,8917.51
ACCT01635,2,Current,1136.33
ACCT01636,2,Current,11229.41
ACCT01637,2,60DPD,3454.09
ACCT01638,2,Current,12681.64
ACCT01639,2,Current,7211.89
ACCT01640,2,Current,4165.28
ACCT01641,2,Current,616.56
ACCT01642,2,Current,11932.79
ACCT01643,2,Current,2417.34
ACCT01644,2,Current,997.27
ACCT01645,2,Current,9794.98
ACCT01646,2,Current,5463.14
ACCT01647,2,Current,5094.54
ACCT01648,2,30DPD,3320.22
ACCT01649,2,Current,12603.04
ACCT01650,2,Current,4239.61
ACCT01651,2,Current,3422.33
ACCT01652,2,Current,4289.11
ACCT01653,2,Current,3211.0
ACCT01654,2,Current,4809.89
ACCT01655,2,Current,1424.54
ACCT01656,2,Current,2208.04
ACCT01657,2,Current,5585.68
ACCT01658,2,Current,13648.39
ACCT01659,2,Current,915.18
ACCT01660,2,Current,2970.8
ACCT01661,2,Current,12325.8
ACCT01662,2,Current,11752.71
ACCT01663,2,Current,10735.63
ACCT01664,2,60DPD,3254.73
ACCT01665,2,Current,6276.06
ACCT01666,2,Current,3266.0
ACCT01667,2,Current,1988.33
ACCT01668,2,Current,5477.39
ACCT01669,2,Current,8786.83
ACCT01670,2,Current,5134.11
ACCT01671,2,Current,8371.7
ACCT01672,2,Current,4463.55
ACCT01673,2,Current,4704.3
ACCT01674,2,Current,12427.64
ACCT01675,2,30DPD,12082.47
ACCT01676,2,Current,4257.79
ACCT01677,2,Current,8970.56
ACCT01678,2,Current,3970.83
ACCT01679,2,30DPD,925.79
ACCT01680,2,Current,10400.48
ACCT01681,2,Current,2804.93
ACCT01682,2,Current,6380.89
ACCT01683,2,Current,7633.09
ACCT01684,2,Current,2776.79
ACCT01685,2,Current,1648.01
ACCT01686,2,Current,4853.04
ACCT01687,2,Current,12305.39
ACCT01688,2,Current,8907.34
ACCT01689,2,Current,5525.43
ACCT01690,2,Current,679.68
ACCT01691,2,Current,8007.85
ACCT01692,2,30DPD,1510.75
ACCT01693,2,Current,7627.77
ACCT01694,2,Current,9949.6
ACCT01695,2,Current,6347.32
ACCT01696,2,Current,4649.9
ACCT01697,2,Current,914.51
ACCT01698,2,Current,492.07
ACCT01699,2,Current,6608.41
ACCT01700,2,60DPD,13739.27
ACCT01701,2,90DPD,3881.01
ACCT01702,2,Current,8822.62
ACCT01703,2,Current,9079.92
ACCT01704,2,Current,1145.88
ACCT01705,2,90DPD,2268.87
ACCT01706,2,Current,4724.19
ACCT01707,2,30DPD,8726.65
ACCT01708,2,Current,6750.83
ACCT01709,2,Current,9690.65
ACCT01710,2,Current,11669.2
ACCT01711,2,Current,9742.8
ACCT01712,2,30DPD,14850.48
ACCT01713,2,Current,11701.47
ACCT01714,2,Current,11708.9
ACCT01715,2,30DPD,12567.45
ACCT01716,2,Current,9917.64
ACCT01717,2,Current,11500.41
ACCT01718,2,Current,11966.71
ACCT01719,2,30DPD,6980.79
ACCT01720,2,Current,8607.65
ACCT01721,2,Current,7801.19
ACCT01722,2,Current,12398.68
ACCT01723,2,Current,6696.8
ACCT01724,2,Current,12646.75
ACCT01725,2,Current,10458.13
ACCT01726,2,Current,12841.62
ACCT01727,2,Current,3687.03
ACCT01728,2,Current,9496.7
ACCT01729,2,30DPD,10060.4
ACCT01730,2,30DPD,14559.99
ACCT01731,2,Current,13343.96
ACCT01732,2,Current,7618.16
ACCT01733,2,Current,8217.37
ACCT01734,2,Current,2465.99
ACCT01735,2,Current,15116.16
ACCT01736,2,Current,4029.06
ACCT01737,2,Current,9623.86
ACCT01738,2,Current,11747.52
ACCT01739,2,Current,6217.74
ACCT01740,2,Current,3152.17
ACCT01741,2,Current,2735.41
ACCT01742,2,Current,12498.04
ACCT01743,2,60DPD,7430.96
ACCT01744,2,Current,1551.52
ACCT01745,2,Current,10602.41
ACCT01746,2,Current,3763.94
ACCT01747,2,Current,13582.13
ACCT01748,2,30DPD,4067.74
ACCT01749,2,Current,2803.43
ACCT01750,2,Current,1411.67
ACCT01751,2,Current,7870.08
ACCT01752,2,Current,6473.58
ACCT01753,2,Current,10801.85
ACCT01754,2,Current,6403.3
ACCT01755,2,Current,5455.95
ACCT01756,2,Current,4208.01
ACCT01757,2,90DPD,4332.82
ACCT01758,2,Current,14044.76
ACCT01759,2,Current,2257.02
ACCT01760,2,Current,12665.46
ACCT01761,2,30DPD,5290.31
ACCT01762,2,Current,1314.56
ACCT01763,2,Current,3875.79
ACCT01764,2,Current,1011.79
ACCT01765,2,Current,10165.78
ACCT01766,2,90DPD,7758.37
ACCT01767,2,Current,4869.72
ACCT01768,2,Current,9969.47
ACCT01769,2,30DPD,9720.95
ACCT01770,2,Current,13640.64
ACCT01771,2,Current,13835.68
ACCT01772,2,Current,10167.88
ACCT01773,2,Current,11719.2
ACCT01774,2,Current,11742.86
ACCT01775,2,Current,6380.03
ACCT01776,2,Current,9779.73
ACCT01777,2,Current,1199.83
ACCT01778,2,Current,10231.65
ACCT01779,2,Current,14496.59
ACCT01780,2,Current,1289.23
ACCT01781,2,Current,10907.46
ACCT01782,2,Current,12034.48
ACCT01783,2,Current,3697.68
ACCT01784,2,Current,8082.96
ACCT01785,2,Current,12589.45
ACCT01786,2,30DPD,13355.14
ACCT01787,2,Current,2187.3
ACCT01788,2,Current,4888.13
ACCT01789,2,Current,9067.75
ACCT01790,2,Current,2962.2
ACCT01791,2,Current,4927.78
ACCT01792,2,Current,487.1
ACCT01793,2,Current,2555.94
ACCT01794,2,Current,7792.2
ACCT01795,2,Current,10148.63
ACCT01796,2,Current,8908.12
ACCT01797,2,Current,10993.11
ACCT01798,2,Current,6516.07
ACCT01799,2,Current,4149.02
ACCT01800,2,Current,450.11
ACCT01801,2,Current,3388.4
ACCT01802,2,Current,4446.42
ACCT01803,2,Current,2968.66
ACCT01804,2,Current,426.21
ACCT01805,2,Current,2336.39
ACCT01806,2,Current,10253.27
ACCT01807,2,Current,9595.24
ACCT01808,2,Current,13001.23
ACCT01809,2,Current,12607.99
ACCT01810,2,Current,8068.35
ACCT01811,2,Current,2305.47
ACCT01812,2,Current,8652.87
ACCT01813,2,Current,1142.28
ACCT01814,2,Current,6516.2
ACCT01815,2,Current,5796.55
ACCT01816,2,30DPD,6838.01
ACCT01817,2,Current,4188.49
ACCT01818,2,Current,10838.07
ACCT01819,2,Current,10913.95
ACCT01820,2,Current,11913.32
ACCT01821,2,Current,9475.99
ACCT01822,2,Current,7620.71
ACCT01823,2,Current,667.83
ACCT01824,2,Current,10757.36
ACCT01825,2,Current,8422.06
ACCT01826,2,Current,4200.14
ACCT01827,2,Current,4433.75
ACCT01828,2,Current,12095.08
ACCT01829,2,30DPD,9727.36
ACCT01830,2,Current,7371.44
ACCT01831,2,90DPD,9299.43
ACCT01832,2,Current,6104.56
ACCT01833,2,Current,6088.58
ACCT01834,2,Current,4675.75
ACCT01835,2,Current,6203.83
ACCT01836,2,Current,10688.17
ACCT01837,2,Current,783.99
ACCT01838,2,Current,10779.06
ACCT01839,2,Current,4067.77
ACCT01840,2,Current,10199.39
ACCT01841,2,Current,8687.58
ACCT01842,2,Current,8460.13
ACCT01843,2,Current,9221.95
ACCT01844,2,Current,14470.72
ACCT01845,2,Current,7416.15
ACCT01846,2,Current,11571.44
ACCT01847,2,Current,11034.78
ACCT01848,2,Current,3475.6
ACCT01849,2,Current,4057.18
ACCT01850,2,Current,6166.84
ACCT01851,2,60DPD,3813.32
ACCT01852,2,Current,5235.62
ACCT01853,2,Current,5721.15
ACCT01854,2,Current,9527.64
ACCT01855,2,ChargeOff,3454.37
ACCT01856,2,30DPD,12701.24
ACCT01857,2,Current,6277.26
ACCT01858,2,Current,9105.27
ACCT01859,2,Current,1334.32
ACCT01860,2,Current,6617.46
ACCT01861,2,ChargeOff,617.65
ACCT01862,2,ChargeOff,10203.47
ACCT01863,2,Current,4925.66
ACCT01864,2,Current,12816.42
ACCT01865,2,Current,4565.07
ACCT01866,2,60DPD,7453.02
ACCT01867,2,Current,3536.27
ACCT01868,2,Current,9007.34
ACCT01869,2,Current,6653.38
ACCT01870,2,Current,5038.26
ACCT01871,2,Current,2972.24
ACCT01872,2,ChargeOff,1850.52
ACCT01873,2,90DPD,1985.8
ACCT01874,2,Current,13444.57
ACCT01875,2,Current,5413.95
ACCT01876,2,Current,232.26
ACCT01877,2,Current,13410.22
ACCT01878,2,Current,506.95
ACCT01879,2,Current,5946.43
ACCT01880,2,Current,10046.6
ACCT01881,2,Current,12406.28
ACCT01882,2,Current,9465.01
ACCT01883,2,Current,6621.24
ACCT01884,2,Current,13133.03
ACCT01885,2,Current,726.67
ACCT01886,2,Current,13889.08
ACCT01887,2,Current,11980.49
ACCT01888,2,Current,13133.15
ACCT01889,2,Current,4098.37
ACCT01890,2,Current,2231.18
ACCT01891,2,Current,9805.94
ACCT01892,2,Current,7931.63
ACCT01893,2,Current,7175.95
ACCT01894,2,Current,14158.53
ACCT01895,2,Current,9675.39
ACCT01896,2,Current,4110.07
ACCT01897,2,Current,5895.04
ACCT01898,2,Current,2259.32
ACCT01899,2,Current,2760.64
ACCT01900,2,Current,1975.14
ACCT01901,2,Current,11283.91
ACCT01902,2,30DPD,10507.56
ACCT01903,2,Current,6990.85
ACCT01904,2,Current,5973.28
ACCT01905,2,Current,9442.88
ACCT01906,2,Current,12533.45
ACCT01907,2,Current,13127.52
ACCT01908,2,Current,7540.35
ACCT01909,2,Current,11034.24
ACCT01910,2,Current,8101.53
ACCT01911,2,Current,7362.62
ACCT01912,2,30DPD,11679.04
ACCT01913,2,Current,5623.09
ACCT01914,2,Current,5650.41
ACCT01915,2,Current,4698.86
ACCT01916,2,Current,8075.28
ACCT01917,2,Current,7472.34
ACCT01918,2,Current,10082.89
ACCT01919,2,Current,6221.04
ACCT01920,2,Current,3380.23
ACCT01921,2,Current,11959.37
ACCT01922,2,30DPD,4555.27
ACCT01923,2,Current,13412.69
ACCT01924,2,Current,2942.39
ACCT01925,2,Current,7756.07
ACCT01926,2,Current,7994.25
ACCT01927,2,30DPD,11730.35
ACCT01928,2,Current,2177.45
ACCT01929,2,Current,12308.74
ACCT01930,2,30DPD,7189.02
ACCT01931,2,Current,7803.43
ACCT01932,2,Current,6875.79
ACCT01933,2,30DPD,723.78
ACCT01934,2,Current,7471.06
ACCT01935,2,Current,3762.28
ACCT01936,2,Current,5238.85
ACCT01937,2,Current,8977.46
ACCT01938,2,Current,6837.81
ACCT01939,2,Current,1532.2
ACCT01940,2,Current,1159.74
ACCT01941,2,Current,2674.4
ACCT01942,2,Current,2996.78
ACCT01943,2,Current,9368.06
ACCT01944,2,Current,2680.7
ACCT01945,2,Current,13360.92
ACCT01946,2,Current,2968.88
ACCT01947,2,60DPD,1546.02
ACCT01948,2,Current,11289.33
ACCT01949,2,Current,4342.27
ACCT01950,2,60DPD,6124.8
ACCT01951,2,Current,12765.01
ACCT01952,2,Current,14018.5
ACCT01953,2,Current,9257.08
ACCT01954,2,Current,1057.63
ACCT01955,2,90DPD,7856.42
ACCT01956,2,Current,14919.15
ACCT01957,2,30DPD,14778.41
ACCT01958,2,Current,1513.92
ACCT01959,2,Current,6009.99
ACCT01960,2,Current,4489.81
ACCT01961,2,Current,1894.98
ACCT01962,2,Current,10292.43
ACCT01963,2,Current,4389.71
ACCT01964,2,Current,4667.2
ACCT01965,2,Current,1508.37
ACCT01966,2,Current,6546.53
ACCT01967,2,30DPD,2314.78
ACCT01968,2,Current,6428.26
ACCT01969,2,30DPD,2280.93
ACCT01970,2,30DPD,12706.58
ACCT01971,2,90DPD,2382.75
ACCT01972,2,Current,7309.31
ACCT01973,2,30DPD,2735.85
ACCT01974,2,Current,1362.98
ACCT01975,2,Current,3341.34
ACCT01976,2,Current,869.36
ACCT01977,2,60DPD,2117.41
ACCT01978,2,Current,6969.73
ACCT01979,2,Current,9504.04
ACCT01980,2,Current,1326.58
ACCT01981,2,Current,6310.5
ACCT01982,2,Current,8701.85
ACCT01983,2,Current,3525.23
ACCT01984,2,Current,5045.51
ACCT01985,2,30DPD,1150.9
ACCT01986,2,Current,3097.52
ACCT01987,2,Current,6927.19
ACCT01988,2,60DPD,13707.62
ACCT01989,2,Current,14238.35
ACCT01990,2,Current,13231.23
ACCT01991,2,Current,6027.3
ACCT01992,2,Current,1437.1
ACCT01993,2,Current,4853.14
ACCT01994,2,Current,3203.98
ACCT01995,2,Current,403.17
ACCT01996,2,Current,1450.56
ACCT01997,2,Current,7171.2
ACCT01998,2,Current,4714.17
ACCT01999,2,Current,2846.37
ACCT00000,3,Current,11826.44
ACCT00001,3,Current,6234.01
ACCT00002,3,Current,10891.09
ACCT00003,3,Current,7618.02
ACCT00004,3,Current,1588.4
ACCT00005,3,60DPD,12114.73
ACCT00006,3,Current,6655.19
ACCT00007,3,Current,2068.76
ACCT00008,3,Current,2381.23
ACCT00009,3,Current,10775.63
ACCT00010,3,Current,713.03
ACCT00011,3,30DPD,4757.4
ACCT00012,3,Current,2408.8
ACCT00013,3,Current,6867.44
ACCT00014,3,Current,6677.79
ACCT00015,3,Current,6698.16
ACCT00016,3,Current,3936.27
ACCT00017,3,Current,651.37
ACCT00018,3,Current,9752.78
ACCT00019,3,Current,4971.29
ACCT00020,3,Current,9752.86
ACCT00021,3,Current,1895.89
ACCT00022,3,90DPD,352.5
ACCT00023,3,30DPD,3477.77
ACCT00024,3,Current,6374.56
ACCT00025,3,Current,5330.38
ACCT00026,3,Current,11365.55
ACCT00027,3,Current,5760.44
ACCT00028,3,Current,7563.09
ACCT00029,3,30DPD,8462.75
ACCT00030,3,Current,491.01
ACCT00031,3,Current,7536.58
ACCT00032,3,30DPD,5175.84
ACCT00033,3,Current,5874.16
ACCT00034,3,Current,1364.03
ACCT00035,3,Current,11811.26
ACCT00036,3,Current,11874.28
ACCT00037,3,Current,501.8
ACCT00038,3,Current,8184.01
ACCT00039,3,Current,10184.06
ACCT00040,3,Current,3563.0
ACCT00041,3,Current,11304.69
ACCT00042,3,Current,9775.66
ACCT00043,3,Current,13584.19
ACCT00044,3,Current,12913.04
ACCT00045,3,Current,802.41
ACCT00046,3,Current,5484.08
ACCT00047,3,Current,7787.57
ACCT00048,3,Current,2072.05
ACCT00049,3,Current,5344.06
ACCT00050,3,Current,12820.37
ACCT00051,3,Current,374.07
ACCT00052,3,Current,6270.51
ACCT00053,3,Current,12069.25
ACCT00054,3,Current,4476.02
ACCT00055,3,30DPD,7027.03
ACCT00056,3,Current,12527.19
ACCT00057,3,30DPD,6843.48
ACCT00058,3,Current,2127.95
ACCT00059,3,Current,882.48
ACCT00060,3,Current,14525.78
ACCT00061,3,Current,3390.13
ACCT00062,3,30DPD,5870.78
ACCT00063,3,Current,1259.04
ACCT00064,3,Current,6996.07
ACCT00065,3,Current,13918.36
ACCT00066,3,Current,6948.37
ACCT00067,3,Current,12898.18
ACCT00068,3,Current,3646.69
ACCT00069,3,Current,7699.79
ACCT00070,3,Current,10561.93
ACCT00071,3,Current,6446.36
ACCT00072,3,Current,3791.79
ACCT00073,3,Current,11462.83
ACCT00074,3,30DPD,5546.37
ACCT00075,3,Current,8002.47
ACCT00076,3,Current,12690.17
ACCT00077,3,Current,2507.31
ACCT00078,3,Current,3889.92
ACCT00079,3,Current,522.97
ACCT00080,3,30DPD,5007.42
ACCT00081,3,Current,2908.76
ACCT00082,3,Current,8663.37
ACCT00083,3,Current,2766.15
ACCT00084,3,Current,9737.96
ACCT00085,3,Current,3795.34
ACCT00086,3,30DPD,4260.42
ACCT00087,3,Current,4714.85
ACCT00088,3,Current,10207.0
ACCT00089,3,Current,6712.99
ACCT00090,3,Current,4694.81
ACCT00091,3,Current,10818.12
ACCT00092,3,Current,7611.37
ACCT00093,3,Current,2814.73
ACCT00094,3,Current,13175.01
ACCT00095,3,Current,5478.0
ACCT00096,3,Current,705.64
ACCT00097,3,Current,6591.54
ACCT00098,3,Current,2006.74
ACCT00099,3,Current,2903.68
ACCT00100,3,Current,11206.31
ACCT00101,3,Current,2171.17
ACCT00102,3,Current,11277.88
ACCT00103,3,30DPD,11984.12
ACCT00104,3,Current,7828.01
ACCT00105,3,Current,10153.63
ACCT00106,3,Current,9056.21
ACCT00107,3,Current,12265.93
ACCT00108,3,Current,4546.18
ACCT00109,3,90DPD,2207.17
ACCT00110,3,Current,6963.51
ACCT00111,3,Current,6645.67
ACCT00112,3,Current,2932.66
ACCT00113,3,Current,8374.5
ACCT00114,3,Current,381.49
ACCT00115,3,60DPD,11380.45
ACCT00116,3,Current,3690.42
ACCT00117,3,Current,618.63
ACCT00118,3,Current,1929.87
ACCT00119,3,Current,3568.94
ACCT00120,3,Current,3992.47
ACCT00121,3,Current,598.36
ACCT00122,3,Current,4077.63
ACCT00123,3,Current,2726.48
ACCT00124,3,Current,5694.37
ACCT00125,3,Current,4478.73
ACCT00126,3,Current,4812.93
ACCT00127,3,Current,4420.8
ACCT00128,3,Current,1450.67
ACCT00129,3,Current,536.79
ACCT00130,3,Current,2877.51
ACCT00131,3,Current,10194.59
ACCT00132,3,30DPD,13888.54
ACCT00133,3,Current,12596.02
ACCT00134,3,Current,7454.94
ACCT00135,3,60DPD,6656.11
ACCT00136,3,90DPD,4736.7
ACCT00137,3,Current,9249.64
ACCT00138,3,Current,12253.62
ACCT00139,3,30DPD,11599.41
ACCT00140,3,30DPD,10948.56
ACCT00141,3,Current,5020.11
ACCT00142,3,60DPD,8758.01
ACCT00143,3,Current,9513.73
ACCT00144,3,60DPD,4703.91
ACCT00145,3,Current,10718.59
ACCT00146,3,Current,1390.47
ACCT00147,3,Current,13373.06
ACCT00148,3,Current,9728.32
ACCT00149,3,Current,1620.04
ACCT00150,3,Current,10262.8
ACCT00151,3,60DPD,577.29
ACCT00152,3,Current,9336.93
ACCT00153,3,Current,9741.51
ACCT00154,3,30DPD,8849.8
ACCT00155,3,Current,12020.72
ACCT00156,3,Current,1670.84
ACCT00157,3,Current,3814.43
ACCT00158,3,Current,6177.76
ACCT00159,3,Current,732.04
ACCT00160,3,Current,5797.22
ACCT00161,3,Current,3672.26
ACCT00162,3,Current,5195.59
ACCT00163,3,Current,6738.5
ACCT00164,3,Current,11639.25
ACCT00165,3,Current,4068.35
ACCT00166,3,Current,11488.05
ACCT00167,3,Current,5164.38
ACCT00168,3,Current,4010.75
ACCT00169,3,Current,7289.05
ACCT00170,3,Current,4880.03
ACCT00171,3,Current,3536.17
ACCT00172,3,Current,8294.78
ACCT00173,3,90DPD,2291.21
ACCT00174,3,Current,5011.96
ACCT00175,3,Current,7104.58
ACCT00176,3,Current,5567.17
ACCT00177,3,ChargeOff,12393.9
ACCT00178,3,Current,3567.45
ACCT00179,3,Current,11891.7
ACCT00180,3,Current,10863.7
ACCT00181,3,Current,14113.09
ACCT00182,3,30DPD,12720.4
ACCT00183,3,Current,1933.61
ACCT00184,3,Current,6085.97
ACCT00185,3,Current,2197.96
ACCT00186,3,Current,11906.92
ACCT00187,3,Current,7964.51
ACCT00188,3,Current,3599.29
ACCT00189,3,Current,14141.86
ACCT00190,3,Current,1847.7
ACCT00191,3,Current,7459.9
ACCT00192,3,Current,9462.04
ACCT00193,3,Current,1005.29
ACCT00194,3,Current,9097.83
ACCT00195,3,Current,10436.81
ACCT00196,3,Current,1126.74
ACCT00197,3,Current,7382.03
ACCT00198,3,Current,3155.29
ACCT00199,3,Current,8355.62
ACCT00200,3,Current,1897.65
ACCT00201,3,ChargeOff,12012.76
ACCT00202,3,Current,12702.39
ACCT00203,3,Current,2665.95
ACCT00204,3,Current,4903.33
ACCT00205,3,Current,7656.15
ACCT00206,3,Current,10435.8
ACCT00207,3,Current,6190.82
ACCT00208,3,Current,2247.61
ACCT00209,3,Current,1426.61
ACCT00210,3,Current,12466.67
ACCT00211,3,Current,6258.31
ACCT00212,3,30DPD,12274.78
ACCT00213,3,Current,6272.66
ACCT00214,3,Current,11646.24
ACCT00215,3,Current,1353.1
ACCT00216,3,Current,1837.66
ACCT00217,3,Current,13490.53
ACCT00218,3,60DPD,14579.07
ACCT00219,3,Current,3904.24
ACCT00220,3,Current,4761.52
ACCT00221,3,Current,7179.22
ACCT00222,3,Current,5503.25
ACCT00223,3,60DPD,2752.04
ACCT00224,3,Current,12320.83
ACCT00225,3,Current,3655.32
ACCT00226,3,Current,10594.67
ACCT00227,3,30DPD,1165.26
ACCT00228,3,Current,591.19
ACCT00229,3,Current,8640.19
ACCT00230,3,Current,5085.27
ACCT00231,3,Current,8703.66
ACCT00232,3,ChargeOff,1408.46
ACCT00233,3,Current,13130.28
ACCT00234,3,90DPD,10068.76
ACCT00235,3,Current,13937.67
ACCT00236,3,Current,2180.12
ACCT00237,3,Current,4378.25
ACCT00238,3,Current,5612.88
ACCT00239,3,Current,8301.51
ACCT00240,3,Current,3955.7
ACCT00241,3,Current,1131.36
ACCT00242,3,Current,5423.0
ACCT00243,3,Current,3477.72
ACCT00244,3,Current,5571.8
ACCT00245,3,Current,2619.56
ACCT00246,3,30DPD,3804.44
ACCT00247,3,Current,8918.17
ACCT00248,3,Current,5516.37
ACCT00249,3,Current,5608.09
ACCT00250,3,Current,6790.35
ACCT00251,3,Current,11097.86
ACCT00252,3,Current,4721.28
ACCT00253,3,Current,7915.97
ACCT00254,3,Current,13641.54
ACCT00255,3,Current,7158.52
ACCT00256,3,Current,12704.48
ACCT00257,3,Current,10518.3
ACCT00258,3,Current,906.86
ACCT00259,3,Current,5607.99
ACCT00260,3,Current,9274.04
ACCT00261,3,Current,14942.9
ACCT00262,3,Current,7227.95
ACCT00263,3,Current,1580.52
ACCT00264,3,90DPD,6809.74
ACCT00265,3,Current,1937.72
ACCT00266,3,Current,10783.24
ACCT00267,3,Current,6466.84
ACCT00268,3,Current,10309.35
ACCT00269,3,Current,9796.72
ACCT00270,3,Current,7213.27
ACCT00271,3,Current,9574.33
ACCT00272,3,Current,10092.39
ACCT00273,3,Current,13771.39
ACCT00274,3,Current,11797.58
ACCT00275,3,Current,606.86
ACCT00276,3,30DPD,6659.19
ACCT00277,3,Current,3170.37
ACCT00278,3,Current,12466.1
ACCT00279,3,Current,8152.88
ACCT00280,3,Current,7020.44
ACCT00281,3,Current,2368.55
ACCT00282,3,Current,4667.52
ACCT00283,3,Current,10624.06
ACCT00284,3,Current,3031.08
ACCT00285,3,Current,1283.79
ACCT00286,3,Current,11750.36
ACCT00287,3,Current,10238.31
ACCT00288,3,30DPD,2793.57
ACCT00289,3,Current,3803.33
ACCT00290,3,Current,13123.08
ACCT00291,3,30DPD,10005.25
ACCT00292,3,90DPD,9084.29
ACCT00293,3,Current,4514.94
ACCT00294,3,Current,4400.63
ACCT00295,3,90DPD,711.09
ACCT00296,3,90DPD,11028.59
ACCT00297,3,Current,737.78
ACCT00298,3,60DPD,231.81
ACCT00299,3,Current,9178.69
ACCT00300,3,Current,14206.9
ACCT00301,3,Current,11137.01
ACCT00302,3,Current,7318.86
ACCT00303,3,Current,7467.81
ACCT00304,3,Current,5656.6
ACCT00305,3,60DPD,5172.73
ACCT00306,3,Current,8116.2
ACCT00307,3,Current,5143.48
ACCT00308,3,Current,7737.51
ACCT00309,3,Current,12252.88
ACCT00310,3,Current,12755.28
ACCT00311,3,Current,1361.26
ACCT00312,3,Current,4511.43
ACCT00313,3,Current,2776.95
ACCT00314,3,Current,4593.96
ACCT00315,3,Current,4127.5
ACCT00316,3,Current,2204.27
ACCT00317,3,Current,11072.14
ACCT00318,3,Current,6479.33
ACCT00319,3,60DPD,11697.45
ACCT00320,3,Current,552.61
ACCT00321,3,30DPD,1105.7
ACCT00322,3,Current,4991.07
ACCT00323,3,60DPD,1294.32
ACCT00324,3,Current,3284.55
ACCT00325,3,Current,14749.45
ACCT00326,3,Current,2515.87
ACCT00327,3,Current,2818.79
ACCT00328,3,Current,7899.13
ACCT00329,3,Current,7576.21
ACCT00330,3,Current,7716.88
ACCT00331,3,Current,4992.36
ACCT00332,3,Current,10935.99
ACCT00333,3,Current,2124.0
ACCT00334,3,Current,6380.01
ACCT00335,3,Current,7808.41
ACCT00336,3,Current,9747.16
ACCT00337,3,Current,5022.45
ACCT00338,3,Current,7184.3
ACCT00339,3,Current,960.2
ACCT00340,3,30DPD,2434.84
ACCT00341,3,Current,1120.65
ACCT00342,3,Current,11364.29
ACCT00343,3,Current,3814.05
ACCT00344,3,Current,10190.8
ACCT00345,3,30DPD,1168.15
ACCT00346,3,Current,11857.67
ACCT00347,3,Current,10369.77
ACCT00348,3,Current,1357.58
ACCT00349,3,Current,476.46
ACCT00350,3,Current,1132.38
ACCT00351,3,Current,10198.14
ACCT00352,3,Current,3032.12
ACCT00353,3,Current,6990.32
ACCT00354,3,Current,4964.53
ACCT00355,3,Current,12647.0
ACCT00356,3,Current,6329.9
ACCT00357,3,Current,7371.38
ACCT00358,3,Current,13707.38
ACCT00359,3,Current,2020.98
ACCT00360,3,Current,11799.84
ACCT00361,3,Current,784.73
ACCT00362,3,Current,6319.88
ACCT00363,3,Current,11528.94
ACCT00364,3,Current,9278.19
ACCT00365,3,Current,8049.43
ACCT00366,3,Current,3795.89
ACCT00367,3,Current,5806.45
ACCT00368,3,Current,4899.81
ACCT00369,3,Current,6280.27
ACCT00370,3,Current,5601.54
ACCT00371,3,Current,4791.72
ACCT00372,3,Current,3573.43
ACCT00373,3,Current,3147.69
ACCT00374,3,Current,5700.13
ACCT00375,3,Current,2167.33
ACCT00376,3,60DPD,10290.76
ACCT00377,3,Current,8382.15
ACCT00378,3,Current,1945.08
ACCT00379,3,Current,9130.43
ACCT00380,3,Current,12059.02
ACCT00381,3,60DPD,3656.35
ACCT00382,3,Current,2386.95
ACCT00383,3,Current,281.42
ACCT00384,3,Current,718.39
ACCT00385,3,ChargeOff,11481.32
ACCT00386,3,Current,13023.62
ACCT00387,3,Current,734.51
ACCT00388,3,Current,8940.88
ACCT00389,3,Current,1070.54
ACCT00390,3,Current,8635.93
ACCT00391,3,Current,11893.03
ACCT00392,3,Current,4962.7
ACCT00393,3,60DPD,378.27
ACCT00394,3,Current,8639.43
ACCT00395,3,Current,13689.31
ACCT00396,3,Current,3478.47
ACCT00397,3,Current,2807.61
ACCT00398,3,Current,1592.27
ACCT00399,3,Current,7075.0
ACCT00400,3,Current,7869.32
ACCT00401,3,Current,10454.93
ACCT00402,3,Current,9990.78
ACCT00403,3,Current,13981.51
ACCT00404,3,ChargeOff,12125.44
ACCT00405,3,Current,3149.21
ACCT00406,3,30DPD,7921.42
ACCT00407,3,Current,4313.7
ACCT00408,3,Current,4466.87
ACCT00409,3,ChargeOff,13992.78
ACCT00410,3,Current,8776.07
ACCT00411,3,Current,12380.39
ACCT00412,3,30DPD,5190.75
ACCT00413,3,Current,7240.68
ACCT00414,3,Current,6768.77
ACCT00415,3,Current,1690.66
ACCT00416,3,Current,3901.22
ACCT00417,3,Current,7278.95
ACCT00418,3,Current,1157.18
ACCT00419,3,Current,13774.5
ACCT00420,3,Current,1614.13
ACCT00421,3,Current,2499.04
ACCT00422,3,Current,9618.89
ACCT00423,3,Current,1468.47
ACCT00424,3,Current,12405.75
ACCT00425,3,Current,11014.53
ACCT00426,3,Current,1280.96
ACCT00427,3,Current,10842.64
ACCT00428,3,30DPD,7625.37
ACCT00429,3,Current,11964.93
ACCT00430,3,60DPD,12514.66
ACCT00431,3,Current,9123.99
ACCT00432,3,Current,9094.97
ACCT00433,3,Current,5123.29
ACCT00434,3,Current,9564.25
ACCT00435,3,Current,13408.56
ACCT00436,3,Current,8353.44
ACCT00437,3,Current,8689.85
ACCT00438,3,Current,5586.65
ACCT00439,3,Current,10903.88
ACCT00440,3,Current,14593.26
ACCT00441,3,Current,2083.83
ACCT00442,3,Current,3004.21
ACCT00443,3,Current,7283.05
ACCT00444,3,Current,7227.54
ACCT00445,3,Current,8952.04
ACCT00446,3,90DPD,855.84
ACCT00447,3,Current,5431.8
ACCT00448,3,Current,7075.54
ACCT00449,3,Current,8730.63
ACCT00450,3,Current,8418.85
ACCT00451,3,Current,10157.13
ACCT00452,3,Current,8528.93
ACCT00453,3,Current,11525.05
ACCT00454,3,Current,8484.06
ACCT00455,3,Current,6985.37
ACCT00456,3,ChargeOff,9171.71
ACCT00457,3,Current,1266.19
ACCT00458,3,Current,3362.61
ACCT00459,3,Current,7513.33
ACCT00460,3,Current,11600.78
ACCT00461,3,Current,10539.72
ACCT00462,3,Current,1394.18
ACCT00463,3,Current,7709.05
ACCT00464,3,Current,2827.76
ACCT00465,3,Current,9935.33
ACCT00466,3,Current,12446.2
ACCT00467,3,Current,9000.59
ACCT00468,3,Current,8376.51
ACCT00469,3,Current,4567.14
ACCT00470,3,Current,5738.22
ACCT00471,3,Current,11257.82
ACCT00472,3,Current,11216.96
ACCT00473,3,Current,7950.35
ACCT00474,3,Current,5032.11
ACCT00475,3,Current,860.06
ACCT00476,3,Current,2099.37
ACCT00477,3,Current,2666.71
ACCT00478,3,Current,4812.03
ACCT00479,3,Current,12148.11
ACCT00480,3,Current,8027.47
ACCT00481,3,Current,3159.3
ACCT00482,3,Current,1325.1
ACCT00483,3,Current,4626.86
ACCT00484,3,Current,11007.54
ACCT00485,3,30DPD,5025.97
ACCT00486,3,Current,9682.74
ACCT00487,3,Current,10347.81
ACCT00488,3,30DPD,1700.82
ACCT00489,3,30DPD,7951.92
ACCT00490,3,Current,12725.37
ACCT00491,3,Current,5465.9
ACCT00492,3,Current,850.51
ACCT00493,3,Current,12737.69
ACCT00494,3,Current,10415.98
ACCT00495,3,Current,7275.69
ACCT00496,3,Current,7869.46
ACCT00497,3,Current,2599.67
ACCT00498,3,30DPD,11541.49
ACCT00499,3,Current,7232.21
ACCT00500,3,Current,527.14
ACCT00501,3,Current,8529.63
ACCT00502,3,Current,12638.42
ACCT00503,3,Current,11559.09
ACCT00504,3,Current,3514.2
ACCT00505,3,Current,1026.35
ACCT00506,3,Current,14305.61
ACCT00507,3,Current,12814.76
ACCT00508,3,Current,6547.5
ACCT00509,3,Current,7392.45
ACCT00510,3,Current,6658.96
ACCT00511,3,Current,5950.61
ACCT00512,3,Current,1989.24
ACCT00513,3,Current,1622.82
ACCT00514,3,Current,3226.62
ACCT00515,3,30DPD,10096.12
ACCT00516,3,Current,2344.11
ACCT00517,3,Current,2658.67
ACCT00518,3,Current,6688.7
ACCT00519,3,Current,3349.28
ACCT00520,3,Current,2811.73
ACCT00521,3,Current,8983.57
ACCT00522,3,Current,4807.72
ACCT00523,3,Current,7364.33
ACCT00524,3,Current,10762.62
ACCT00525,3,30DPD,2157.77
ACCT00526,3,Current,11368.68
ACCT00527,3,ChargeOff,13556.85
ACCT00528,3,Current,10601.21
ACCT00529,3,30DPD,8498.87
ACCT00530,3,Current,7878.88
ACCT00531,3,Current,9395.99
ACCT00532,3,Current,9407.8
ACCT00533,3,Current,370.94
ACCT00534,3,Current,12068.28
ACCT00535,3,Current,8576.61
ACCT00536,3,Current,9387.34
ACCT00537,3,Current,5682.57
ACCT00538,3,Current,362.0
ACCT00539,3,Current,6686.41
ACCT00540,3,ChargeOff,7706.41
ACCT00541,3,Current,5825.84
ACCT00542,3,Current,4194.86
ACCT00543,3,ChargeOff,3897.43
ACCT00544,3,Current,7516.79
ACCT00545,3,Current,4272.68
ACCT00546,3,Current,12649.01
ACCT00547,3,30DPD,2391.3
ACCT00548,3,Current,4326.61
ACCT00549,3,Current,4592.14
ACCT00550,3,Current,7876.46
ACCT00551,3,30DPD,7651.6
ACCT00552,3,Current,9681.63
ACCT00553,3,90DPD,15065.02
ACCT00554,3,Current,4048.89
ACCT00555,3,Current,9870.82
ACCT00556,3,Current,519.92
ACCT00557,3,Current,3407.45
ACCT00558,3,Current,6569.97
ACCT00559,3,Current,631.19
ACCT00560,3,Current,8480.94
ACCT00561,3,Current,10469.08
ACCT00562,3,Current,10353.56
ACCT00563,3,Current,6881.52
ACCT00564,3,Current,7424.53
ACCT00565,3,Current,5059.26
ACCT00566,3,Current,705.49
ACCT00567,3,Current,1401.61
ACCT00568,3,Current,9911.04
ACCT00569,3,Current,11823.23
ACCT00570,3,Current,397.95
ACCT00571,3,Current,7447.67
ACCT00572,3,Current,10135.33
ACCT00573,3,Current,12084.83
ACCT00574,3,Current,7906.6
ACCT00575,3,Current,9670.52
ACCT00576,3,Current,10046.76
ACCT00577,3,Current,11323.19
ACCT00578,3,30DPD,1679.48
ACCT00579,3,Current,11401.27
ACCT00580,3,Current,532.73
ACCT00581,3,Current,10308.61
ACCT00582,3,Current,1319.06
ACCT00583,3,Current,2922.14
ACCT00584,3,90DPD,245.94
ACCT00585,3,Current,6599.17
ACCT00586,3,Current,4988.05
ACCT00587,3,Current,2601.4
ACCT00588,3,Current,6281.11
ACCT00589,3,Current,5806.75
ACCT00590,3,Current,9827.11
ACCT00591,3,Current,11247.91
ACCT00592,3,Current,7374.2
ACCT00593,3,Current,2026.45
ACCT00594,3,Current,4175.11
ACCT00595,3,Current,13422.13
ACCT00596,3,Current,1455.99
ACCT00597,3,Current,5190.31
ACCT00598,3,ChargeOff,14149.07
ACCT00599,3,Current,13233.78
ACCT00600,3,30DPD,5189.02
ACCT00601,3,Current,9743.69
ACCT00602,3,Current,5853.39
ACCT00603,3,Current,10394.08
ACCT00604,3,ChargeOff,601.64
ACCT00605,3,Current,1992.11
ACCT00606,3,Current,7633.34
ACCT00607,3,Current,2741.52
ACCT00608,3,Current,7918.51
ACCT00609,3,Current,5001.49
ACCT00610,3,Current,12250.65
ACCT00611,3,Current,12042.04
ACCT00612,3,60DPD,6579.09
ACCT00613,3,Current,9065.03
ACCT00614,3,Current,3190.31
ACCT00615,3,Current,6841.9
ACCT00616,3,Current,3093.31
ACCT00617,3,Current,11033.91
ACCT00618,3,Current,10802.01
ACCT00619,3,Current,12435.68
ACCT00620,3,Current,11072.2
ACCT00621,3,Current,12567.63
ACCT00622,3,ChargeOff,3579.38
ACCT00623,3,Current,11080.67
ACCT00624,3,60DPD,7354.32
ACCT00625,3,30DPD,5508.09
ACCT00626,3,Current,6558.62
ACCT00627,3,Current,5039.99
ACCT00628,3,Current,3578.55
ACCT00629,3,Current,3975.23
ACCT00630,3,Current,1073.94
ACCT00631,3,Current,6495.84
ACCT00632,3,Current,14307.37
ACCT00633,3,30DPD,8963.95
ACCT00634,3,Current,7350.99
ACCT00635,3,Current,5800.42
ACCT00636,3,Current,6246.57
ACCT00637,3,Current,2975.75
ACCT00638,3,Current,12756.51
ACCT00639,3,Current,2566.46
ACCT00640,3,60DPD,10738.09
ACCT00641,3,Current,10215.45
ACCT00642,3,Current,8040.36
ACCT00643,3,Current,12989.99
ACCT00644,3,30DPD,4082.48
ACCT00645,3,30DPD,10323.15
ACCT00646,3,Current,9412.67
ACCT00647,3,Current,9902.67
ACCT00648,3,Current,9401.15
ACCT00649,3,Current,11108.47
ACCT00650,3,Current,13872.89
ACCT00651,3,Current,6408.56
ACCT00652,3,Current,11339.21
ACCT00653,3,60DPD,9356.8
ACCT00654,3,Current,6276.43
ACCT00655,3,Current,13418.25
ACCT00656,3,Current,4873.38
ACCT00657,3,Current,7898.07
ACCT00658,3,60DPD,1657.51
ACCT00659,3,Current,2769.69
ACCT00660,3,Current,11770.79
ACCT00661,3,Current,5756.33
ACCT00662,3,Current,5724.29
ACCT00663,3,Current,3622.99
ACCT00664,3,Current,7118.54
ACCT00665,3,30DPD,11197.05
ACCT00666,3,Current,10936.93
ACCT00667,3,ChargeOff,1237.69
ACCT00668,3,Current,8129.89
ACCT00669,3,Current,5776.72
ACCT00670,3,Current,9537.41
ACCT00671,3,Current,5314.44
ACCT00672,3,ChargeOff,6099.94
ACCT00673,3,Current,6283.93
ACCT00674,3,Current,8495.93
ACCT00675,3,Current,6946.89
ACCT00676,3,Current,5547.07
ACCT00677,3,Current,10139.67
ACCT00678,3,Current,9888.34
ACCT00679,3,Current,4823.17
ACCT00680,3,Current,9609.33
ACCT00681,3,Current,11568.27
ACCT00682,3,Current,2142.52
ACCT00683,3,30DPD,9388.61
ACCT00684,3,Current,4149.79
ACCT00685,3,Current,11271.88
ACCT00686,3,Current,2834.55
ACCT00687,3,Current,9856.14
ACCT00688,3,Current,3946.5
ACCT00689,3,Current,6725.49
ACCT00690,3,Current,12675.05
ACCT00691,3,Current,5676.36
ACCT00692,3,Current,12520.96
ACCT00693,3,Current,13643.01
ACCT00694,3,Current,12624.81
ACCT00695,3,Current,2321.3
ACCT00696,3,Current,12409.65
ACCT00697,3,Current,585.61
ACCT00698,3,Current,5631.56
ACCT00699,3,Current,11503.17
ACCT00700,3,Current,10825.57
ACCT00701,3,Current,6894.35
ACCT00702,3,60DPD,5528.64
ACCT00703,3,Current,11926.01
ACCT00704,3,Current,9510.85
ACCT00705,3,Current,5544.6
ACCT00706,3,Current,11652.04
ACCT00707,3,Current,3176.61
ACCT00708,3,Current,2684.62
ACCT00709,3,Current,8599.75
ACCT00710,3,ChargeOff,14585.52
ACCT00711,3,Current,3022.73
ACCT00712,3,Current,3724.95
ACCT00713,3,Current,2014.14
ACCT00714,3,30DPD,9802.26
ACCT00715,3,Current,2762.03
ACCT00716,3,Current,6619.06
ACCT00717,3,Current,15503.18
ACCT00718,3,Current,375.02
ACCT00719,3,60DPD,8893.44
ACCT00720,3,Current,6870.69
ACCT00721,3,Current,11408.35
ACCT00722,3,Current,4780.39
ACCT00723,3,Current,6149.48
ACCT00724,3,Current,2790.29
ACCT00725,3,Current,11406.81
ACCT00726,3,Current,10165.13
ACCT00727,3,Current,2124.24
ACCT00728,3,Current,6101.65
ACCT00729,3,Current,11922.59
ACCT00730,3,Current,225.08
ACCT00731,3,Current,3624.07
ACCT00732,3,Current,8766.89
ACCT00733,3,Current,5130.02
ACCT00734,3,Current,3733.13
ACCT00735,3,Current,6507.53
ACCT00736,3,Current,2441.36
ACCT00737,3,Current,6237.66
ACCT00738,3,Current,9235.6
ACCT00739,3,Current,8250.59
ACCT00740,3,Current,1530.16
ACCT00741,3,Current,11050.41
ACCT00742,3,Current,2726.91
ACCT00743,3,Current,10922.71
ACCT00744,3,Current,4942.33
ACCT00745,3,Current,10066.39
ACCT00746,3,30DPD,2892.12
ACCT00747,3,Current,2479.83
ACCT00748,3,Current,7033.01
ACCT00749,3,Current,673.88
ACCT00750,3,Current,3030.51
ACCT00751,3,30DPD,8965.67
ACCT00752,3,Current,11114.8
ACCT00753,3,Current,1251.71
ACCT00754,3,Current,12244.27
ACCT00755,3,Current,10717.6
ACCT00756,3,Current,9882.85
ACCT00757,3,Current,8103.86
ACCT00758,3,30DPD,9358.5
ACCT00759,3,Current,6862.38
ACCT00760,3,Current,8891.0
ACCT00761,3,Current,10442.91
ACCT00762,3,Current,1379.93
ACCT00763,3,Current,4440.94
ACCT00764,3,90DPD,1127.35
ACCT00765,3,Current,12392.15
ACCT00766,3,30DPD,5873.92
ACCT00767,3,30DPD,9328.49
ACCT00768,3,Current,10322.49
ACCT00769,3,Current,12900.1
ACCT00770,3,30DPD,2784.07
ACCT00771,3,Current,11488.87
ACCT00772,3,Current,12311.36
ACCT00773,3,Current,829.14
ACCT00774,3,Current,9006.46
ACCT00775,3,30DPD,4493.47
ACCT00776,3,Current,9982.55
ACCT00777,3,Current,6748.54
ACCT00778,3,Current,3786.28
ACCT00779,3,Current,2039.59
ACCT00780,3,Current,1643.08
ACCT00781,3,30DPD,1470.88
ACCT00782,3,Current,8970.38
ACCT00783,3,Current,5500.1
ACCT00784,3,ChargeOff,3406.17
ACCT00785,3,Current,8717.62
ACCT00786,3,Current,9423.4
ACCT00787,3,Current,6463.75
ACCT00788,3,Current,10772.02
ACCT00789,3,Current,5054.32
ACCT00790,3,Current,11223.7
ACCT00791,3,Current,1289.85
ACCT00792,3,Current,9923.07
ACCT00793,3,Current,15670.76
ACCT00794,3,Current,11386.01
ACCT00795,3,Current,8576.84
ACCT00796,3,Current,9927.75
ACCT00797,3,30DPD,4722.17
ACCT00798,3,Current,9878.41
ACCT00799,3,Current,11885.01
ACCT00800,3,Current,12997.79
ACCT00801,3,Current,7530.82
ACCT00802,3,Current,1089.43
ACCT00803,3,Current,6754.97
ACCT00804,3,Current,1767.74
ACCT00805,3,Current,3402.53
ACCT00806,3,Current,4715.52
ACCT00807,3,Current,8196.59
ACCT00808,3,Current,2955.72
ACCT00809,3,ChargeOff,2653.14
ACCT00810,3,Current,754.67
ACCT00811,3,Current,11992.71
ACCT00812,3,ChargeOff,10463.88
ACCT00813,3,Current,732.85
ACCT00814,3,Current,521.91
ACCT00815,3,Current,6664.67
ACCT00816,3,Current,3894.98
ACCT00817,3,Current,7743.44
ACCT00818,3,Current,5414.95
ACCT00819,3,Current,13650.49
ACCT00820,3,Current,3965.33
ACCT00821,3,Current,10337.8
ACCT00822,3,Current,906.07
ACCT00823,3,Current,13125.55
ACCT00824,3,Current,12064.38
ACCT00825,3,Current,9711.05
ACCT00826,3,Current,6998.29
ACCT00827,3,Current,3179.62
ACCT00828,3,Current,12192.9
ACCT00829,3,Current,9102.15
ACCT00830,3,30DPD,2968.98
ACCT00831,3,Current,6233.78
ACCT00832,3,Current,6490.9
ACCT00833,3,Current,11399.44
ACCT00834,3,Current,8187.67
ACCT00835,3,Current,7374.76
ACCT00836,3,Current,9607.87
ACCT00837,3,60DPD,3711.26
ACCT00838,3,Current,5057.96
ACCT00839,3,Current,772.54
ACCT00840,3,Current,10487.78
ACCT00841,3,Current,7066.74
ACCT00842,3,Current,6849.0
ACCT00843,3,30DPD,3515.55
ACCT00844,3,Current,3100.34
ACCT00845,3,Current,8845.5
ACCT00846,3,Current,3418.4
ACCT00847,3,Current,1057.38
ACCT00848,3,Current,10997.04
ACCT00849,3,Current,5706.84
ACCT00850,3,Current,4651.57
ACCT00851,3,Current,5209.51
ACCT00852,3,Current,12862.53
ACCT00853,3,60DPD,3804.58
ACCT00854,3,Current,11909.26
ACCT00855,3,Current,11979.6
ACCT00856,3,Current,10654.18
ACCT00857,3,Current,5230.08
ACCT00858,3,Current,8844.01
ACCT00859,3,Current,6046.85
ACCT00860,3,Current,6163.61
ACCT00861,3,30DPD,8398.76
ACCT00862,3,Current,4321.45
ACCT00863,3,30DPD,1732.9
ACCT00864,3,30DPD,5823.21
ACCT00865,3,Current,1751.1
ACCT00866,3,Current,6128.56
ACCT00867,3,Current,7086.06
ACCT00868,3,Current,12559.51
ACCT00869,3,Current,664.37
ACCT00870,3,Current,9851.05
ACCT00871,3,Current,5543.06
ACCT00872,3,60DPD,427.27
ACCT00873,3,Current,3988.18
ACCT00874,3,Current,1929.96
ACCT00875,3,Current,3344.27
ACCT00876,3,Current,3693.15
ACCT00877,3,Current,4906.75
ACCT00878,3,Current,8211.64
ACCT00879,3,Current,201.38
ACCT00880,3,Current,2243.75
ACCT00881,3,Current,1662.55
ACCT00882,3,90DPD,8807.6
ACCT00883,3,Current,4800.46
ACCT00884,3,Current,7075.79
ACCT00885,3,Current,3056.49
ACCT00886,3,Current,540.1
ACCT00887,3,Current,12114.4
ACCT00888,3,30DPD,1761.24
ACCT00889,3,Current,2090.98
ACCT00890,3,Current,1984.12
ACCT00891,3,Current,13919.92
ACCT00892,3,Current,8491.4
ACCT00893,3,Current,9925.27
ACCT00894,3,Current,12239.24
ACCT00895,3,Current,1106.09
ACCT00896,3,Current,13676.03
ACCT00897,3,Current,2659.08
ACCT00898,3,Current,9538.38
ACCT00899,3,Current,6636.43
ACCT00900,3,Current,5767.87
ACCT00901,3,Current,14412.58
ACCT00902,3,Current,2364.18
ACCT00903,3,Current,13510.98
ACCT00904,3,Current,4923.97
ACCT00905,3,Current,9556.9
ACCT00906,3,Current,12963.78
ACCT00907,3,Current,1003.93
ACCT00908,3,Current,13421.3
ACCT00909,3,Current,7791.49
ACCT00910,3,Current,9518.56
ACCT00911,3,Current,2418.94
ACCT00912,3,Current,7492.75
ACCT00913,3,ChargeOff,8794.7
ACCT00914,3,ChargeOff,6952.46
ACCT00915,3,90DPD,2394.05
ACCT00916,3,Current,3031.53
ACCT00917,3,Current,11685.35
ACCT00918,3,Current,622.55
ACCT00919,3,Current,10439.42
ACCT00920,3,Current,13195.16
ACCT00921,3,Current,273.95
ACCT00922,3,Current,2204.07
ACCT00923,3,Current,8988.32
ACCT00924,3,Current,854.55
ACCT00925,3,Current,7613.58
ACCT00926,3,Current,9029.66
ACCT00927,3,Current,7247.97
ACCT00928,3,Current,4459.01
ACCT00929,3,Current,9394.29
ACCT00930,3,Current,7586.62
ACCT00931,3,Current,3357.7
ACCT00932,3,Current,6965.89
ACCT00933,3,Current,12680.4
ACCT00934,3,Current,8399.25
ACCT00935,3,Current,6434.98
ACCT00936,3,Current,4098.95
ACCT00937,3,Current,1314.5
ACCT00938,3,Current,3758.84
ACCT00939,3,Current,342.48
ACCT00940,3,Current,13512.78
ACCT00941,3,Current,3659.14
ACCT00942,3,Current,10102.47
ACCT00943,3,Current,2658.34
ACCT00944,3,Current,3811.92
ACCT00945,3,Current,5755.97
ACCT00946,3,Current,4295.35
ACCT00947,3,Current,12165.27
ACCT00948,3,30DPD,12706.58
ACCT00949,3,Current,11748.97
ACCT00950,3,30DPD,2092.3
ACCT00951,3,Current,10729.17
ACCT00952,3,Current,2253.09
ACCT00953,3,Current,12892.46
ACCT00954,3,60DPD,6914.92
ACCT00955,3,Current,3859.39
ACCT00956,3,Current,2164.18
ACCT00957,3,Current,341.64
ACCT00958,3,Current,3464.42
ACCT00959,3,Current,10385.46
ACCT00960,3,Current,9749.24
ACCT00961,3,Current,12088.18
ACCT00962,3,Current,1357.03
ACCT00963,3,Current,8023.59
ACCT00964,3,Current,3757.29
ACCT00965,3,Current,6620.99
ACCT00966,3,Current,5068.37
ACCT00967,3,Current,3982.51
ACCT00968,3,Current,7358.34
ACCT00969,3,Current,2850.99
ACCT00970,3,Current,6152.64
ACCT00971,3,Current,9965.14
ACCT00972,3,Current,1844.83
ACCT00973,3,Current,14136.83
ACCT00974,3,Current,5971.29
ACCT00975,3,Current,10680.16
ACCT00976,3,Current,8702.27
ACCT00977,3,Current,10385.95
ACCT00978,3,Current,9555.22
ACCT00979,3,Current,11480.67
ACCT00980,3,ChargeOff,9281.36
ACCT00981,3,Current,3865.79
ACCT00982,3,Current,1657.52
ACCT00983,3,Current,9188.84
ACCT00984,3,Current,1086.65
ACCT00985,3,60DPD,2917.61
ACCT00986,3,Current,979.0
ACCT00987,3,Current,6714.84
ACCT00988,3,Current,2412.29
ACCT00989,3,Current,7784.92
ACCT00990,3,Current,9317.91
ACCT00991,3,Current,11596.68
ACCT00992,3,Current,3716.42
ACCT00993,3,Current,8000.51
ACCT00994,3,Current,7231.0
ACCT00995,3,Current,6728.76
ACCT00996,3,60DPD,8037.12
ACCT00997,3,Current,2750.94
ACCT00998,3,ChargeOff,14692.8
ACCT00999,3,Current,1617.36
ACCT01000,3,Current,12757.64
ACCT01001,3,Current,8062.95
ACCT01002,3,Current,3328.22
ACCT01003,3,Current,11409.13
ACCT01004,3,Current,1075.66
ACCT01005,3,30DPD,12315.48
ACCT01006,3,60DPD,8493.74
ACCT01007,3,Current,1774.9
ACCT01008,3,Current,1321.84
ACCT01009,3,Current,10027.82
ACCT01010,3,Current,3840.82
ACCT01011,3,30DPD,9827.97
ACCT01012,3,Current,10413.32
ACCT01013,3,90DPD,9392.98
ACCT01014,3,Current,4308.49
ACCT01015,3,Current,9537.33
ACCT01016,3,Current,12172.97
ACCT01017,3,Current,1359.37
ACCT01018,3,Current,4373.6
ACCT01019,3,Current,3481.08
ACCT01020,3,Current,5526.27
ACCT01021,3,Current,11060.57
ACCT01022,3,ChargeOff,7218.79
ACCT01023,3,Current,7648.8
ACCT01024,3,Current,3934.42
ACCT01025,3,Current,1982.42
ACCT01026,3,Current,3112.65
ACCT01027,3,Current,12446.97
ACCT01028,3,Current,7300.52
ACCT01029,3,Current,5126.99
ACCT01030,3,Current,10041.88
ACCT01031,3,Current,1038.14
ACCT01032,3,Current,3235.95
ACCT01033,3,Current,3277.73
ACCT01034,3,Current,12839.02
ACCT01035,3,Current,9721.75
ACCT01036,3,Current,7378.68
ACCT01037,3,Current,204.43
ACCT01038,3,Current,2846.56
ACCT01039,3,Current,9819.65
ACCT01040,3,Current,4912.15
ACCT01041,3,Current,13548.11
ACCT01042,3,Current,10330.03
ACCT01043,3,Current,5388.45
ACCT01044,3,Current,9709.89
ACCT01045,3,Current,12591.33
ACCT01046,3,Current,5429.86
ACCT01047,3,30DPD,9625.23
ACCT01048,3,Current,12389.13
ACCT01049,3,Current,3793.39
ACCT01050,3,Current,10839.22
ACCT01051,3,Current,1398.48
ACCT01052,3,Current,9344.12
ACCT01053,3,Current,9906.21
ACCT01054,3,30DPD,9175.08
ACCT01055,3,Current,5623.07
ACCT01056,3,60DPD,8457.72
ACCT01057,3,60DPD,2000.14
ACCT01058,3,Current,3011.39
ACCT01059,3,Current,3845.75
ACCT01060,3,60DPD,7619.88
ACCT01061,3,Current,5923.12
ACCT01062,3,Current,4122.63
ACCT01063,3,Current,12106.88
ACCT01064,3,Current,4845.55
ACCT01065,3,Current,6499.77
ACCT01066,3,Current,6582.06
ACCT01067,3,Current,2897.52
ACCT01068,3,Current,8553.2
ACCT01069,3,Current,5770.04
ACCT01070,3,Current,363.97
ACCT01071,3,Current,13836.73
ACCT01072,3,Current,11345.34
ACCT01073,3,Current,9431.77
ACCT01074,3,Current,10830.56
ACCT01075,3,Current,11601.2
ACCT01076,3,Current,4580.53
ACCT01077,3,Current,8163.33
ACCT01078,3,Current,8540.37
ACCT01079,3,Current,3498.68
ACCT01080,3,30DPD,3084.3
ACCT01081,3,Current,1865.29
ACCT01082,3,60DPD,8850.56
ACCT01083,3,Current,11185.98
ACCT01084,3,ChargeOff,11423.6
ACCT01085,3,Current,4486.91
ACCT01086,3,Current,2686.6
ACCT01087,3,Current,5121.67
ACCT01088,3,Current,7395.09
ACCT01089,3,Current,13446.58
ACCT01090,3,Current,10941.78
ACCT01091,3,Current,11514.25
ACCT01092,3,Current,11064.06
ACCT01093,3,Current,11621.32
ACCT01094,3,30DPD,6137.73
ACCT01095,3,Current,865.76
ACCT01096,3,Current,1272.61
ACCT01097,3,Current,6021.86
ACCT01098,3,Current,3689.32
ACCT01099,3,Current,2344.64
ACCT01100,3,Current,11642.4
ACCT01101,3,Current,2776.67
ACCT01102,3,Current,13671.97
ACCT01103,3,Current,8809.19
ACCT01104,3,Current,8789.56
ACCT01105,3,Current,8461.65
ACCT01106,3,Current,4153.41
ACCT01107,3,Current,8387.23
ACCT01108,3,ChargeOff,2963.04
ACCT01109,3,Current,13368.99
ACCT01110,3,Current,4433.84
ACCT01111,3,Current,3679.9
ACCT01112,3,Current,9034.46
ACCT01113,3,Current,9587.86
ACCT01114,3,ChargeOff,5890.53
ACCT01115,3,Current,8421.81
ACCT01116,3,Current,2255.2
ACCT01117,3,Current,9395.26
ACCT01118,3,Current,3596.4
ACCT01119,3,Current,3269.77
ACCT01120,3,Current,2206.17
ACCT01121,3,Current,5051.13
ACCT01122,3,Current,4335.35
ACCT01123,3,Current,5630.88
ACCT01124,3,Current,2741.86
ACCT01125,3,Current,2833.4
ACCT01126,3,Current,8661.16
ACCT01127,3,Current,1766.97
ACCT01128,3,Current,8255.32
ACCT01129,3,ChargeOff,14170.42
ACCT01130,3,ChargeOff,6516.58
ACCT01131,3,Current,12918.02
ACCT01132,3,Current,1391.15
ACCT01133,3,Current,689.78
ACCT01134,3,Current,11175.16
ACCT01135,3,30DPD,10624.42
ACCT01136,3,Current,11620.38
ACCT01137,3,Current,829.84
ACCT01138,3,Current,10273.74
ACCT01139,3,Current,5606.32
ACCT01140,3,Current,4388.09
ACCT01141,3,Current,2443.67
ACCT01142,3,Current,12998.25
ACCT01143,3,Current,1055.75
ACCT01144,3,Current,10737.03
ACCT01145,3,Current,8267.13
ACCT01146,3,Current,9005.69
ACCT01147,3,Current,9935.42
ACCT01148,3,Current,10141.78
ACCT01149,3,Current,2621.23
ACCT01150,3,Current,215.21
ACCT01151,3,Current,8383.72
ACCT01152,3,Current,4590.59
ACCT01153,3,Current,1855.27
ACCT01154,3,Current,2564.64
ACCT01155,3,60DPD,4026.86
ACCT01156,3,Current,1056.39
ACCT01157,3,Current,1083.86
ACCT01158,3,60DPD,12442.09
ACCT01159,3,Current,4814.73
ACCT01160,3,Current,13717.36
ACCT01161,3,Current,11928.72
ACCT01162,3,Current,2242.72
ACCT01163,3,30DPD,9255.97
ACCT01164,3,Current,8181.02
ACCT01165,3,Current,9055.74
ACCT01166,3,Current,1442.57
ACCT01167,3,Current,3078.25
ACCT01168,3,Current,1280.15
ACCT01169,3,Current,7758.96
ACCT01170,3,Current,14011.8
ACCT01171,3,Current,7812.5
ACCT01172,3,30DPD,10793.73
ACCT01173,3,Current,13428.42
ACCT01174,3,30DPD,9283.65
ACCT01175,3,Current,760.3
ACCT01176,3,Current,11602.32
ACCT01177,3,Current,4853.75
ACCT01178,3,Current,269.46
ACCT01179,3,Current,6216.66
ACCT01180,3,Current,12356.26
ACCT01181,3,Current,3970.03
ACCT01182,3,30DPD,6895.26
ACCT01183,3,Current,2443.7
ACCT01184,3,Current,1123.13
ACCT01185,3,Current,1257.06
ACCT01186,3,Current,10906.14
ACCT01187,3,ChargeOff,12988.3
ACCT01188,3,Current,2060.1
ACCT01189,3,Current,4455.03
ACCT01190,3,Current,3268.63
ACCT01191,3,Current,537.05
ACCT01192,3,30DPD,7659.36
ACCT01193,3,ChargeOff,9247.54
ACCT01194,3,Current,8073.84
ACCT01195,3,Current,4732.73
ACCT01196,3,Current,7476.61
ACCT01197,3,Current,1266.32
ACCT01198,3,60DPD,2282.52
ACCT01199,3,Current,11979.55
ACCT01200,3,Current,10438.79
ACCT01201,3,Current,12679.76
ACCT01202,3,Current,12862.05
ACCT01203,3,Current,9860.36
ACCT01204,3,30DPD,12201.09
ACCT01205,3,30DPD,5175.95
ACCT01206,3,60DPD,216.45
ACCT01207,3,Current,1012.34
ACCT01208,3,Current,1440.78
ACCT01209,3,Current,1552.85
ACCT01210,3,Current,4497.39
ACCT01211,3,Current,10146.35
ACCT01212,3,Current,10449.73
ACCT01213,3,Current,8657.51
ACCT01214,3,Current,2092.84
ACCT01215,3,60DPD,8696.72
ACCT01216,3,Current,4905.37
ACCT01217,3,Current,373.17
ACCT01218,3,30DPD,4058.2
ACCT01219,3,Current,3915.96
ACCT01220,3,Current,3774.56
ACCT01221,3,Current,11625.84
ACCT01222,3,Current,10438.91
ACCT01223,3,Current,10419.05
ACCT01224,3,Current,1647.93
ACCT01225,3,Current,11323.19
ACCT01226,3,Current,8762.28
ACCT01227,3,Current,2542.26
ACCT01228,3,Current,9983.0
ACCT01229,3,Current,6587.09
ACCT01230,3,Current,5991.77
ACCT01231,3,Current,1544.64
ACCT01232,3,Current,8368.3
ACCT01233,3,Current,1760.41
ACCT01234,3,Current,2203.8
ACCT01235,3,Current,1819.69
ACCT01236,3,Current,14443.18
ACCT01237,3,Current,3922.65
ACCT01238,3,Current,4696.86
ACCT01239,3,Current,4348.01
ACCT01240,3,Current,12241.26
ACCT01241,3,30DPD,7996.82
ACCT01242,3,Current,11756.0
ACCT01243,3,Current,3705.58
ACCT01244,3,Current,1813.03
ACCT01245,3,Current,8184.01
ACCT01246,3,30DPD,4743.07
ACCT01247,3,Current,10963.55
ACCT01248,3,30DPD,10835.28
ACCT01249,3,Current,5602.91
ACCT01250,3,Current,12392.24
ACCT01251,3,30DPD,6909.39
ACCT01252,3,Current,4103.24
ACCT01253,3,Current,6753.06
ACCT01254,3,Current,810.03
ACCT01255,3,Current,11391.59
ACCT01256,3,Current,1818.17
ACCT01257,3,Current,4029.01
ACCT01258,3,Current,7142.19
ACCT01259,3,ChargeOff,836.03
ACCT01260,3,Current,1146.82
ACCT01261,3,Current,9771.67
ACCT01262,3,Current,1153.83
ACCT01263,3,Current,6838.87
ACCT01264,3,30DPD,5144.31
ACCT01265,3,Current,3680.03
ACCT01266,3,Current,2962.37
ACCT01267,3,90DPD,10307.24
ACCT01268,3,Current,11400.66
ACCT01269,3,Current,1930.73
ACCT01270,3,90DPD,14594.24
ACCT01271,3,Current,6933.91
ACCT01272,3,Current,9481.13
ACCT01273,3,Current,9464.87
ACCT01274,3,30DPD,8392.89
ACCT01275,3,60DPD,10995.64
ACCT01276,3,Current,6845.65
ACCT01277,3,Current,6326.46
ACCT01278,3,60DPD,4834.91
ACCT01279,3,Current,1552.78
ACCT01280,3,30DPD,8231.49
ACCT01281,3,Current,679.11
ACCT01282,3,Current,4353.67
ACCT01283,3,Current,1656.77
ACCT01284,3,Current,2345.43
ACCT01285,3,Current,8053.01
ACCT01286,3,Current,9458.96
ACCT01287,3,Current,5702.46
ACCT01288,3,Current,1572.17
ACCT01289,3,Current,5871.56
ACCT01290,3,Current,5154.31
ACCT01291,3,Current,9847.18
ACCT01292,3,Current,8088.58
ACCT01293,3,Current,6794.37
ACCT01294,3,60DPD,6944.59
ACCT01295,3,Current,13239.81
ACCT01296,3,Current,10387.53
ACCT01297,3,30DPD,7332.85
ACCT01298,3,Current,6795.88
ACCT01299,3,Current,478.47
ACCT01300,3,Current,13194.55
ACCT01301,3,Current,4726.5
ACCT01302,3,60DPD,4064.97
ACCT01303,3,Current,15609.38
ACCT01304,3,Current,9682.39
ACCT01305,3,Current,769.98
ACCT01306,3,Current,1162.5
ACCT01307,3,Current,483.13
ACCT01308,3,Current,8132.99
ACCT01309,3,90DPD,1180.37
ACCT01310,3,Current,10786.45
ACCT01311,3,Current,12633.52
ACCT01312,3,Current,6111.28
ACCT01313,3,Current,8590.74
ACCT01314,3,Current,4295.46
ACCT01315,3,Current,1042.46
ACCT01316,3,Current,9069.79
ACCT01317,3,Current,1722.16
ACCT01318,3,Current,1447.21
ACCT01319,3,Current,4795.26
ACCT01320,3,Current,333.45
ACCT01321,3,Current,5868.24
ACCT01322,3,Current,10088.2
ACCT01323,3,Current,8897.42
ACCT01324,3,Current,7273.27
ACCT01325,3,Current,11758.92
ACCT01326,3,Current,5461.26
ACCT01327,3,Current,13134.67
ACCT01328,3,Current,7618.46
ACCT01329,3,Current,3571.57
ACCT01330,3,Current,11596.13
ACCT01331,3,Current,4052.93
ACCT01332,3,Current,474.52
ACCT01333,3,Current,3479.05
ACCT01334,3,90DPD,5501.26
ACCT01335,3,Current,4706.54
ACCT01336,3,Current,7191.25
ACCT01337,3,Current,13513.0
ACCT01338,3,60DPD,4469.6
ACCT01339,3,Current,6706.78
ACCT01340,3,Current,4459.38
ACCT01341,3,30DPD,11530.18
ACCT01342,3,Current,2287.3
ACCT01343,3,30DPD,1527.59
ACCT01344,3,ChargeOff,7644.33
ACCT01345,3,Current,10391.87
ACCT01346,3,Current,10746.39
ACCT01347,3,Current,8162.7
ACCT01348,3,Current,10876.34
ACCT01349,3,Current,4974.2
ACCT01350,3,Current,631.21
ACCT01351,3,Current,1927.7
ACCT01352,3,Current,759.72
ACCT01353,3,Current,4997.33
ACCT01354,3,Current,7566.07
ACCT01355,3,Current,5075.1
ACCT01356,3,60DPD,8530.44
ACCT01357,3,Current,6563.07
ACCT01358,3,Current,7964.02
ACCT01359,3,Current,10156.93
ACCT01360,3,Current,4504.7
ACCT01361,3,Current,4270.68
ACCT01362,3,Current,8428.79
ACCT01363,3,Current,8280.61
ACCT01364,3,30DPD,3722.83
ACCT01365,3,Current,5062.32
ACCT01366,3,Current,8959.12
ACCT01367,3,Current,7837.55
ACCT01368,3,Current,1989.45
ACCT01369,3,Current,5838.76
ACCT01370,3,Current,12403.06
ACCT01371,3,90DPD,780.54
ACCT01372,3,Current,11444.2
ACCT01373,3,Current,2104.88
ACCT01374,3,60DPD,6411.4
ACCT01375,3,Current,6090.11
ACCT01376,3,Current,313.38
ACCT01377,3,Current,13481.56
ACCT01378,3,Current,6287.23
ACCT01379,3,30DPD,14815.99
ACCT01380,3,Current,4013.11
ACCT01381,3,Current,12688.66
ACCT01382,3,Current,11981.78
ACCT01383,3,ChargeOff,8441.12
ACCT01384,3,Current,2812.05
ACCT01385,3,Current,8371.38
ACCT01386,3,Current,7963.2
ACCT01387,3,Current,12840.23
ACCT01388,3,90DPD,5490.2
ACCT01389,3,Current,4136.08
ACCT01390,3,90DPD,1973.88
ACCT01391,3,Current,9420.68
ACCT01392,3,Current,12394.99
ACCT01393,3,Current,533.77
ACCT01394,3,Current,11086.81
ACCT01395,3,Current,11517.24
ACCT01396,3,Current,1174.0
ACCT01397,3,60DPD,1948.31
ACCT01398,3,Current,9337.26
ACCT01399,3,Current,9501.8
ACCT01400,3,30DPD,995.65
ACCT01401,3,Current,12205.29
ACCT01402,3,90DPD,6899.33
ACCT01403,3,Current,11712.51
ACCT01404,3,Current,11888.73
ACCT01405,3,30DPD,12088.84
ACCT01406,3,Current,7470.97
ACCT01407,3,Current,3748.18
ACCT01408,3,Current,7233.15
ACCT01409,3,Current,1481.53
ACCT01410,3,Current,8773.66
ACCT01411,3,ChargeOff,2192.77
ACCT01412,3,Current,7306.54
ACCT01413,3,Current,952.75
ACCT01414,3,Current,4552.76
ACCT01415,3,Current,3311.3
ACCT01416,3,Current,7997.88
ACCT01417,3,60DPD,10819.97
ACCT01418,3,Current,833.3
ACCT01419,3,Current,11850.01
ACCT01420,3,Current,10534.59
ACCT01421,3,Current,4807.07
ACCT01422,3,Current,7660.57
ACCT01423,3,Current,6209.6
ACCT01424,3,Current,2350.15
ACCT01425,3,Current,7301.01
ACCT01426,3,Current,1137.11
ACCT01427,3,Current,13473.6
ACCT01428,3,Current,13136.39
ACCT01429,3,Current,9538.35
ACCT01430,3,Current,8227.6
ACCT01431,3,Current,6948.75
ACCT01432,3,30DPD,13595.72
ACCT01433,3,Current,3397.52
ACCT01434,3,Current,1366.92
ACCT01435,3,90DPD,7192.04
ACCT01436,3,Current,4389.83
ACCT01437,3,Current,4248.7
ACCT01438,3,90DPD,290.47
ACCT01439,3,30DPD,8018.23
ACCT01440,3,Current,3345.7
ACCT01441,3,Current,2432.69
ACCT01442,3,Current,620.49
ACCT01443,3,Current,4991.15
ACCT01444,3,Current,10341.67
ACCT01445,3,Current,5158.4
ACCT01446,3,Current,8665.81
ACCT01447,3,Current,10120.81
ACCT01448,3,Current,4926.85
ACCT01449,3,Current,11267.05
ACCT01450,3,Current,9366.05
ACCT01451,3,Current,6615.68
ACCT01452,3,Current,193.8
ACCT01453,3,Current,570.23
ACCT01454,3,Current,12082.12
ACCT01455,3,Current,12281.23
ACCT01456,3,30DPD,11831.25
ACCT01457,3,Current,11760.07
ACCT01458,3,60DPD,485.48
ACCT01459,3,Current,10384.78
ACCT01460,3,Current,5697.54
ACCT01461,3,Current,11951.68
ACCT01462,3,Current,299.0
ACCT01463,3,Current,4018.93
ACCT01464,3,Current,11028.44
ACCT01465,3,Current,10476.2
ACCT01466,3,Current,8520.41
ACCT01467,3,Current,4680.47
ACCT01468,3,Current,4103.83
ACCT01469,3,Current,14109.23
ACCT01470,3,90DPD,6304.26
ACCT01471,3,Current,6356.53
ACCT01472,3,Current,7960.56
ACCT01473,3,Current,5614.14
ACCT01474,3,Current,7177.68
ACCT01475,3,Current,5269.98
ACCT01476,3,Current,11256.9
ACCT01477,3,ChargeOff,13653.96
ACCT01478,3,Current,13102.76
ACCT01479,3,Current,8675.51
ACCT01480,3,Current,5751.93
ACCT01481,3,Current,9473.94
ACCT01482,3,Current,11442.26
ACCT01483,3,Current,8041.74
ACCT01484,3,Current,10041.66
ACCT01485,3,Current,9534.98
ACCT01486,3,60DPD,9361.56
ACCT01487,3,Current,10553.06
ACCT01488,3,Current,2917.98
ACCT01489,3,Current,6756.53
ACCT01490,3,Current,9007.7
ACCT01491,3,Current,216.87
ACCT01492,3,Current,12112.03
ACCT01493,3,Current,9930.18
ACCT01494,3,Current,1819.05
ACCT01495,3,Current,9702.99
ACCT01496,3,Current,10209.79
ACCT01497,3,Current,9334.66
ACCT01498,3,Current,5126.2
ACCT01499,3,Current,12245.6
ACCT01500,3,Current,6068.8
ACCT01501,3,90DPD,7451.29
ACCT01502,3,Current,177.21
ACCT01503,3,Current,8447.33
ACCT01504,3,60DPD,10996.48
ACCT01505,3,Current,8912.53
ACCT01506,3,Current,7630.76
ACCT01507,3,Current,9872.12
ACCT01508,3,Current,9232.25
ACCT01509,3,30DPD,3944.16
ACCT01510,3,Current,12246.39
ACCT01511,3,Current,11264.8
ACCT01512,3,Current,13776.94
ACCT01513,3,Current,15192.9
ACCT01514,3,30DPD,13663.86
ACCT01515,3,Current,11392.45
ACCT01516,3,Current,7698.77
ACCT01517,3,90DPD,2336.74
ACCT01518,3,Current,6902.74
ACCT01519,3,Current,12517.94
ACCT01520,3,Current,7315.5
ACCT01521,3,Current,13988.55
ACCT01522,3,Current,1450.29
ACCT01523,3,Current,5080.26
ACCT01524,3,30DPD,7188.99
ACCT01525,3,Current,6031.12
ACCT01526,3,Current,1559.9
ACCT01527,3,Current,1953.81
ACCT01528,3,Current,11602.88
ACCT01529,3,Current,6929.51
ACCT01530,3,Current,829.29
ACCT01531,3,Current,430.02
ACCT01532,3,Current,6372.31
ACCT01533,3,Current,2768.3
ACCT01534,3,Current,9486.59
ACCT01535,3,Current,11072.01
ACCT01536,3,60DPD,3201.75
ACCT01537,3,Current,8562.29
ACCT01538,3,Current,1973.39
ACCT01539,3,60DPD,4110.67
ACCT01540,3,Current,12832.84
ACCT01541,3,Current,7804.03
ACCT01542,3,Current,10609.37
ACCT01543,3,30DPD,3173.19
ACCT01544,3,Current,4033.9
ACCT01545,3,Current,6104.36
ACCT01546,3,Current,7666.13
ACCT01547,3,30DPD,15610.85
ACCT01548,3,Current,1865.03
ACCT01549,3,Current,11618.61
ACCT01550,3,Current,12874.34
ACCT01551,3,Current,7134.35
ACCT01552,3,30DPD,5306.0
ACCT01553,3,Current,8473.65
ACCT01554,3,Current,4337.76
ACCT01555,3,Current,10933.12
ACCT01556,3,60DPD,6945.09
ACCT01557,3,Current,11403.91
ACCT01558,3,Current,8715.84
ACCT01559,3,Current,7082.47
ACCT01560,3,ChargeOff,10723.83
ACCT01561,3,Current,6614.66
ACCT01562,3,Current,13163.45
ACCT01563,3,Current,2400.56
ACCT01564,3,Current,11973.42
ACCT01565,3,Current,12223.33
ACCT01566,3,Current,10913.43
ACCT01567,3,Current,6440.36
ACCT01568,3,Current,10331.58
ACCT01569,3,Current,5084.02
ACCT01570,3,Current,10562.48
ACCT01571,3,Current,2403.11
ACCT01572,3,Current,4503.01
ACCT01573,3,Current,6341.34
ACCT01574,3,Current,4004.94
ACCT01575,3,Current,5527.05
ACCT01576,3,Current,10996.84
ACCT01577,3,60DPD,3246.07
ACCT01578,3,ChargeOff,11230.16
ACCT01579,3,Current,1234.43
ACCT01580,3,Current,10976.34
ACCT01581,3,Current,10782.66
ACCT01582,3,Current,5434.27
ACCT01583,3,Current,9032.66
ACCT01584,3,Current,12271.9
ACCT01585,3,Current,11775.22
ACCT01586,3,Current,4865.44
ACCT01587,3,Current,6367.19
ACCT01588,3,Current,11443.58
ACCT01589,3,Current,3887.85
ACCT01590,3,Current,11337.12
ACCT01591,3,Current,4503.04
ACCT01592,3,60DPD,11557.39
ACCT01593,3,Current,1444.95
ACCT01594,3,Current,718.76
ACCT01595,3,Current,12977.02
ACCT01596,3,Current,12979.46
ACCT01597,3,Current,11889.3
ACCT01598,3,Current,10990.3
ACCT01599,3,30DPD,5216.37
ACCT01600,3,Current,3813.74
ACCT01601,3,Current,2098.34
ACCT01602,3,Current,5877.94
ACCT01603,3,Current,3773.34
ACCT01604,3,Current,13314.92
ACCT01605,3,Current,250.58
ACCT01606,3,90DPD,1889.28
ACCT01607,3,Current,3252.98
ACCT01608,3,Current,2460.42
ACCT01609,3,Current,3430.28
ACCT01610,3,Current,7702.46
ACCT01611,3,Current,4730.65
ACCT01612,3,Current,8516.16
ACCT01613,3,Current,13736.56
ACCT01614,3,Current,7724.89
ACCT01615,3,Current,9871.23
ACCT01616,3,Current,5300.97
ACCT01617,3,Current,2371.3
ACCT01618,3,ChargeOff,4944.64
ACCT01619,3,Current,13002.08
ACCT01620,3,Current,7631.58
ACCT01621,3,Current,4209.75
ACCT01622,3,Current,6018.8
ACCT01623,3,Current,12552.6
ACCT01624,3,30DPD,8824.75
ACCT01625,3,Current,7093.94
ACCT01626,3,Current,13132.49
ACCT01627,3,Current,8925.84
ACCT01628,3,Current,8090.3
ACCT01629,3,Current,2307.09
ACCT01630,3,Current,1677.33
ACCT01631,3,Current,11517.75
ACCT01632,3,Current,8200.01
ACCT01633,3,Current,5757.87
ACCT01634,3,ChargeOff,8917.51
ACCT01635,3,Current,1104.69
ACCT01636,3,Current,9936.82
ACCT01637,3,Current,3003.64
ACCT01638,3,Current,11084.1
ACCT01639,3,Current,6387.42
ACCT01640,3,Current,3675.89
ACCT01641,3,Current,603.67
ACCT01642,3,Current,10449.7
ACCT01643,3,Current,2428.87
ACCT01644,3,Current,863.58
ACCT01645,3,Current,8505.1
ACCT01646,3,Current,5055.27
ACCT01647,3,Current,5113.58
ACCT01648,3,Current,3253.22
ACCT01649,3,Current,11924.76
ACCT01650,3,Current,3814.2
ACCT01651,3,Current,3400.15
ACCT01652,3,Current,4286.6
ACCT01653,3,Current,3367.64
ACCT01654,3,Current,4882.76
ACCT01655,3,Current,1379.45
ACCT01656,3,Current,2211.19
ACCT01657,3,Current,4901.08
ACCT01658,3,Current,11815.57
ACCT01659,3,Current,895.98
ACCT01660,3,Current,2800.34
ACCT01661,3,Current,11686.49
ACCT01662,3,Current,11232.6
ACCT01663,3,Current,10801.13
ACCT01664,3,30DPD,2896.7
ACCT01665,3,Current,5398.04
ACCT01666,3,Current,3007.14
ACCT01667,3,Current,1797.23
ACCT01668,3,Current,5618.06
ACCT01669,3,Current,7972.88
ACCT01670,3,Current,4504.33
ACCT01671,3,Current,8260.71
ACCT01672,3,Current,3959.66
ACCT01673,3,Current,4299.52
ACCT01674,3,30DPD,11069.97
ACCT01675,3,Current,11123.16
ACCT01676,3,Current,3726.91
ACCT01677,3,Current,8174.67
ACCT01678,3,Current,3855.12
ACCT01679,3,30DPD,801.2
ACCT01680,3,Current,9432.64
ACCT01681,3,30DPD,2906.77
ACCT01682,3,Current,5715.45
ACCT01683,3,Current,7039.67
ACCT01684,3,Current,2666.61
ACCT01685,3,Current,1680.98
ACCT01686,3,Current,4975.48
ACCT01687,3,Current,12040.02
ACCT01688,3,Current,9330.53
ACCT01689,3,30DPD,5634.67
ACCT01690,3,Current,656.24
ACCT01691,3,Current,8208.75
ACCT01692,3,Current,1352.86
ACCT01693,3,Current,7377.82
ACCT01694,3,Current,8807.02
ACCT01695,3,Current,5677.46
ACCT01696,3,Current,3965.49
ACCT01697,3,Current,822.65
ACCT01698,3,Current,451.22
ACCT01699,3,Current,6753.54
ACCT01700,3,Current,12614.65
ACCT01701,3,ChargeOff,3881.01
ACCT01702,3,Current,8963.75
ACCT01703,3,30DPD,8821.39
ACCT01704,3,30DPD,1068.66
ACCT01705,3,90DPD,1976.75
ACCT01706,3,Current,4246.58
ACCT01707,3,30DPD,8303.73
ACCT01708,3,Current,6565.6
ACCT01709,3,Current,8869.3
ACCT01710,3,Current,11544.73
ACCT01711,3,Current,9715.71
ACCT01712,3,Current,13886.28
ACCT01713,3,30DPD,10071.74
ACCT01714,3,Current,10047.17
ACCT01715,3,Current,11844.89
ACCT01716,3,Current,9458.96
ACCT01717,3,Current,10236.3
ACCT01718,3,Current,12146.87
ACCT01719,3,30DPD,7165.93
ACCT01720,3,Current,8396.82
ACCT01721,3,Current,6898.89
ACCT01722,3,Current,12104.87
ACCT01723,3,Current,5920.9
ACCT01724,3,Current,11075.62
ACCT01725,3,30DPD,9020.53
ACCT01726,3,Current,13222.14
ACCT01727,3,Current,3574.22
ACCT01728,3,Current,9304.4
ACCT01729,3,Current,9474.62
ACCT01730,3,30DPD,13347.56
ACCT01731,3,Current,11716.55
ACCT01732,3,Current,6731.83
ACCT01733,3,Current,7538.47
ACCT01734,3,Current,2442.59
ACCT01735,3,Current,15482.25
ACCT01736,3,Current,4100.36
ACCT01737,3,Current,8466.37
ACCT01738,3,30DPD,11833.48
ACCT01739,3,Current,5490.55
ACCT01740,3,Current,3066.64
ACCT01741,3,Current,2694.85
ACCT01742,3,Current,11905.25
ACCT01743,3,Current,6546.97
ACCT01744,3,Current,1573.12
ACCT01745,3,Current,11020.44
ACCT01746,3,Current,3778.06
ACCT01747,3,Current,13759.94
ACCT01748,3,60DPD,4044.75
ACCT01749,3,Current,2747.94
ACCT01750,3,Current,1221.72
ACCT01751,3,Current,8003.53
ACCT01752,3,Current,5598.54
ACCT01753,3,Current,9467.19
ACCT01754,3,Current,6366.23
ACCT01755,3,Current,5198.94
ACCT01756,3,Current,3860.31
ACCT01757,3,60DPD,4337.35
ACCT01758,3,Current,12840.41
ACCT01759,3,Current,2039.35
ACCT01760,3,Current,11477.63
ACCT01761,3,Current,5330.94
ACCT01762,3,Current,1298.83
ACCT01763,3,Current,3943.59
ACCT01764,3,30DPD,934.35
ACCT01765,3,Current,10165.06
ACCT01766,3,Current,6940.58
ACCT01767,3,Current,5014.0
ACCT01768,3,Current,9456.52
ACCT01769,3,Current,9531.87
ACCT01770,3,Current,13978.09
ACCT01771,3,Current,12956.54
ACCT01772,3,Current,10301.87
ACCT01773,3,Current,10896.51
ACCT01774,3,Current,10072.76
ACCT01775,3,Current,5491.82
ACCT01776,3,Current,8611.78
ACCT01777,3,Current,1211.38
ACCT01778,3,Current,9973.4
ACCT01779,3,Current,12681.42
ACCT01780,3,Current,1168.05
ACCT01781,3,Current,11354.06
ACCT01782,3,Current,10790.58
ACCT01783,3,Current,3220.01
ACCT01784,3,Current,6916.06
ACCT01785,3,Current,12450.83
ACCT01786,3,Current,11394.45
ACCT01787,3,30DPD,2092.54
ACCT01788,3,Current,4662.15
ACCT01789,3,Current,8560.39
ACCT01790,3,Current,3042.55
ACCT01791,3,Current,4668.55
ACCT01792,3,Current,497.79
ACCT01793,3,Current,2311.23
ACCT01794,3,30DPD,7534.11
ACCT01795,3,Current,9165.28
ACCT01796,3,Current,9328.69
ACCT01797,3,Current,9850.12
ACCT01798,3,Current,6066.15
ACCT01799,3,Current,4241.06
ACCT01800,3,Current,463.48
ACCT01801,3,Current,2931.52
ACCT01802,3,Current,4465.05
ACCT01803,3,Current,2866.34
ACCT01804,3,Current,367.35
ACCT01805,3,Current,2035.26
ACCT01806,3,Current,9738.22
ACCT01807,3,Current,9671.7
ACCT01808,3,Current,13240.82
ACCT01809,3,Current,11795.71
ACCT01810,3,Current,7444.22
ACCT01811,3,Current,2231.35
ACCT01812,3,Current,7833.28
ACCT01813,3,Current,1001.46
ACCT01814,3,Current,6290.01
ACCT01815,3,Current,5742.68
ACCT01816,3,Current,6091.41
ACCT01817,3,30DPD,4163.06
ACCT01818,3,Current,11052.38
ACCT01819,3,Current,10240.49
ACCT01820,3,Current,10491.8
ACCT01821,3,Current,8918.75
ACCT01822,3,Current,7151.41
ACCT01823,3,Current,678.85
ACCT01824,3,30DPD,9837.66
ACCT01825,3,Current,8516.48
ACCT01826,3,Current,3850.82
ACCT01827,3,Current,4357.83
ACCT01828,3,Current,11477.87
ACCT01829,3,60DPD,8916.7
ACCT01830,3,Current,7541.92
ACCT01831,3,ChargeOff,9299.43
ACCT01832,3,Current,5453.91
ACCT01833,3,Current,5430.05
ACCT01834,3,Current,4195.73
ACCT01835,3,Current,6105.46
ACCT01836,3,Current,9670.25
ACCT01837,3,Current,741.03
ACCT01838,3,Current,9354.8
ACCT01839,3,Current,3561.38
ACCT01840,3,Current,10696.29
ACCT01841,3,Current,7560.18
ACCT01842,3,Current,7856.3
ACCT01843,3,Current,7845.56
ACCT01844,3,Current,13812.99
ACCT01845,3,Current,7457.02
ACCT01846,3,Current,10170.91
ACCT01847,3,Current,9703.05
ACCT01848,3,Current,3120.54
ACCT01849,3,Current,3728.94
ACCT01850,3,Current,6072.97
ACCT01851,3,90DPD,3471.04
ACCT01852,3,Current,5474.84
ACCT01853,3,Current,5630.83
ACCT01854,3,Current,9077.99
ACCT01855,3,ChargeOff,3454.37
ACCT01856,3,Current,12033.19
ACCT01857,3,Current,6306.59
ACCT01858,3,Current,9400.35
ACCT01859,3,30DPD,1328.41
ACCT01860,3,Current,6161.01
ACCT01861,3,ChargeOff,617.65
ACCT01862,3,ChargeOff,10203.47
ACCT01863,3,Current,4761.09
ACCT01864,3,Current,11762.72
ACCT01865,3,Current,4265.54
ACCT01866,3,90DPD,7174.09
ACCT01867,3,Current,3156.56
ACCT01868,3,Current,8259.05
ACCT01869,3,Current,5849.25
ACCT01870,3,30DPD,5060.47
ACCT01871,3,Current,2705.54
ACCT01872,3,ChargeOff,1850.52
ACCT01873,3,ChargeOff,1985.8
ACCT01874,3,Current,13315.75
ACCT01875,3,Current,5095.93
ACCT01876,3,Current,217.93
ACCT01877,3,Current,12672.18
ACCT01878,3,Current,431.44
ACCT01879,3,Current,5407.01
ACCT01880,3,30DPD,9558.43
ACCT01881,3,Current,11548.54
ACCT01882,3,Current,9688.06
ACCT01883,3,30DPD,6745.94
ACCT01884,3,Current,11685.81
ACCT01885,3,Current,704.3
ACCT01886,3,Current,12368.8
ACCT01887,3,Current,10662.54
ACCT01888,3,Current,11969.02
ACCT01889,3,Current,4083.68
ACCT01890,3,Current,2262.3
ACCT01891,3,Current,9099.58
ACCT01892,3,Current,7069.05
ACCT01893,3,Current,6269.26
ACCT01894,3,Current,13508.28
ACCT01895,3,Current,9119.28
ACCT01896,3,Current,3998.35
ACCT01897,3,Current,5123.19
ACCT01898,3,Current,2301.2
ACCT01899,3,Current,2517.49
ACCT01900,3,Current,1906.95
ACCT01901,3,30DPD,9804.91
ACCT01902,3,30DPD,10176.65
ACCT01903,3,Current,6007.88
ACCT01904,3,Current,5619.21
ACCT01905,3,Current,9348.79
ACCT01906,3,Current,12804.1
ACCT01907,3,Current,13690.34
ACCT01908,3,Current,7670.73
ACCT01909,3,Current,11194.62
ACCT01910,3,Current,7471.74
ACCT01911,3,Current,7111.32
ACCT01912,3,Current,12246.9
ACCT01913,3,Current,5244.26
ACCT01914,3,Current,5129.45
ACCT01915,3,Current,4285.36
ACCT01916,3,Current,8252.7
ACCT01917,3,Current,7280.62
ACCT01918,3,Current,9919.14
ACCT01919,3,Current,6481.67
ACCT01920,3,Current,3075.85
ACCT01921,3,Current,11192.57
ACCT01922,3,30DPD,3935.09
ACCT01923,3,Current,13909.97
ACCT01924,3,Current,2848.32
ACCT01925,3,Current,6611.06
ACCT01926,3,Current,7398.0
ACCT01927,3,30DPD,10772.2
ACCT01928,3,Current,1949.42
ACCT01929,3,Current,10466.3
ACCT01930,3,Current,6630.67
ACCT01931,3,30DPD,6702.81
ACCT01932,3,Current,6639.0
ACCT01933,3,60DPD,707.68
ACCT01934,3,Current,7294.53
ACCT01935,3,Current,3779.49
ACCT01936,3,Current,5203.44
ACCT01937,3,Current,8802.02
ACCT01938,3,Current,6727.28
ACCT01939,3,Current,1452.34
ACCT01940,3,Current,1024.41
ACCT01941,3,Current,2681.79
ACCT01942,3,Current,2968.43
ACCT01943,3,Current,9225.99
ACCT01944,3,Current,2606.07
ACCT01945,3,Current,11885.38
ACCT01946,3,Current,3096.1
ACCT01947,3,60DPD,1602.68
ACCT01948,3,30DPD,10693.7
ACCT01949,3,Current,4250.03
ACCT01950,3,30DPD,5263.76
ACCT01951,3,Current,12860.0
ACCT01952,3,Current,14115.06
ACCT01953,3,Current,9156.26
ACCT01954,3,Current,998.41
ACCT01955,3,60DPD,7065.41
ACCT01956,3,Current,13059.55
ACCT01957,3,Current,14276.63
ACCT01958,3,Current,1367.65
ACCT01959,3,Current,5739.72
ACCT01960,3,Current,4386.51
ACCT01961,3,Current,1956.94
ACCT01962,3,Current,10056.26
ACCT01963,3,Current,4128.9
ACCT01964,3,Current,4685.14
ACCT01965,3,Current,1335.22
ACCT01966,3,Current,5729.77
ACCT01967,3,Current,2137.81
ACCT01968,3,Current,5771.4
ACCT01969,3,Current,2040.52
ACCT01970,3,30DPD,12368.8
ACCT01971,3,90DPD,2478.94
ACCT01972,3,30DPD,7437.07
ACCT01973,3,60DPD,2525.77
ACCT01974,3,Current,1254.34
ACCT01975,3,Current,2954.97
ACCT01976,3,Current,745.68
ACCT01977,3,90DPD,2091.39
ACCT01978,3,Current,6636.27
ACCT01979,3,Current,9584.6
ACCT01980,3,Current,1140.48
ACCT01981,3,Current,6110.64
ACCT01982,3,Current,8427.34
ACCT01983,3,30DPD,3218.1
ACCT01984,3,Current,5275.26
ACCT01985,3,Current,1161.47
ACCT01986,3,Current,2934.29
ACCT01987,3,Current,6717.8
ACCT01988,3,90DPD,11742.06
ACCT01989,3,Current,13078.24
ACCT01990,3,Current,12260.64
ACCT01991,3,30DPD,5245.2
ACCT01992,3,Current,1352.91
ACCT01993,3,Current,4395.49
ACCT01994,3,Current,3119.29
ACCT01995,3,Current,375.36
ACCT01996,3,Current,1492.21
ACCT01997,3,Current,7415.05
ACCT01998,3,Current,4936.13
ACCT01999,3,Current,2871.88
ACCT00000,4,Current,12378.19
ACCT00001,4,Current,6223.46
ACCT00002,4,Current,10852.08
ACCT00003,4,Current,6765.96
ACCT00004,4,Current,1474.75
ACCT00005,4,90DPD,12032.95
ACCT00006,4,Current,6706.46
ACCT00007,4,Current,1816.35
ACCT00008,4,Current,2446.5
ACCT00009,4,Current,11089.48
ACCT00010,4,30DPD,657.3
ACCT00011,4,60DPD,4557.55
ACCT00012,4,Current,2163.04
ACCT00013,4,Current,6091.38
ACCT00014,4,Current,5865.84
ACCT00015,4,Current,6394.51
ACCT00016,4,Current,4018.88
ACCT00017,4,Current,564.45
ACCT00018,4,30DPD,9938.05
ACCT00019,4,Current,4977.58
ACCT00020,4,Current,9783.91
ACCT00021,4,Current,1796.92
ACCT00022,4,60DPD,352.76
ACCT00023,4,Current,3132.22
ACCT00024,4,Current,6337.09
ACCT00025,4,Current,5083.35
ACCT00026,4,Current,11421.7
ACCT00027,4,Current,5980.3
ACCT00028,4,Current,6585.71
ACCT00029,4,Current,7318.49
ACCT00030,4,Current,441.93
ACCT00031,4,Current,7185.57
ACCT00032,4,Current,4866.6
ACCT00033,4,Current,5203.02
ACCT00034,4,Current,1188.97
ACCT00035,4,Current,12255.48
ACCT00036,4,Current,12280.63
ACCT00037,4,Current,512.54
ACCT00038,4,Current,7192.43
ACCT00039,4,Current,8777.95
ACCT00040,4,Current,3612.39
ACCT00041,4,Current,10780.31
ACCT00042,4,Current,8456.05
ACCT00043,4,30DPD,12021.39
ACCT00044,4,Current,11585.36
ACCT00045,4,Current,804.61
ACCT00046,4,Current,5709.39
ACCT00047,4,Current,8011.34
ACCT00048,4,Current,1923.33
ACCT00049,4,Current,5610.16
ACCT00050,4,Current,12396.78
ACCT00051,4,Current,338.66
ACCT00052,4,Current,5734.73
ACCT00053,4,Current,11842.97
ACCT00054,4,Current,4614.16
ACCT00055,4,30DPD,6457.43
ACCT00056,4,Current,11135.91
ACCT00057,4,30DPD,6870.9
ACCT00058,4,Current,1944.26
ACCT00059,4,Current,839.34
ACCT00060,4,Current,14445.62
ACCT00061,4,Current,2928.79
ACCT00062,4,60DPD,6073.72
ACCT00063,4,Current,1100.71
ACCT00064,4,Current,6792.44
ACCT00065,4,Current,13331.7
ACCT00066,4,Current,6607.17
ACCT00067,4,Current,11194.17
ACCT00068,4,Current,3772.78
ACCT00069,4,Current,7096.46
ACCT00070,4,Current,9798.58
ACCT00071,4,Current,5629.6
ACCT00072,4,Current,3754.1
ACCT00073,4,Current,10488.93
ACCT00074,4,Current,4901.15
ACCT00075,4,30DPD,6939.86
ACCT00076,4,Current,12576.61
ACCT00077,4,Current,2314.41
ACCT00078,4,Current,3739.47
ACCT00079,4,30DPD,489.49
ACCT00080,4,60DPD,4382.72
ACCT00081,4,Current,2997.16
ACCT00082,4,Current,7924.54
ACCT00083,4,Current,2841.47
ACCT00084,4,Current,9501.28
ACCT00085,4,Current,3281.45
ACCT00086,4,30DPD,4047.64
ACCT00087,4,Current,4283.7
ACCT00088,4,Current,9687.51
ACCT00089,4,Current,6226.02
ACCT00090,4,Current,4803.35
ACCT00091,4,Current,9511.51
ACCT00092,4,Current,7104.02
ACCT00093,4,Current,2735.29
ACCT00094,4,Current,13037.74
ACCT00095,4,Current,4990.37
ACCT00096,4,Current,663.96
ACCT00097,4,Current,6570.88
ACCT00098,4,Current,1959.18
ACCT00099,4,Current,2689.92
ACCT00100,4,Current,9685.72
ACCT00101,4,Current,2015.42
ACCT00102,4,Current,10035.56
ACCT00103,4,60DPD,12577.96
ACCT00104,4,Current,7123.04
ACCT00105,4,Current,8799.43
ACCT00106,4,Current,8632.37
ACCT00107,4,Current,11229.25
ACCT00108,4,Current,4655.49
ACCT00109,4,90DPD,2088.12
ACCT00110,4,Current,7069.62
ACCT00111,4,Current,6159.77
ACCT00112,4,Current,2995.63
ACCT00113,4,Current,7768.42
ACCT00114,4,Current,355.46
ACCT00115,4,90DPD,10121.84
ACCT00116,4,Current,3163.86
ACCT00117,4,Current,627.29
ACCT00118,4,Current,1912.8
ACCT00119,4,Current,3636.9
ACCT00120,4,Current,3489.39
ACCT00121,4,30DPD,511.3
ACCT00122,4,Current,3606.06
ACCT00123,4,Current,2355.9
ACCT00124,4,Current,5371.26
ACCT00125,4,30DPD,4054.61
ACCT00126,4,Current,4590.18
ACCT00127,4,Current,4012.84
ACCT00128,4,Current,1508.87
ACCT00129,4,Current,503.45
ACCT00130,4,Current,2637.23
ACCT00131,4,Current,9285.47
ACCT00132,4,60DPD,14389.6
ACCT00133,4,Current,12277.67
ACCT00134,4,Current,6355.31
ACCT00135,4,Current,5853.97
ACCT00136,4,30DPD,4645.8
ACCT00137,4,Current,8020.61
ACCT00138,4,Current,11025.86
ACCT00139,4,Current,10198.49
ACCT00140,4,Current,10481.82
ACCT00141,4,Current,5123.3
ACCT00142,4,90DPD,8544.69
ACCT00143,4,Current,9075.6
ACCT00144,4,90DPD,4385.57
ACCT00145,4,Current,9821.9
ACCT00146,4,Current,1403.43
ACCT00147,4,Current,13171.62
ACCT00148,4,Current,9236.9
ACCT00149,4,Current,1515.84
ACCT00150,4,Current,10746.25
ACCT00151,4,90DPD,573.98
ACCT00152,4,Current,9261.14
ACCT00153,4,Current,8409.57
ACCT00154,4,Current,7545.28
ACCT00155,4,Current,12323.16
ACCT00156,4,Current,1587.37
ACCT00157,4,Current,3373.65
ACCT00158,4,Current,6384.47
ACCT00159,4,Current,722.22
ACCT00160,4,Current,6052.02
ACCT00161,4,Current,3616.37
ACCT00162,4,Current,4949.41
ACCT00163,4,Current,6887.1
ACCT00164,4,Current,11110.35
ACCT00165,4,Current,3887.92
ACCT00166,4,Current,9961.1
ACCT00167,4,Current,5174.99
ACCT00168,4,Current,3451.09
ACCT00169,4,Current,7221.98
ACCT00170,4,Current,4452.58
ACCT00171,4,Current,3301.08
ACCT00172,4,Current,7811.69
ACCT00173,4,60DPD,2278.1
ACCT00174,4,Current,4768.63
ACCT00175,4,Current,6105.01
ACCT00176,4,Current,5700.04
ACCT00177,4,ChargeOff,12393.9
ACCT00178,4,Current,3130.86
ACCT00179,4,Current,11167.37
ACCT00180,4,30DPD,10677.55
ACCT00181,4,Current,13849.54
ACCT00182,4,Current,13230.89
ACCT00183,4,30DPD,1750.36
ACCT00184,4,Current,5418.84
ACCT00185,4,Current,2207.1
ACCT00186,4,Current,10928.69
ACCT00187,4,Current,7911.03
ACCT00188,4,Current,3512.21
ACCT00189,4,Current,14181.67
ACCT00190,4,30DPD,1585.41
ACCT00191,4,Current,6557.37
ACCT00192,4,Current,8902.36
ACCT00193,4,Current,944.72
ACCT00194,4,Current,8418.22
ACCT00195,4,Current,10612.64
ACCT00196,4,Current,1036.8
ACCT00197,4,Current,7010.74
ACCT00198,4,Current,2986.94
ACCT00199,4,Current,7715.77
ACCT00200,4,Current,1815.34
ACCT00201,4,ChargeOff,12012.76
ACCT00202,4,Current,11973.07
ACCT00203,4,Current,2321.36
ACCT00204,4,Current,4557.21
ACCT00205,4,Current,7407.82
ACCT00206,4,Current,9337.31
ACCT00207,4,Current,5595.25
ACCT00208,4,Current,2220.87
ACCT00209,4,Current,1237.55
ACCT00210,4,Current,10828.3
ACCT00211,4,Current,6228.54
ACCT00212,4,30DPD,11534.04
ACCT00213,4,30DPD,5459.41
ACCT00214,4,Current,11763.0
ACCT00215,4,Current,1191.5
ACCT00216,4,Current,1900.81
ACCT00217,4,Current,13825.41
ACCT00218,4,90DPD,13738.55
ACCT00219,4,Current,3486.51
ACCT00220,4,Current,4941.02
ACCT00221,4,Current,7425.59
ACCT00222,4,30DPD,4734.89
ACCT00223,4,90DPD,2433.81
ACCT00224,4,Current,12911.11
ACCT00225,4,Current,3783.15
ACCT00226,4,Current,10154.61
ACCT00227,4,Current,1200.09
ACCT00228,4,Current,520.71
ACCT00229,4,Current,7658.57
ACCT00230,4,Current,4401.29
ACCT00231,4,Current,8755.88
ACCT00232,4,ChargeOff,1408.46
ACCT00233,4,Current,12269.37
ACCT00234,4,ChargeOff,10068.76
ACCT00235,4,Current,13421.02
ACCT00236,4,Current,1934.93
ACCT00237,4,Current,4378.98
ACCT00238,4,Current,5170.91
ACCT00239,4,Current,8324.39
ACCT00240,4,Current,3419.22
ACCT00241,4,Current,1012.22
ACCT00242,4,Current,4711.23
ACCT00243,4,Current,3423.28
ACCT00244,4,Current,5460.95
ACCT00245,4,Current,2716.44
ACCT00246,4,60DPD,3635.28
ACCT00247,4,Current,8737.98
ACCT00248,4,Current,5442.81
ACCT00249,4,Current,5793.21
ACCT00250,4,30DPD,6627.64
ACCT00251,4,30DPD,11456.14
ACCT00252,4,Current,4615.17
ACCT00253,4,Current,7195.92
ACCT00254,4,Current,12913.44
ACCT00255,4,Current,6422.33
ACCT00256,4,Current,12451.81
ACCT00257,4,Current,11039.56
ACCT00258,4,Current,818.01
ACCT00259,4,Current,4893.71
ACCT00260,4,30DPD,9208.82
ACCT00261,4,Current,12990.31
ACCT00262,4,Current,6930.92
ACCT00263,4,Current,1609.81
ACCT00264,4,ChargeOff,6809.74
ACCT00265,4,Current,1734.65
ACCT00266,4,Current,9517.28
ACCT00267,4,Current,6280.25
ACCT00268,4,Current,9689.82
ACCT00269,4,Current,9965.99
ACCT00270,4,Current,7150.81
ACCT00271,4,Current,9815.57
ACCT00272,4,Current,9389.34
ACCT00273,4,Current,12071.89
ACCT00274,4,Current,10859.9
ACCT00275,4,Current,525.44
ACCT00276,4,60DPD,6697.3
ACCT00277,4,Current,2768.59
ACCT00278,4,Current,11127.21
ACCT00279,4,Current,7281.44
ACCT00280,4,Current,6012.68
ACCT00281,4,Current,2339.65
ACCT00282,4,Current,4498.18
ACCT00283,4,30DPD,10034.93
ACCT00284,4,Current,2968.04
ACCT00285,4,Current,1299.22
ACCT00286,4,Current,11523.64
ACCT00287,4,Current,9598.39
ACCT00288,4,60DPD,2494.9
ACCT00289,4,Current,3428.71
ACCT00290,4,Current,13310.16
ACCT00291,4,30DPD,10343.56
ACCT00292,4,90DPD,8431.7
ACCT00293,4,Current,4034.6
ACCT00294,4,Current,3811.26
ACCT00295,4,60DPD,730.42
ACCT00296,4,90DPD,9477.06
ACCT00297,4,Current,701.88
ACCT00298,4,90DPD,228.68
ACCT00299,4,Current,8179.57
ACCT00300,4,Current,14071.17
ACCT00301,4,Current,11131.33
ACCT00302,4,Current,6700.24
ACCT00303,4,Current,6650.27
ACCT00304,4,Current,5431.98
ACCT00305,4,90DPD,4644.82
ACCT00306,4,Current,7146.39
ACCT00307,4,Current,4383.63
ACCT00308,4,Current,6829.47
ACCT00309,4,Current,11784.59
ACCT00310,4,Current,12044.31
ACCT00311,4,Current,1416.65
ACCT00312,4,Current,4323.79
ACCT00313,4,Current,2729.28
ACCT00314,4,Current,4412.44
ACCT00315,4,Current,3958.84
ACCT00316,4,Current,2207.77
ACCT00317,4,Current,9853.35
ACCT00318,4,Current,6013.54
ACCT00319,4,90DPD,10824.36
ACCT00320,4,Current,525.6
ACCT00321,4,60DPD,1030.37
ACCT00322,4,Current,4543.81
ACCT00323,4,90DPD,1166.45
ACCT00324,4,Current,3014.94
ACCT00325,4,Current,15310.32
ACCT00326,4,Current,2236.86
ACCT00327,4,Current,2594.32
ACCT00328,4,30DPD,7447.09
ACCT00329,4,Current,7824.39
ACCT00330,4,Current,6944.23
ACCT00331,4,Current,4644.77
ACCT00332,4,Current,11437.57
ACCT00333,4,Current,2004.6
ACCT00334,4,Current,5650.83
ACCT00335,4,Current,7810.0
ACCT00336,4,Current,8927.0
ACCT00337,4,Current,4741.46
ACCT00338,4,Current,7213.97
ACCT00339,4,Current,983.49
ACCT00340,4,60DPD,2247.79
ACCT00341,4,Current,1120.04
ACCT00342,4,30DPD,10619.6
ACCT00343,4,Current,3541.47
ACCT00344,4,Current,10520.97
ACCT00345,4,60DPD,1029.63
ACCT00346,4,Current,11869.36
ACCT00347,4,Current,10691.45
ACCT00348,4,Current,1384.19
ACCT00349,4,Current,423.62
ACCT00350,4,Current,1121.68
ACCT00351,4,Current,10288.55
ACCT00352,4,Current,2866.48
ACCT00353,4,Current,7317.25
ACCT00354,4,Current,4992.4
ACCT00355,4,Current,12227.16
ACCT00356,4,Current,6119.52
ACCT00357,4,Current,6669.2
ACCT00358,4,Current,13671.43
ACCT00359,4,Current,2012.38
ACCT00360,4,30DPD,11066.61
ACCT00361,4,Current,771.63
ACCT00362,4,Current,6366.65
ACCT00363,4,Current,10928.82
ACCT00364,4,Current,8844.73
ACCT00365,4,Current,7295.21
ACCT00366,4,Current,3905.9
ACCT00367,4,Current,5312.62
ACCT00368,4,Current,4583.42
ACCT00369,4,Current,6293.83
ACCT00370,4,Current,5506.61
ACCT00371,4,Current,4525.48
ACCT00372,4,Current,3559.3
ACCT00373,4,30DPD,2815.14
ACCT00374,4,30DPD,5215.93
ACCT00375,4,Current,2146.35
ACCT00376,4,Current,9662.54
ACCT00377,4,Current,8293.39
ACCT00378,4,Current,2000.18
ACCT00379,4,Current,9447.45
ACCT00380,4,Current,11714.05
ACCT00381,4,60DPD,3240.83
ACCT00382,4,Current,2341.91
ACCT00383,4,Current,271.45
ACCT00384,4,30DPD,656.02
ACCT00385,4,ChargeOff,11481.32
ACCT00386,4,Current,11380.88
ACCT00387,4,Current,733.72
ACCT00388,4,Current,7860.54
ACCT00389,4,Current,974.45
ACCT00390,4,Current,8953.37
ACCT00391,4,Current,11328.09
ACCT00392,4,Current,4904.85
ACCT00393,4,90DPD,379.98
ACCT00394,4,Current,8269.77
ACCT00395,4,Current,13545.98
ACCT00396,4,Current,3222.55
ACCT00397,4,Current,2519.1
ACCT00398,4,Current,1463.35
ACCT00399,4,Current,6952.15
ACCT00400,4,Current,7722.15
ACCT00401,4,Current,9205.46
ACCT00402,4,Current,9534.65
ACCT00403,4,Current,12997.91
ACCT00404,4,ChargeOff,12125.44
ACCT00405,4,Current,2736.73
ACCT00406,4,Current,8274.92
ACCT00407,4,Current,3774.39
ACCT00408,4,Current,4389.6
ACCT00409,4,ChargeOff,13992.78
ACCT00410,4,Current,9100.75
ACCT00411,4,Current,11126.78
ACCT00412,4,60DPD,5222.56
ACCT00413,4,30DPD,6609.16
ACCT00414,4,30DPD,6218.72
ACCT00415,4,Current,1735.54
ACCT00416,4,Current,3476.49
ACCT00417,4,Current,7415.54
ACCT00418,4,Current,1180.52
ACCT00419,4,Current,12827.44
ACCT00420,4,Current,1666.26
ACCT00421,4,Current,2411.21
ACCT00422,4,Current,9962.46
ACCT00423,4,Current,1316.87
ACCT00424,4,Current,11491.49
ACCT00425,4,Current,11162.88
ACCT00426,4,Current,1198.45
ACCT00427,4,Current,10209.14
ACCT00428,4,Current,6645.49
ACCT00429,4,Current,11612.85
ACCT00430,4,Current,12014.41
ACCT00431,4,Current,9024.38
ACCT00432,4,Current,8583.88
ACCT00433,4,Current,4693.46
ACCT00434,4,Current,9026.93
ACCT00435,4,Current,11666.03
ACCT00436,4,Current,8076.44
ACCT00437,4,Current,8428.26
ACCT00438,4,Current,5542.33
ACCT00439,4,Current,10965.43
ACCT00440,4,Current,14312.8
ACCT00441,4,Current,1977.73
ACCT00442,4,Current,2669.89
ACCT00443,4,Current,7464.19
ACCT00444,4,Current,6950.8
ACCT00445,4,Current,9278.59
ACCT00446,4,ChargeOff,855.84
ACCT00447,4,Current,4776.45
ACCT00448,4,Current,6319.34
ACCT00449,4,Current,9028.67
ACCT00450,4,30DPD,7649.29
ACCT00451,4,Current,9980.43
ACCT00452,4,Current,7702.59
ACCT00453,4,Current,10651.01
ACCT00454,4,30DPD,8646.28
ACCT00455,4,Current,6678.06
ACCT00456,4,ChargeOff,9171.71
ACCT00457,4,Current,1092.72
ACCT00458,4,Current,3300.01
ACCT00459,4,Current,7695.98
ACCT00460,4,Current,11584.64
ACCT00461,4,Current,9746.54
ACCT00462,4,Current,1198.85
ACCT00463,4,Current,6970.7
ACCT00464,4,Current,2931.88
ACCT00465,4,Current,9440.89
ACCT00466,4,30DPD,11989.78
ACCT00467,4,Current,9324.24
ACCT00468,4,Current,7420.75
ACCT00469,4,Current,4272.38
ACCT00470,4,Current,4925.7
ACCT00471,4,Current,11169.29
ACCT00472,4,30DPD,9861.42
ACCT00473,4,Current,8240.45
ACCT00474,4,Current,4315.59
ACCT00475,4,Current,866.15
ACCT00476,4,Current,2021.87
ACCT00477,4,Current,2395.29
ACCT00478,4,Current,4680.95
ACCT00479,4,Current,10970.35
ACCT00480,4,Current,7067.99
ACCT00481,4,Current,3255.03
ACCT00482,4,Current,1132.79
ACCT00483,4,Current,4268.29
ACCT00484,4,Current,11117.3
ACCT00485,4,Current,4925.78
ACCT00486,4,Current,8432.25
ACCT00487,4,Current,9455.13
ACCT00488,4,60DPD,1758.32
ACCT00489,4,60DPD,7271.79
ACCT00490,4,Current,13088.81
ACCT00491,4,Current,5419.71
ACCT00492,4,Current,770.17
ACCT00493,4,Current,12418.81
ACCT00494,4,Current,9416.46
ACCT00495,4,Current,7334.41
ACCT00496,4,Current,7070.42
ACCT00497,4,Current,2618.33
ACCT00498,4,60DPD,10150.94
ACCT00499,4,Current,7254.05
ACCT00500,4,Current,481.07
ACCT00501,4,Current,8116.03
ACCT00502,4,Current,11475.23
ACCT00503,4,Current,10178.87
ACCT00504,4,Current,3341.17
ACCT00505,4,Current,930.61
ACCT00506,4,Current,13752.23
ACCT00507,4,Current,11352.08
ACCT00508,4,Current,6808.04
ACCT00509,4,Current,7221.96
ACCT00510,4,Current,5762.65
ACCT00511,4,Current,5714.21
ACCT00512,4,Current,1879.3
ACCT00513,4,Current,1701.43
ACCT00514,4,Current,2951.35
ACCT00515,4,Current,10122.91
ACCT00516,4,Current,2309.76
ACCT00517,4,Current,2583.06
ACCT00518,4,Current,6373.08
ACCT00519,4,Current,3025.72
ACCT00520,4,Current,2537.53
ACCT00521,4,Current,8334.71
ACCT00522,4,Current,4317.3
ACCT00523,4,Current,7609.25
ACCT00524,4,Current,9717.33
ACCT00525,4,Current,2251.74
ACCT00526,4,Current,10003.68
ACCT00527,4,ChargeOff,13556.85
ACCT00528,4,Current,10639.4
ACCT00529,4,30DPD,8467.99
ACCT00530,4,Current,7014.48
ACCT00531,4,Current,8680.96
ACCT00532,4,Current,8739.87
ACCT00533,4,Current,377.93
ACCT00534,4,Current,10425.88
ACCT00535,4,Current,8147.78
ACCT00536,4,Current,9491.6
ACCT00537,4,Current,4919.01
ACCT00538,4,Current,351.73
ACCT00539,4,Current,6609.82
ACCT00540,4,ChargeOff,7706.41
ACCT00541,4,Current,5683.32
ACCT00542,4,Current,3963.42
ACCT00543,4,ChargeOff,3897.43
ACCT00544,4,Current,6675.44
ACCT00545,4,Current,3956.09
ACCT00546,4,Current,11648.9
ACCT00547,4,60DPD,2293.0
ACCT00548,4,Current,4286.83
ACCT00549,4,Current,4346.64
ACCT00550,4,Current,7604.6
ACCT00551,4,30DPD,7154.98
ACCT00552,4,Current,9003.38
ACCT00553,4,90DPD,14629.09
ACCT00554,4,30DPD,3652.65
ACCT00555,4,Current,8739.4
ACCT00556,4,Current,488.63
ACCT00557,4,Current,3035.42
ACCT00558,4,Current,6166.8
ACCT00559,4,Current,550.72
ACCT00560,4,Current,7323.05
ACCT00561,4,Current,9888.86
ACCT00562,4,Current,9524.61
ACCT00563,4,Current,6332.49
ACCT00564,4,Current,6501.49
ACCT00565,4,Current,5005.0
ACCT00566,4,Current,687.36
ACCT00567,4,Current,1468.79
ACCT00568,4,30DPD,9352.52
ACCT00569,4,Current,11754.04
ACCT00570,4,30DPD,400.24
ACCT00571,4,Current,7240.37
ACCT00572,4,30DPD,8763.24
ACCT00573,4,Current,12280.14
ACCT00574,4,Current,7326.72
ACCT00575,4,Current,8690.79
ACCT00576,4,Current,9677.55
ACCT00577,4,Current,10873.86
ACCT00578,4,Current,1743.79
ACCT00579,4,Current,11882.87
ACCT00580,4,Current,453.06
ACCT00581,4,Current,10468.14
ACCT00582,4,Current,1286.18
ACCT00583,4,Current,2568.99
ACCT00584,4,90DPD,221.01
ACCT00585,4,Current,6753.47
ACCT00586,4,Current,5019.67
ACCT00587,4,Current,2728.19
ACCT00588,4,Current,5876.04
ACCT00589,4,Current,5661.76
ACCT00590,4,Current,9785.37
ACCT00591,4,Current,9855.07
ACCT00592,4,Current,7489.31
ACCT00593,4,Current,2002.28
ACCT00594,4,Current,4184.27
ACCT00595,4,Current,12846.69
ACCT00596,4,Current,1288.53
ACCT00597,4,Current,4807.85
ACCT00598,4,ChargeOff,14149.07
ACCT00599,4,Current,12338.11
ACCT00600,4,60DPD,4787.89
ACCT00601,4,Current,9954.27
ACCT00602,4,Current,5912.36
ACCT00603,4,Current,9698.26
ACCT00604,4,ChargeOff,601.64
ACCT00605,4,Current,1719.0
ACCT00606,4,Current,7764.22
ACCT00607,4,Current,2849.75
ACCT00608,4,Current,7726.42
ACCT00609,4,Current,4792.01
ACCT00610,4,Current,12695.19
ACCT00611,4,Current,10713.8
ACCT00612,4,90DPD,6431.95
ACCT00613,4,Current,7930.69
ACCT00614,4,Current,3221.63
ACCT00615,4,Current,6519.71
ACCT00616,4,Current,3205.1
ACCT00617,4,Current,9838.67
ACCT00618,4,Current,10965.75
ACCT00619,4,Current,10587.77
ACCT00620,4,Current,11072.54
ACCT00621,4,Current,10748.38
ACCT00622,4,ChargeOff,3579.38
ACCT00623,4,Current,10549.83
ACCT00624,4,30DPD,7335.89
ACCT00625,4,60DPD,5119.46
ACCT00626,4,Current,6767.28
ACCT00627,4,Current,4702.21
ACCT00628,4,Current,3676.52
ACCT00629,4,Current,3397.08
ACCT00630,4,Current,1090.61
ACCT00631,4,Current,5892.09
ACCT00632,4,Current,12688.47
ACCT00633,4,Current,8456.43
ACCT00634,4,Current,7707.39
ACCT00635,4,Current,5916.36
ACCT00636,4,Current,5470.9
ACCT00637,4,Current,2827.14
ACCT00638,4,Current,11441.58
ACCT00639,4,30DPD,2419.34
ACCT00640,4,90DPD,9479.59
ACCT00641,4,Current,9900.87
ACCT00642,4,Current,7131.7
ACCT00643,4,Current,11239.64
ACCT00644,4,60DPD,3700.49
ACCT00645,4,60DPD,9152.75
ACCT00646,4,Current,8706.55
ACCT00647,4,Current,10141.6
ACCT00648,4,Current,8009.7
ACCT00649,4,Current,11281.63
ACCT00650,4,Current,13272.58
ACCT00651,4,Current,5976.33
ACCT00652,4,Current,10526.76
ACCT00653,4,90DPD,8957.2
ACCT00654,4,Current,6247.24
ACCT00655,4,Current,12730.07
ACCT00656,4,Current,4949.96
ACCT00657,4,Current,8192.53
ACCT00658,4,90DPD,1611.68
ACCT00659,4,Current,2661.39
ACCT00660,4,Current,11547.23
ACCT00661,4,Current,5563.42
ACCT00662,4,Current,5594.96
ACCT00663,4,Current,3209.73
ACCT00664,4,Current,6701.41
ACCT00665,4,30DPD,11023.81
ACCT00666,4,Current,10934.59
ACCT00667,4,ChargeOff,1237.69
ACCT00668,4,Current,7998.48
ACCT00669,4,Current,5042.62
ACCT00670,4,Current,8703.46
ACCT00671,4,30DPD,4684.42
ACCT00672,4,ChargeOff,6099.94
ACCT00673,4,Current,6552.01
ACCT00674,4,Current,8717.59
ACCT00675,4,Current,6962.92
ACCT00676,4,Current,5166.12
ACCT00677,4,Current,10046.4
ACCT00678,4,Current,9324.51
ACCT00679,4,Current,4144.75
ACCT00680,4,Current,8862.11
ACCT00681,4,Current,10354.67
ACCT00682,4,Current,1906.14
ACCT00683,4,30DPD,9168.79
ACCT00684,4,Current,3881.74
ACCT00685,4,Current,10259.71
ACCT00686,4,Current,2915.57
ACCT00687,4,Current,9599.68
ACCT00688,4,30DPD,3772.69
ACCT00689,4,30DPD,6133.71
ACCT00690,4,Current,11562.27
ACCT00691,4,Current,5957.12
ACCT00692,4,Current,13079.65
ACCT00693,4,Current,14063.03
ACCT00694,4,30DPD,12164.84
ACCT00695,4,30DPD,2329.34
ACCT00696,4,Current,12173.72
ACCT00697,4,Current,499.06
ACCT00698,4,Current,5276.73
ACCT00699,4,Current,10960.3
ACCT00700,4,Current,10621.6
ACCT00701,4,Current,7192.62
ACCT00702,4,90DPD,5385.09
ACCT00703,4,Current,12387.43
ACCT00704,4,Current,8372.26
ACCT00705,4,Current,5348.99
ACCT00706,4,Current,9935.21
ACCT00707,4,Current,2811.31
ACCT00708,4,Current,2454.86
ACCT00709,4,Current,8617.58
ACCT00710,4,ChargeOff,14585.52
ACCT00711,4,Current,2582.81
ACCT00712,4,Current,3899.07
ACCT00713,4,Current,1949.74
ACCT00714,4,60DPD,8831.75
ACCT00715,4,Current,2629.43
ACCT00716,4,Current,6223.35
ACCT00717,4,Current,14166.28
ACCT00718,4,Current,347.28
ACCT00719,4,Current,9101.06
ACCT00720,4,Current,5896.85
ACCT00721,4,Current,9917.31
ACCT00722,4,Current,4119.8
ACCT00723,4,Current,6269.85
ACCT00724,4,Current,2808.79
ACCT00725,4,Current,11346.34
ACCT00726,4,Current,10448.36
ACCT00727,4,Current,2118.49
ACCT00728,4,Current,5865.34
ACCT00729,4,Current,10335.79
ACCT00730,4,Current,195.44
ACCT00731,4,Current,3097.74
ACCT00732,4,Current,9152.63
ACCT00733,4,Current,4607.67
ACCT00734,4,Current,3398.15
ACCT00735,4,Current,6357.17
ACCT00736,4,Current,2324.82
ACCT00737,4,Current,6147.05
ACCT00738,4,Current,9526.49
ACCT00739,4,Current,8238.45
ACCT00740,4,Current,1565.16
ACCT00741,4,Current,10389.23
ACCT00742,4,Current,2331.13
ACCT00743,4,Current,10226.85
ACCT00744,4,Current,5038.31
ACCT00745,4,Current,10558.95
ACCT00746,4,60DPD,2961.07
ACCT00747,4,Current,2160.39
ACCT00748,4,Current,7265.21
ACCT00749,4,Current,625.53
ACCT00750,4,Current,2704.36
ACCT00751,4,Current,8456.85
ACCT00752,4,Current,10951.58
ACCT00753,4,Current,1186.31
ACCT00754,4,Current,11893.41
ACCT00755,4,Current,9533.59
ACCT00756,4,Current,8865.24
ACCT00757,4,Current,7330.85
ACCT00758,4,Current,8514.66
ACCT00759,4,Current,6378.12
ACCT00760,4,Current,8511.6
ACCT00761,4,Current,10526.87
ACCT00762,4,30DPD,1318.27
ACCT00763,4,Current,4079.48
ACCT00764,4,ChargeOff,1127.35
ACCT00765,4,Current,10974.48
ACCT00766,4,60DPD,6121.66
ACCT00767,4,Current,8578.83
ACCT00768,4,Current,10485.43
ACCT00769,4,Current,11818.59
ACCT00770,4,Current,2548.31
ACCT00771,4,Current,11554.64
ACCT00772,4,Current,11445.42
ACCT00773,4,Current,771.78
ACCT00774,4,Current,9363.57
ACCT00775,4,Current,4614.66
ACCT00776,4,Current,9310.78
ACCT00777,4,Current,6235.71
ACCT00778,4,Current,3372.82
ACCT00779,4,Current,1788.54
ACCT00780,4,Current,1588.46
ACCT00781,4,30DPD,1266.33
ACCT00782,4,Current,8635.91
ACCT00783,4,Current,5420.45
ACCT00784,4,ChargeOff,3406.17
ACCT00785,4,Current,8695.91
ACCT00786,4,Current,8472.67
ACCT00787,4,Current,6436.4
ACCT00788,4,Current,9428.95
ACCT00789,4,Current,4895.41
ACCT00790,4,Current,10992.65
ACCT00791,4,Current,1341.32
ACCT00792,4,Current,8758.31
ACCT00793,4,Current,13784.52
ACCT00794,4,Current,11665.12
ACCT00795,4,Current,7545.6
ACCT00796,4,Current,10408.14
ACCT00797,4,Current,4748.49
ACCT00798,4,Current,9189.57
ACCT00799,4,Current,11130.01
ACCT00800,4,Current,12155.84
ACCT00801,4,Current,7465.99
ACCT00802,4,Current,992.99
ACCT00803,4,Current,6055.36
ACCT00804,4,Current,1737.2
ACCT00805,4,Current,3424.29
ACCT00806,4,Current,4780.14
ACCT00807,4,Current,7571.75
ACCT00808,4,Current,2814.0
ACCT00809,4,ChargeOff,2653.14
ACCT00810,4,Current,692.81
ACCT00811,4,Current,11191.6
ACCT00812,4,ChargeOff,10463.88
ACCT00813,4,Current,745.4
ACCT00814,4,Current,466.97
ACCT00815,4,Current,5799.39
ACCT00816,4,Current,3393.27
ACCT00817,4,Current,7506.41
ACCT00818,4,Current,4683.53
ACCT00819,4,Current,14086.11
ACCT00820,4,Current,3733.51
ACCT00821,4,Current,10653.17
ACCT00822,4,Current,933.52
ACCT00823,4,Current,13723.25
ACCT00824,4,Current,10897.11
ACCT00825,4,Current,9815.3
ACCT00826,4,30DPD,6364.21
ACCT00827,4,Current,2880.09
ACCT00828,4,Current,12284.21
ACCT00829,4,Current,9498.6
ACCT00830,4,60DPD,2593.97
ACCT00831,4,Current,6536.56
ACCT00832,4,Current,6445.63
ACCT00833,4,Current,9845.41
ACCT00834,4,Current,7575.96
ACCT00835,4,Current,7358.81
ACCT00836,4,Current,8442.21
ACCT00837,4,60DPD,3801.11
ACCT00838,4,Current,4362.65
ACCT00839,4,30DPD,761.83
ACCT00840,4,Current,10653.72
ACCT00841,4,Current,7399.04
ACCT00842,4,Current,6205.94
ACCT00843,4,Current,3182.09
ACCT00844,4,Current,3031.72
ACCT00845,4,Current,9227.34
ACCT00846,4,Current,3441.46
ACCT00847,4,Current,1008.35
ACCT00848,4,Current,10793.59
ACCT00849,4,Current,4993.34
ACCT00850,4,Current,4388.29
ACCT00851,4,Current,5286.56
ACCT00852,4,Current,12532.87
ACCT00853,4,90DPD,3274.07
ACCT00854,4,Current,10653.5
ACCT00855,4,Current,11751.9
ACCT00856,4,Current,11121.0
ACCT00857,4,Current,4758.12
ACCT00858,4,Current,8378.23
ACCT00859,4,Current,5981.37
ACCT00860,4,Current,5399.0
ACCT00861,4,Current,8808.13
ACCT00862,4,Current,4285.32
ACCT00863,4,30DPD,1664.46
ACCT00864,4,60DPD,6105.6
ACCT00865,4,Current,1703.66
ACCT00866,4,Current,5584.27
ACCT00867,4,Current,6670.8
ACCT00868,4,Current,12821.77
ACCT00869,4,30DPD,577.93
ACCT00870,4,Current,8797.02
ACCT00871,4,Current,5000.52
ACCT00872,4,90DPD,375.25
ACCT00873,4,Current,3979.45
ACCT00874,4,Current,1697.78
ACCT00875,4,Current,3374.11
ACCT00876,4,Current,3701.22
ACCT00877,4,Current,4620.3
ACCT00878,4,Current,7416.41
ACCT00879,4,Current,186.55
ACCT00880,4,Current,1990.41
ACCT00881,4,30DPD,1573.8
ACCT00882,4,ChargeOff,8807.6
ACCT00883,4,Current,4666.08
ACCT00884,4,Current,7333.25
ACCT00885,4,Current,3076.09
ACCT00886,4,Current,521.62
ACCT00887,4,Current,11811.71
ACCT00888,4,60DPD,1805.61
ACCT00889,4,Current,1864.43
ACCT00890,4,Current,1904.95
ACCT00891,4,30DPD,13196.51
ACCT00892,4,Current,8130.11
ACCT00893,4,Current,8788.25
ACCT00894,4,Current,10471.69
ACCT00895,4,Current,1012.18
ACCT00896,4,Current,13025.72
ACCT00897,4,Current,2469.23
ACCT00898,4,Current,8115.22
ACCT00899,4,Current,5787.88
ACCT00900,4,Current,5122.24
ACCT00901,4,Current,12712.47
ACCT00902,4,Current,2124.57
ACCT00903,4,Current,13836.76
ACCT00904,4,Current,4279.21
ACCT00905,4,Current,8358.99
ACCT00906,4,Current,11178.87
ACCT00907,4,Current,1042.85
ACCT00908,4,Current,11948.63
ACCT00909,4,Current,8149.67
ACCT00910,4,Current,9325.61
ACCT00911,4,Current,2366.4
ACCT00912,4,Current,7287.88
ACCT00913,4,ChargeOff,8794.7
ACCT00914,4,ChargeOff,6952.46
ACCT00915,4,60DPD,2361.36
ACCT00916,4,Current,3091.03
ACCT00917,4,30DPD,11006.09
ACCT00918,4,Current,531.46
ACCT00919,4,Current,10159.11
ACCT00920,4,Current,12362.05
ACCT00921,4,Current,278.53
ACCT00922,4,Current,2098.53
ACCT00923,4,Current,9339.84
ACCT00924,4,Current,819.29
ACCT00925,4,Current,7430.65
ACCT00926,4,Current,8674.23
ACCT00927,4,Current,7407.01
ACCT00928,4,Current,3940.46
ACCT00929,4,Current,9151.43
ACCT00930,4,Current,7799.92
ACCT00931,4,Current,3047.06
ACCT00932,4,Current,7229.78
ACCT00933,4,Current,11266.9
ACCT00934,4,Current,7905.65
ACCT00935,4,Current,5822.83
ACCT00936,4,Current,4021.55
ACCT00937,4,Current,1291.4
ACCT00938,4,Current,3447.95
ACCT00939,4,Current,356.26
ACCT00940,4,Current,13123.97
ACCT00941,4,Current,3751.52
ACCT00942,4,Current,9464.28
ACCT00943,4,Current,2345.17
ACCT00944,4,Current,3545.02
ACCT00945,4,30DPD,5723.03
ACCT00946,4,Current,4372.21
ACCT00947,4,Current,11705.32
ACCT00948,4,Current,11180.05
ACCT00949,4,Current,11020.4
ACCT00950,4,60DPD,1888.25
ACCT00951,4,Current,9653.77
ACCT00952,4,Current,1936.91
ACCT00953,4,Current,11403.86
ACCT00954,4,90DPD,6315.71
ACCT00955,4,Current,3368.93
ACCT00956,4,Current,2096.52
ACCT00957,4,Current,292.85
ACCT00958,4,Current,3366.78
ACCT00959,4,30DPD,9016.2
ACCT00960,4,Current,9637.54
ACCT00961,4,Current,11522.81
ACCT00962,4,30DPD,1289.66
ACCT00963,4,Current,7241.33
ACCT00964,4,Current,3942.55
ACCT00965,4,Current,6030.5
ACCT00966,4,Current,4404.67
ACCT00967,4,Current,3657.66
ACCT00968,4,Current,6861.28
ACCT00969,4,Current,2555.21
ACCT00970,4,Current,5755.51
ACCT00971,4,Current,9941.21
ACCT00972,4,Current,1865.93
ACCT00973,4,Current,13447.03
ACCT00974,4,Current,5210.8
ACCT00975,4,Current,10616.46
ACCT00976,4,Current,8695.25
ACCT00977,4,Current,10409.65
ACCT00978,4,Current,9797.6
ACCT00979,4,Current,10888.25
ACCT00980,4,ChargeOff,9281.36
ACCT00981,4,Current,3565.58
ACCT00982,4,Current,1597.88
ACCT00983,4,Current,8392.37
ACCT00984,4,Current,1110.96
ACCT00985,4,60DPD,2965.03
ACCT00986,4,Current,918.35
ACCT00987,4,Current,5875.46
ACCT00988,4,Current,2449.6
ACCT00989,4,Current,8034.19
ACCT00990,4,Current,8712.73
ACCT00991,4,Current,11935.99
ACCT00992,4,Current,3364.67
ACCT00993,4,Current,7234.99
ACCT00994,4,Current,6615.77
ACCT00995,4,Current,5982.14
ACCT00996,4,60DPD,7397.54
ACCT00997,4,Current,2651.87
ACCT00998,4,ChargeOff,14692.8
ACCT00999,4,Current,1599.84
ACCT01000,4,Current,13188.93
ACCT01001,4,Current,8283.4
ACCT01002,4,Current,2942.61
ACCT01003,4,Current,10584.28
ACCT01004,4,Current,998.38
ACCT01005,4,30DPD,11289.65
ACCT01006,4,90DPD,8319.99
ACCT01007,4,Current,1527.82
ACCT01008,4,Current,1232.41
ACCT01009,4,Current,9438.25
ACCT01010,4,Current,3782.89
ACCT01011,4,Current,10070.73
ACCT01012,4,Current,10933.39
ACCT01013,4,ChargeOff,9392.98
ACCT01014,4,Current,4146.86
ACCT01015,4,Current,9924.63
ACCT01016,4,Current,11581.4
ACCT01017,4,Current,1426.21
ACCT01018,4,Current,4167.1
ACCT01019,4,Current,3184.9
ACCT01020,4,Current,5347.09
ACCT01021,4,Current,10626.02
ACCT01022,4,ChargeOff,7218.79
ACCT01023,4,Current,7668.1
ACCT01024,4,Current,4014.64
ACCT01025,4,Current,1959.68
ACCT01026,4,Current,3124.52
ACCT01027,4,Current,12338.29
ACCT01028,4,Current,6290.37
ACCT01029,4,Current,5186.47
ACCT01030,4,Current,10439.12
ACCT01031,4,Current,1070.38
ACCT01032,4,Current,3333.45
ACCT01033,4,Current,3424.57
ACCT01034,4,Current,11496.72
ACCT01035,4,Current,9725.4
ACCT01036,4,Current,7644.08
ACCT01037,4,Current,209.58
ACCT01038,4,Current,2898.16
ACCT01039,4,30DPD,9175.77
ACCT01040,4,Current,4398.06
ACCT01041,4,Current,13737.58
ACCT01042,4,Current,8830.4
ACCT01043,4,Current,4763.39
ACCT01044,4,Current,8760.45
ACCT01045,4,30DPD,13149.9
ACCT01046,4,Current,5266.54
ACCT01047,4,Current,9735.45
ACCT01048,4,Current,12952.01
ACCT01049,4,Current,3268.96
ACCT01050,4,30DPD,11030.56
ACCT01051,4,Current,1391.67
ACCT01052,4,Current,8984.95
ACCT01053,4,Current,9175.79
ACCT01054,4,Current,8303.16
ACCT01055,4,Current,5058.68
ACCT01056,4,60DPD,8165.67
ACCT01057,4,90DPD,1970.99
ACCT01058,4,Current,2583.29
ACCT01059,4,Current,3939.82
ACCT01060,4,90DPD,7939.48
ACCT01061,4,Current,6094.03
ACCT01062,4,Current,4153.41
ACCT01063,4,30DPD,12218.93
ACCT01064,4,Current,4484.81
ACCT01065,4,Current,6001.97
ACCT01066,4,Current,6518.22
ACCT01067,4,Current,2875.23
ACCT01068,4,Current,8224.37
ACCT01069,4,Current,5506.5
ACCT01070,4,Current,362.59
ACCT01071,4,Current,12843.36
ACCT01072,4,Current,10185.2
ACCT01073,4,Current,9116.95
ACCT01074,4,Current,11181.46
ACCT01075,4,Current,11822.29
ACCT01076,4,Current,4399.06
ACCT01077,4,Current,8119.49
ACCT01078,4,Current,8651.19
ACCT01079,4,Current,3668.67
ACCT01080,4,60DPD,2887.01
ACCT01081,4,Current,1698.72
ACCT01082,4,90DPD,9206.12
ACCT01083,4,Current,10395.68
ACCT01084,4,ChargeOff,11423.6
ACCT01085,4,Current,4151.63
ACCT01086,4,Current,2340.49
ACCT01087,4,Current,4564.25
ACCT01088,4,Current,6850.37
ACCT01089,4,Current,13038.83
ACCT01090,4,30DPD,10955.94
ACCT01091,4,Current,11500.05
ACCT01092,4,Current,10931.84
ACCT01093,4,Current,11195.63
ACCT01094,4,30DPD,5701.9
ACCT01095,4,Current,797.4
ACCT01096,4,Current,1229.18
ACCT01097,4,Current,5248.59
ACCT01098,4,Current,3413.5
ACCT01099,4,Current,2149.04
ACCT01100,4,Current,10092.42
ACCT01101,4,Current,2464.85
ACCT01102,4,Current,13191.28
ACCT01103,4,Current,8642.84
ACCT01104,4,Current,8140.42
ACCT01105,4,Current,7633.36
ACCT01106,4,Current,3969.84
ACCT01107,4,Current,7534.53
ACCT01108,4,ChargeOff,2963.04
ACCT01109,4,30DPD,13671.17
ACCT01110,4,Current,4450.53
ACCT01111,4,Current,3410.92
ACCT01112,4,Current,9429.99
ACCT01113,4,Current,9100.49
ACCT01114,4,ChargeOff,5890.53
ACCT01115,4,Current,7264.68
ACCT01116,4,Current,1927.45
ACCT01117,4,Current,8499.37
ACCT01118,4,Current,3259.46
ACCT01119,4,Current,3136.88
ACCT01120,4,Current,2290.13
ACCT01121,4,Current,4884.3
ACCT01122,4,Current,3936.7
ACCT01123,4,Current,5864.62
ACCT01124,4,Current,2643.08
ACCT01125,4,Current,2681.0
ACCT01126,4,Current,9050.0
ACCT01127,4,Current,1782.01
ACCT01128,4,Current,7309.05
ACCT01129,4,ChargeOff,14170.42
ACCT01130,4,ChargeOff,6516.58
ACCT01131,4,Current,13143.91
ACCT01132,4,Current,1436.71
ACCT01133,4,Current,697.12
ACCT01134,4,Current,10496.0
ACCT01135,4,60DPD,9138.9
ACCT01136,4,Current,11690.84
ACCT01137,4,Current,846.71
ACCT01138,4,Current,10678.71
ACCT01139,4,Current,5465.36
ACCT01140,4,Current,4345.69
ACCT01141,4,Current,2256.48
ACCT01142,4,Current,13010.51
ACCT01143,4,Current,1061.56
ACCT01144,4,Current,9695.82
ACCT01145,4,Current,7948.2
ACCT01146,4,Current,8537.18
ACCT01147,4,Current,10069.23
ACCT01148,4,Current,8784.64
ACCT01149,4,Current,2667.34
ACCT01150,4,Current,196.65
ACCT01151,4,Current,7387.15
ACCT01152,4,Current,4303.34
ACCT01153,4,Current,1887.09
ACCT01154,4,Current,2586.2
ACCT01155,4,90DPD,4143.36
ACCT01156,4,Current,1062.21
ACCT01157,4,Current,989.32
ACCT01158,4,90DPD,12064.28
ACCT01159,4,Current,4974.3
ACCT01160,4,Current,13655.62
ACCT01161,4,Current,10411.0
ACCT01162,4,Current,2339.45
ACCT01163,4,Current,8280.48
ACCT01164,4,Current,7804.77
ACCT01165,4,Current,8182.69
ACCT01166,4,Current,1318.81
ACCT01167,4,Current,3024.09
ACCT01168,4,Current,1091.6
ACCT01169,4,Current,7088.3
ACCT01170,4,Current,14583.11
ACCT01171,4,Current,8161.03
ACCT01172,4,Current,9877.81
ACCT01173,4,Current,12381.27
ACCT01174,4,60DPD,8296.73
ACCT01175,4,Current,676.93
ACCT01176,4,Current,10896.32
ACCT01177,4,30DPD,4694.02
ACCT01178,4,Current,229.57
ACCT01179,4,Current,5367.39
ACCT01180,4,Current,11088.14
ACCT01181,4,Current,3858.83
ACCT01182,4,30DPD,6427.12
ACCT01183,4,Current,2296.88
ACCT01184,4,Current,1007.51
ACCT01185,4,Current,1072.31
ACCT01186,4,Current,11342.47
ACCT01187,4,ChargeOff,12988.3
ACCT01188,4,Current,1921.58
ACCT01189,4,Current,4268.56
ACCT01190,4,Current,2910.72
ACCT01191,4,Current,530.85
ACCT01192,4,30DPD,7785.48
ACCT01193,4,ChargeOff,9247.54
ACCT01194,4,Current,7732.09
ACCT01195,4,Current,4781.25
ACCT01196,4,Current,7844.23
ACCT01197,4,Current,1257.95
ACCT01198,4,90DPD,2019.64
ACCT01199,4,Current,11208.28
ACCT01200,4,Current,9249.05
ACCT01201,4,Current,12547.74
ACCT01202,4,Current,11335.89
ACCT01203,4,Current,8578.77
ACCT01204,4,Current,11279.56
ACCT01205,4,60DPD,4829.74
ACCT01206,4,90DPD,221.85
ACCT01207,4,Current,1039.41
ACCT01208,4,Current,1329.8
ACCT01209,4,Current,1494.13
ACCT01210,4,30DPD,4413.69
ACCT01211,4,Current,9188.86
ACCT01212,4,Current,9867.76
ACCT01213,4,Current,9069.08
ACCT01214,4,Current,1934.41
ACCT01215,4,Current,7702.33
ACCT01216,4,Current,4643.12
ACCT01217,4,30DPD,323.46
ACCT01218,4,30DPD,4033.84
ACCT01219,4,Current,3743.56
ACCT01220,4,Current,3728.92
ACCT01221,4,Current,10664.02
ACCT01222,4,Current,10200.71
ACCT01223,4,Current,9228.75
ACCT01224,4,30DPD,1464.92
ACCT01225,4,Current,11025.81
ACCT01226,4,Current,7507.6
ACCT01227,4,Current,2223.59
ACCT01228,4,Current,10141.26
ACCT01229,4,Current,6162.27
ACCT01230,4,Current,5455.08
ACCT01231,4,Current,1432.28
ACCT01232,4,Current,7763.09
ACCT01233,4,Current,1808.38
ACCT01234,4,30DPD,2253.38
ACCT01235,4,Current,1820.01
ACCT01236,4,Current,12548.74
ACCT01237,4,Current,3943.22
ACCT01238,4,Current,4897.92
ACCT01239,4,Current,4091.2
ACCT01240,4,Current,10772.77
ACCT01241,4,60DPD,7712.33
ACCT01242,4,Current,11818.07
ACCT01243,4,Current,3829.8
ACCT01244,4,Current,1869.44
ACCT01245,4,Current,7516.96
ACCT01246,4,60DPD,4147.81
ACCT01247,4,Current,10270.28
ACCT01248,4,Current,10544.32
ACCT01249,4,Current,5312.72
ACCT01250,4,Current,11582.12
ACCT01251,4,60DPD,6012.12
ACCT01252,4,Current,4014.07
ACCT01253,4,Current,6290.28
ACCT01254,4,Current,696.92
ACCT01255,4,Current,10643.09
ACCT01256,4,Current,1870.33
ACCT01257,4,Current,3601.49
ACCT01258,4,Current,6259.78
ACCT01259,4,ChargeOff,836.03
ACCT01260,4,Current,1003.68
ACCT01261,4,Current,10061.03
ACCT01262,4,Current,1195.25
ACCT01263,4,Current,6240.58
ACCT01264,4,30DPD,4762.29
ACCT01265,4,Current,3384.49
ACCT01266,4,Current,2573.67
ACCT01267,4,ChargeOff,10307.24
ACCT01268,4,Current,11057.32
ACCT01269,4,Current,1927.29
ACCT01270,4,90DPD,13013.99
ACCT01271,4,Current,6679.3
ACCT01272,4,Current,9845.32
ACCT01273,4,Current,8882.36
ACCT01274,4,Current,7343.58
ACCT01275,4,60DPD,10884.93
ACCT01276,4,Current,6762.95
ACCT01277,4,Current,6487.88
ACCT01278,4,Current,4857.86
ACCT01279,4,Current,1536.71
ACCT01280,4,Current,8162.01
ACCT01281,4,Current,664.84
ACCT01282,4,Current,3848.42
ACCT01283,4,Current,1519.85
ACCT01284,4,Current,2315.01
ACCT01285,4,Current,8021.67
ACCT01286,4,Current,9764.33
ACCT01287,4,Current,5498.94
ACCT01288,4,Current,1404.56
ACCT01289,4,Current,5304.32
ACCT01290,4,Current,4758.63
ACCT01291,4,Current,9571.93
ACCT01292,4,Current,7283.47
ACCT01293,4,Current,6677.56
ACCT01294,4,Current,6180.93
ACCT01295,4,Current,13732.44
ACCT01296,4,Current,8870.7
ACCT01297,4,Current,6280.11
ACCT01298,4,Current,6859.97
ACCT01299,4,Current,486.99
ACCT01300,4,Current,12454.92
ACCT01301,4,Current,4655.34
ACCT01302,4,90DPD,3677.85
ACCT01303,4,Current,15381.1
ACCT01304,4,Current,9809.82
ACCT01305,4,Current,668.85
ACCT01306,4,Current,1152.04
ACCT01307,4,Current,496.86
ACCT01308,4,Current,7956.28
ACCT01309,4,ChargeOff,1180.37
ACCT01310,4,Current,10188.61
ACCT01311,4,Current,10998.94
ACCT01312,4,Current,5791.24
ACCT01313,4,Current,8369.74
ACCT01314,4,Current,4315.21
ACCT01315,4,Current,1016.97
ACCT01316,4,Current,9443.69
ACCT01317,4,30DPD,1686.28
ACCT01318,4,Current,1390.03
ACCT01319,4,Current,4663.03
ACCT01320,4,Current,289.36
ACCT01321,4,Current,5356.78
ACCT01322,4,Current,8965.26
ACCT01323,4,Current,9278.82
ACCT01324,4,Current,7557.54
ACCT01325,4,Current,10507.6
ACCT01326,4,Current,4873.17
ACCT01327,4,Current,12695.66
ACCT01328,4,Current,7866.69
ACCT01329,4,Current,3292.71
ACCT01330,4,30DPD,12067.38
ACCT01331,4,Current,4086.72
ACCT01332,4,30DPD,460.32
ACCT01333,4,Current,3002.3
ACCT01334,4,90DPD,5228.97
ACCT01335,4,Current,4082.41
ACCT01336,4,Current,6535.43
ACCT01337,4,Current,12629.68
ACCT01338,4,90DPD,4347.88
ACCT01339,4,Current,5743.03
ACCT01340,4,Current,3920.86
ACCT01341,4,Current,10992.4
ACCT01342,4,Current,2400.82
ACCT01343,4,60DPD,1521.27
ACCT01344,4,ChargeOff,7644.33
ACCT01345,4,Current,9133.26
ACCT01346,4,Current,11250.7
ACCT01347,4,30DPD,7465.56
ACCT01348,4,Current,9744.16
ACCT01349,4,Current,4450.68
ACCT01350,4,Current,545.98
ACCT01351,4,Current,1745.32
ACCT01352,4,Current,694.89
ACCT01353,4,Current,4904.0
ACCT01354,4,Current,6895.88
ACCT01355,4,Current,4604.19
ACCT01356,4,90DPD,8020.12
ACCT01357,4,Current,6867.72
ACCT01358,4,Current,8227.57
ACCT01359,4,Current,9962.86
ACCT01360,4,Current,4078.52
ACCT01361,4,Current,4263.83
ACCT01362,4,Current,8630.17
ACCT01363,4,Current,8572.65
ACCT01364,4,60DPD,3796.58
ACCT01365,4,Current,4841.05
ACCT01366,4,Current,9364.26
ACCT01367,4,Current,7174.67
ACCT01368,4,Current,1805.84
ACCT01369,4,Current,5015.58
ACCT01370,4,Current,12308.02
ACCT01371,4,90DPD,685.95
ACCT01372,4,Current,10923.74
ACCT01373,4,30DPD,2104.26
ACCT01374,4,90DPD,5688.65
ACCT01375,4,Current,5848.5
ACCT01376,4,Current,295.68
ACCT01377,4,Current,11582.65
ACCT01378,4,Current,6368.72
ACCT01379,4,Current,14505.39
ACCT01380,4,Current,3858.7
ACCT01381,4,Current,13020.97
ACCT01382,4,Current,11910.41
ACCT01383,4,ChargeOff,8441.12
ACCT01384,4,Current,2471.83
ACCT01385,4,Current,7594.2
ACCT01386,4,Current,8191.56
ACCT01387,4,Current,12450.66
ACCT01388,4,30DPD,5145.66
ACCT01389,4,Current,3583.39
ACCT01390,4,30DPD,2070.0
ACCT01391,4,Current,8666.52
ACCT01392,4,Current,12137.22
ACCT01393,4,Current,538.09
ACCT01394,4,Current,9457.97
ACCT01395,4,Current,9916.77
ACCT01396,4,Current,1024.59
ACCT01397,4,30DPD,1835.29
ACCT01398,4,Current,8943.64
ACCT01399,4,Current,9886.66
ACCT01400,4,Current,961.15
ACCT01401,4,Current,10686.04
ACCT01402,4,ChargeOff,6899.33
ACCT01403,4,Current,11800.48
ACCT01404,4,Current,11818.79
ACCT01405,4,Current,12500.95
ACCT01406,4,Current,7222.49
ACCT01407,4,Current,3839.85
ACCT01408,4,Current,6271.1
ACCT01409,4,Current,1319.78
ACCT01410,4,Current,8687.13
ACCT01411,4,ChargeOff,2192.77
ACCT01412,4,Current,6885.38
ACCT01413,4,Current,994.94
ACCT01414,4,Current,4405.77
ACCT01415,4,Current,2946.54
ACCT01416,4,Current,7331.36
ACCT01417,4,60DPD,10344.61
ACCT01418,4,Current,738.2
ACCT01419,4,Current,12245.74
ACCT01420,4,Current,10343.05
ACCT01421,4,Current,4596.66
ACCT01422,4,Current,6563.64
ACCT01423,4,Current,6368.52
ACCT01424,4,Current,2337.4
ACCT01425,4,Current,6444.87
ACCT01426,4,Current,1087.55
ACCT01427,4,Current,14010.85
ACCT01428,4,Current,13123.47
ACCT01429,4,Current,8369.3
ACCT01430,4,Current,8102.25
ACCT01431,4,Current,6943.59
ACCT01432,4,30DPD,12504.25
ACCT01433,4,Current,3307.0
ACCT01434,4,Current,1373.23
ACCT01435,4,90DPD,7463.23
ACCT01436,4,Current,4045.84
ACCT01437,4,Current,4424.88
ACCT01438,4,ChargeOff,290.47
ACCT01439,4,Current,7255.38
ACCT01440,4,Current,3432.59
ACCT01441,4,Current,2458.16
ACCT01442,4,Current,637.5
ACCT01443,4,Current,4664.53
ACCT01444,4,Current,9897.47
ACCT01445,4,Current,4617.18
ACCT01446,4,Current,8758.65
ACCT01447,4,Current,9601.18
ACCT01448,4,Current,4502.72
ACCT01449,4,Current,11173.59
ACCT01450,4,Current,8522.06
ACCT01451,4,Current,5736.84
ACCT01452,4,Current,174.36
ACCT01453,4,Current,485.33
ACCT01454,4,Current,11773.46
ACCT01455,4,Current,12440.93
ACCT01456,4,Current,11039.87
ACCT01457,4,Current,12086.38
ACCT01458,4,60DPD,466.83
ACCT01459,4,Current,10446.28
ACCT01460,4,Current,5804.49
ACCT01461,4,Current,11712.06
ACCT01462,4,Current,261.21
ACCT01463,4,Current,3899.78
ACCT01464,4,Current,10867.14
ACCT01465,4,Current,9049.9
ACCT01466,4,Current,8490.1
ACCT01467,4,Current,3983.68
ACCT01468,4,Current,3493.68
ACCT01469,4,Current,12747.14
ACCT01470,4,ChargeOff,6304.26
ACCT01471,4,Current,5526.64
ACCT01472,4,Current,7974.26
ACCT01473,4,30DPD,5357.12
ACCT01474,4,Current,6164.99
ACCT01475,4,Current,4880.05
ACCT01476,4,Current,10649.16
ACCT01477,4,ChargeOff,13653.96
ACCT01478,4,Current,11394.89
ACCT01479,4,Current,8924.87
ACCT01480,4,Current,5539.28
ACCT01481,4,Current,8493.57
ACCT01482,4,Current,10634.5
ACCT01483,4,Current,7363.08
ACCT01484,4,Current,8634.39
ACCT01485,4,Current,8895.61
ACCT01486,4,60DPD,9110.28
ACCT01487,4,Current,9323.99
ACCT01488,4,Current,2737.35
ACCT01489,4,Current,5929.07
ACCT01490,4,Current,8996.66
ACCT01491,4,Current,196.32
ACCT01492,4,Current,11777.31
ACCT01493,4,Current,8863.38
ACCT01494,4,Current,1718.91
ACCT01495,4,Current,9582.82
ACCT01496,4,Current,8988.53
ACCT01497,4,Current,8171.98
ACCT01498,4,Current,4360.38
ACCT01499,4,Current,11139.34
ACCT01500,4,Current,6293.86
ACCT01501,4,ChargeOff,7451.29
ACCT01502,4,Current,165.44
ACCT01503,4,Current,8739.84
ACCT01504,4,60DPD,9565.42
ACCT01505,4,Current,7594.33
ACCT01506,4,Current,6615.74
ACCT01507,4,Current,9934.72
ACCT01508,4,Current,8884.94
ACCT01509,4,60DPD,4024.12
ACCT01510,4,Current,12849.64
ACCT01511,4,Current,9961.48
ACCT01512,4,Current,12855.46
ACCT01513,4,Current,13099.82
ACCT01514,4,Current,11724.34
ACCT01515,4,Current,11578.98
ACCT01516,4,Current,6683.6
ACCT01517,4,90DPD,2148.88
ACCT01518,4,Current,6767.66
ACCT01519,4,Current,11692.2
ACCT01520,4,Current,6596.91
ACCT01521,4,Current,13607.2
ACCT01522,4,Current,1241.69
ACCT01523,4,Current,5106.76
ACCT01524,4,Current,7286.34
ACCT01525,4,Current,5696.9
ACCT01526,4,Current,1445.49
ACCT01527,4,Current,1701.78
ACCT01528,4,Current,10952.99
ACCT01529,4,Current,6524.38
ACCT01530,4,Current,754.46
ACCT01531,4,Current,436.94
ACCT01532,4,Current,6566.19
ACCT01533,4,Current,2642.2
ACCT01534,4,Current,9542.76
ACCT01535,4,Current,10664.39
ACCT01536,4,90DPD,3137.24
ACCT01537,4,Current,8642.22
ACCT01538,4,Current,1682.58
ACCT01539,4,60DPD,4162.04
ACCT01540,4,Current,12854.48
ACCT01541,4,Current,7346.58
ACCT01542,4,Current,10559.6
ACCT01543,4,Current,2805.15
ACCT01544,4,Current,4136.23
ACCT01545,4,Current,5475.56
ACCT01546,4,Current,6600.81
ACCT01547,4,60DPD,14945.13
ACCT01548,4,Current,1873.6
ACCT01549,4,Current,11732.26
ACCT01550,4,30DPD,12853.13
ACCT01551,4,Current,6680.94
ACCT01552,4,60DPD,4604.37
ACCT01553,4,Current,7816.08
ACCT01554,4,Current,4461.79
ACCT01555,4,Current,9349.09
ACCT01556,4,90DPD,7193.76
ACCT01557,4,Current,11658.03
ACCT01558,4,Current,8909.84
ACCT01559,4,Current,6691.75
ACCT01560,4,ChargeOff,10723.83
ACCT01561,4,Current,5816.72
ACCT01562,4,Current,12102.03
ACCT01563,4,Current,2460.56
ACCT01564,4,Current,10448.65
ACCT01565,4,Current,12484.96
ACCT01566,4,Current,9500.82
ACCT01567,4,Current,6513.4
ACCT01568,4,Current,9136.37
ACCT01569,4,Current,5291.02
ACCT01570,4,Current,9910.98
ACCT01571,4,Current,2189.02
ACCT01572,4,Current,4535.61
ACCT01573,4,Current,6523.53
ACCT01574,4,Current,4096.51
ACCT01575,4,Current,5081.82
ACCT01576,4,Current,11329.63
ACCT01577,4,90DPD,3194.04
ACCT01578,4,ChargeOff,11230.16
ACCT01579,4,Current,1112.03
ACCT01580,4,Current,10780.32
ACCT01581,4,Current,11074.01
ACCT01582,4,Current,4812.58
ACCT01583,4,Current,9206.19
ACCT01584,4,Current,12564.29
ACCT01585,4,Current,10931.31
ACCT01586,4,Current,4532.27
ACCT01587,4,Current,5539.84
ACCT01588,4,Current,11060.16
ACCT01589,4,Current,3377.47
ACCT01590,4,Current,11131.57
ACCT01591,4,30DPD,4591.55
ACCT01592,4,90DPD,11019.24
ACCT01593,4,Current,1476.33
ACCT01594,4,Current,726.28
ACCT01595,4,Current,13313.46
ACCT01596,4,Current,11792.2
ACCT01597,4,30DPD,11401.31
ACCT01598,4,Current,10447.5
ACCT01599,4,30DPD,5297.98
ACCT01600,4,Current,3279.24
ACCT01601,4,Current,1792.22
ACCT01602,4,Current,5200.69
ACCT01603,4,Current,3637.96
ACCT01604,4,Current,12818.05
ACCT01605,4,Current,244.37
ACCT01606,4,Current,1744.47
ACCT01607,4,Current,2976.61
ACCT01608,4,Current,2247.79
ACCT01609,4,Current,3016.41
ACCT01610,4,Current,6829.71
ACCT01611,4,Current,4324.31
ACCT01612,4,Current,7601.08
ACCT01613,4,Current,13251.89
ACCT01614,4,30DPD,7665.82
ACCT01615,4,Current,10027.51
ACCT01616,4,Current,5176.66
ACCT01617,4,Current,2368.35
ACCT01618,4,ChargeOff,4944.64
ACCT01619,4,Current,12746.47
ACCT01620,4,Current,6850.06
ACCT01621,4,Current,4293.73
ACCT01622,4,Current,5557.97
ACCT01623,4,30DPD,12961.36
ACCT01624,4,Current,8437.05
ACCT01625,4,Current,7340.68
ACCT01626,4,Current,12261.64
ACCT01627,4,Current,8602.4
ACCT01628,4,Current,8169.51
ACCT01629,4,Current,2222.4
ACCT01630,4,Current,1487.84
ACCT01631,4,Current,10759.43
ACCT01632,4,Current,7066.03
ACCT01633,4,Current,5470.85
ACCT01634,4,ChargeOff,8917.51
ACCT01635,4,Current,951.4
ACCT01636,4,Current,9947.35
ACCT01637,4,Current,2889.81
ACCT01638,4,30DPD,9524.07
ACCT01639,4,Current,5890.83
ACCT01640,4,Current,3823.51
ACCT01641,4,30DPD,550.72
ACCT01642,4,30DPD,8955.75
ACCT01643,4,30DPD,2470.61
ACCT01644,4,Current,837.6
ACCT01645,4,Current,7772.47
ACCT01646,4,Current,4932.9
ACCT01647,4,Current,4467.44
ACCT01648,4,Current,3247.53
ACCT01649,4,Current,11346.07
ACCT01650,4,Current,3390.14
ACCT01651,4,Current,2963.82
ACCT01652,4,Current,3987.14
ACCT01653,4,Current,3119.6
ACCT01654,4,Current,4204.6
ACCT01655,4,Current,1246.66
ACCT01656,4,Current,2128.23
ACCT01657,4,Current,4616.03
ACCT01658,4,Current,11913.75
ACCT01659,4,Current,936.81
ACCT01660,4,Current,2402.35
ACCT01661,4,Current,10450.74
ACCT01662,4,Current,9704.99
ACCT01663,4,Current,9885.54
ACCT01664,4,Current,2805.85
ACCT01665,4,Current,5600.76
ACCT01666,4,Current,2646.51
ACCT01667,4,Current,1562.92
ACCT01668,4,Current,5477.11
ACCT01669,4,Current,7123.93
ACCT01670,4,Current,4410.52
ACCT01671,4,Current,7539.95
ACCT01672,4,Current,3961.24
ACCT01673,4,Current,4188.73
ACCT01674,4,60DPD,10017.06
ACCT01675,4,Current,10424.13
ACCT01676,4,Current,3168.39
ACCT01677,4,Current,7249.86
ACCT01678,4,Current,3801.43
ACCT01679,4,30DPD,767.87
ACCT01680,4,Current,8608.83
ACCT01681,4,60DPD,2547.34
ACCT01682,4,Current,5606.87
ACCT01683,4,Current,6349.99
ACCT01684,4,Current,2287.41
ACCT01685,4,Current,1655.9
ACCT01686,4,Current,4958.25
ACCT01687,4,Current,11688.12
ACCT01688,4,Current,8099.45
ACCT01689,4,60DPD,5794.57
ACCT01690,4,30DPD,663.9
ACCT01691,4,Current,7932.21
ACCT01692,4,Current,1353.99
ACCT01693,4,Current,7550.2
ACCT01694,4,Current,7768.52
ACCT01695,4,Current,5633.59
ACCT01696,4,Current,3527.43
ACCT01697,4,Current,749.56
ACCT01698,4,30DPD,427.45
ACCT01699,4,Current,5970.65
ACCT01700,4,Current,11643.31
ACCT01701,4,ChargeOff,3881.01
ACCT01702,4,Current,7803.8
ACCT01703,4,Current,8822.91
ACCT01704,4,Current,1053.42
ACCT01705,4,ChargeOff,1976.75
ACCT01706,4,Current,3765.86
ACCT01707,4,60DPD,8494.49
ACCT01708,4,30DPD,6642.48
ACCT01709,4,Current,9218.97
ACCT01710,4,Current,10303.26
ACCT01711,4,Current,10077.94
ACCT01712,4,Current,13961.55
ACCT01713,4,Current,10018.97
ACCT01714,4,Current,9997.05
ACCT01715,4,Current,12201.13
ACCT01716,4,Current,8247.0
ACCT01717,4,Current,8861.72
ACCT01718,4,30DPD,10623.3
ACCT01719,4,Current,7251.48
ACCT01720,4,Current,7510.6
ACCT01721,4,Current,6414.27
ACCT01722,4,Current,11834.37
ACCT01723,4,Current,5740.81
ACCT01724,4,Current,10221.65
ACCT01725,4,60DPD,8417.66
ACCT01726,4,Current,13179.03
ACCT01727,4,Current,3363.31
ACCT01728,4,Current,9257.89
ACCT01729,4,Current,8672.93
ACCT01730,4,Current,13816.87
ACCT01731,4,Current,10604.36
ACCT01732,4,Current,6499.39
ACCT01733,4,Current,7678.46
ACCT01734,4,Current,2078.12
ACCT01735,4,Current,13877.78
ACCT01736,4,Current,3993.23
ACCT01737,4,Current,8719.74
ACCT01738,4,30DPD,10553.54
ACCT01739,4,30DPD,5267.02
ACCT01740,4,Current,2923.88
ACCT01741,4,30DPD,2519.26
ACCT01742,4,Current,11217.43
ACCT01743,4,Current,5776.77
ACCT01744,4,Current,1618.49
ACCT01745,4,Current,9579.38
ACCT01746,4,Current,3215.35
ACCT01747,4,Current,13538.06
ACCT01748,4,30DPD,4118.01
ACCT01749,4,Current,2703.51
ACCT01750,4,Current,1205.3
ACCT01751,4,Current,8096.48
ACCT01752,4,Current,5091.58
ACCT01753,4,Current,9704.5
ACCT01754,4,Current,6609.97
ACCT01755,4,Current,5187.37
ACCT01756,4,Current,4017.28
ACCT01757,4,Current,3993.24
ACCT01758,4,Current,11618.14
ACCT01759,4,Current,2100.02
ACCT01760,4,Current,9998.79
ACCT01761,4,Current,4769.48
ACCT01762,4,Current,1263.87
ACCT01763,4,Current,3722.57
ACCT01764,4,Current,953.77
ACCT01765,4,Current,9077.62
ACCT01766,4,Current,7041.77
ACCT01767,4,Current,5225.65
ACCT01768,4,Current,8591.52
ACCT01769,4,Current,8416.27
ACCT01770,4,Current,13439.48
ACCT01771,4,Current,11637.24
ACCT01772,4,Current,9495.48
ACCT01773,4,Current,11323.99
ACCT01774,4,Current,10165.82
ACCT01775,4,Current,4934.75
ACCT01776,4,Current,8059.65
ACCT01777,4,Current,1109.75
ACCT01778,4,Current,9794.0
ACCT01779,4,Current,12155.99
ACCT01780,4,Current,1111.71
ACCT01781,4,Current,11650.2
ACCT01782,4,Current,9249.75
ACCT01783,4,Current,3246.56
ACCT01784,4,Current,7164.07
ACCT01785,4,Current,11128.3
ACCT01786,4,Current,10482.72
ACCT01787,4,30DPD,2177.79
ACCT01788,4,Current,4254.62
ACCT01789,4,30DPD,8475.25
ACCT01790,4,Current,3137.79
ACCT01791,4,Current,4450.26
ACCT01792,4,Current,515.08
ACCT01793,4,Current,2118.62
ACCT01794,4,60DPD,7739.97
ACCT01795,4,Current,8175.22
ACCT01796,4,30DPD,9379.62
ACCT01797,4,Current,9077.15
ACCT01798,4,Current,5973.7
ACCT01799,4,Current,4263.21
ACCT01800,4,Current,469.88
ACCT01801,4,Current,3008.31
ACCT01802,4,Current,3909.44
ACCT01803,4,Current,2564.26
ACCT01804,4,Current,360.41
ACCT01805,4,Current,1943.47
ACCT01806,4,Current,8899.38
ACCT01807,4,Current,8434.66
ACCT01808,4,Current,11511.52
ACCT01809,4,Current,11410.23
ACCT01810,4,Current,6477.39
ACCT01811,4,Current,1949.44
ACCT01812,4,Current,7209.77
ACCT01813,4,Current,992.96
ACCT01814,4,Current,6473.01
ACCT01815,4,Current,5223.8
ACCT01816,4,Current,6052.39
ACCT01817,4,Current,3831.4
ACCT01818,4,Current,10706.31
ACCT01819,4,30DPD,9557.71
ACCT01820,4,30DPD,9288.21
ACCT01821,4,Current,9236.45
ACCT01822,4,Current,6235.06
ACCT01823,4,Current,588.65
ACCT01824,4,30DPD,10325.9
ACCT01825,4,Current,7516.55
ACCT01826,4,Current,3712.81
ACCT01827,4,Current,3904.46
ACCT01828,4,Current,9958.23
ACCT01829,4,90DPD,8338.36
ACCT01830,4,Current,7367.53
ACCT01831,4,ChargeOff,9299.43
ACCT01832,4,Current,5506.25
ACCT01833,4,Current,4925.87
ACCT01834,4,30DPD,4358.57
ACCT01835,4,Current,6344.9
ACCT01836,4,Current,8425.97
ACCT01837,4,Current,635.06
ACCT01838,4,Current,9697.54
ACCT01839,4,Current,3389.45
ACCT01840,4,Current,10249.07
ACCT01841,4,Current,6751.63
ACCT01842,4,Current,7235.09
ACCT01843,4,Current,7770.3
ACCT01844,4,Current,12784.76
ACCT01845,4,Current,7309.5
ACCT01846,4,Current,9815.45
ACCT01847,4,Current,8730.41
ACCT01848,4,Current,3253.16
ACCT01849,4,Current,3843.01
ACCT01850,4,Current,6277.92
ACCT01851,4,90DPD,3520.33
ACCT01852,4,Current,5228.59
ACCT01853,4,Current,4789.43
ACCT01854,4,Current,9444.32
ACCT01855,4,ChargeOff,3454.37
ACCT01856,4,Current,11451.99
ACCT01857,4,Current,6610.69
ACCT01858,4,Current,9084.65
ACCT01859,4,30DPD,1149.48
ACCT01860,4,Current,6092.31
ACCT01861,4,ChargeOff,617.65
ACCT01862,4,ChargeOff,10203.47
ACCT01863,4,Current,4142.96
ACCT01864,4,Current,10321.03
ACCT01865,4,Current,4080.38
ACCT01866,4,Current,6876.94
ACCT01867,4,Current,3089.06
ACCT01868,4,Current,7078.71
ACCT01869,4,Current,5777.35
ACCT01870,4,60DPD,4583.03
ACCT01871,4,Current,2669.36
ACCT01872,4,ChargeOff,1850.52
ACCT01873,4,ChargeOff,1985.8
ACCT01874,4,Current,11955.11
ACCT01875,4,Current,4552.87
ACCT01876,4,Current,191.73
ACCT01877,4,Current,12065.0
ACCT01878,4,Current,419.43
ACCT01879,4,Current,5629.86
ACCT01880,4,Current,8523.62
ACCT01881,4,Current,11873.66
ACCT01882,4,Current,8819.61
ACCT01883,4,60DPD,5785.3
ACCT01884,4,Current,10985.11
ACCT01885,4,Current,701.64
ACCT01886,4,Current,12087.82
ACCT01887,4,Current,9348.85
ACCT01888,4,Current,11980.0
ACCT01889,4,Current,4059.51
ACCT01890,4,Current,2117.75
ACCT01891,4,Current,7799.84
ACCT01892,4,Current,6497.27
ACCT01893,4,Current,6391.03
ACCT01894,4,Current,12835.43
ACCT01895,4,Current,8853.87
ACCT01896,4,Current,3892.96
ACCT01897,4,Current,5230.54
ACCT01898,4,Current,1971.63
ACCT01899,4,Current,2253.54
ACCT01900,4,Current,1880.21
ACCT01901,4,60DPD,10231.49
ACCT01902,4,30DPD,10490.73
ACCT01903,4,Current,5325.07
ACCT01904,4,Current,5555.93
ACCT01905,4,30DPD,8401.63
ACCT01906,4,Current,12987.17
ACCT01907,4,Current,13370.54
ACCT01908,4,Current,6779.12
ACCT01909,4,Current,11329.4
ACCT01910,4,Current,7467.02
ACCT01911,4,Current,6968.64
ACCT01912,4,Current,10479.23
ACCT01913,4,Current,4589.47
ACCT01914,4,Current,5331.33
ACCT01915,4,Current,3861.23
ACCT01916,4,30DPD,7156.63
ACCT01917,4,Current,6826.77
ACCT01918,4,Current,10185.69
ACCT01919,4,Current,6774.86
ACCT01920,4,Current,2995.57
ACCT01921,4,Current,11551.55
ACCT01922,4,60DPD,3583.32
ACCT01923,4,Current,13576.9
ACCT01924,4,Current,2764.45
ACCT01925,4,30DPD,6026.77
ACCT01926,4,Current,7733.56
ACCT01927,4,Current,10084.79
ACCT01928,4,Current,1892.65
ACCT01929,4,Current,9105.63
ACCT01930,4,Current,6277.09
ACCT01931,4,60DPD,6850.94
ACCT01932,4,Current,6784.25
ACCT01933,4,90DPD,735.53
ACCT01934,4,Current,6670.73
ACCT01935,4,Current,3912.37
ACCT01936,4,30DPD,4856.62
ACCT01937,4,Current,7781.96
ACCT01938,4,Current,6844.83
ACCT01939,4,Current,1334.95
ACCT01940,4,30DPD,895.41
ACCT01941,4,Current,2576.99
ACCT01942,4,Current,2973.12
ACCT01943,4,Current,7984.41
ACCT01944,4,Current,2492.57
ACCT01945,4,Current,11324.81
ACCT01946,4,Current,2663.35
ACCT01947,4,90DPD,1521.64
ACCT01948,4,30DPD,10092.62
ACCT01949,4,Current,3847.44
ACCT01950,4,Current,5219.13
ACCT01951,4,Current,11698.9
ACCT01952,4,30DPD,13086.95
ACCT01953,4,Current,8490.55
ACCT01954,4,Current,849.82
ACCT01955,4,90DPD,6674.2
ACCT01956,4,Current,13604.54
ACCT01957,4,Current,14062.6
ACCT01958,4,Current,1287.77
ACCT01959,4,Current,4960.83
ACCT01960,4,30DPD,4238.1
ACCT01961,4,Current,1671.03
ACCT01962,4,Current,9543.17
ACCT01963,4,Current,3914.56
ACCT01964,4,Current,4918.91
ACCT01965,4,Current,1263.18
ACCT01966,4,Current,5687.11
ACCT01967,4,Current,2219.61
ACCT01968,4,Current,5356.32
ACCT01969,4,Current,1752.82
ACCT01970,4,60DPD,10525.56
ACCT01971,4,ChargeOff,2478.94
ACCT01972,4,60DPD,7162.64
ACCT01973,4,60DPD,2646.0
ACCT01974,4,Current,1268.71
ACCT01975,4,Current,2524.65
ACCT01976,4,Current,663.41
ACCT01977,4,ChargeOff,2091.39
ACCT01978,4,Current,6072.41
ACCT01979,4,30DPD,8325.39
ACCT01980,4,Current,1079.09
ACCT01981,4,Current,5225.28
ACCT01982,4,Current,8463.7
ACCT01983,4,Current,3068.11
ACCT01984,4,Current,4871.85
ACCT01985,4,Current,1088.09
ACCT01986,4,Current,2915.81
ACCT01987,4,Current,6784.44
ACCT01988,4,90DPD,12177.85
ACCT01989,4,Current,11188.64
ACCT01990,4,Current,10742.12
ACCT01991,4,60DPD,5453.26
ACCT01992,4,Current,1294.16
ACCT01993,4,Current,4113.17
ACCT01994,4,Current,3230.87
ACCT01995,4,Current,342.54
ACCT01996,4,Current,1564.56
ACCT01997,4,30DPD,6821.01
ACCT01998,4,Current,4990.8
ACCT01999,4,Current,2996.97
ACCT00000,5,Current,12401.58
ACCT00001,5,Current,6163.88
ACCT00002,5,30DPD,10034.47
ACCT00003,5,Current,6303.36
ACCT00004,5,30DPD,1446.32
ACCT00005,5,Current,11380.87
ACCT00006,5,Current,6230.4
ACCT00007,5,Current,1628.25
ACCT00008,5,30DPD,2128.42
ACCT00009,5,Current,11567.85
ACCT00010,5,60DPD,676.89
ACCT00011,5,90DPD,4458.97
ACCT00012,5,Current,1852.42
ACCT00013,5,Current,5528.86
ACCT00014,5,Current,5780.88
ACCT00015,5,Current,6626.7
ACCT00016,5,Current,4182.72
ACCT00017,5,Current,518.96
ACCT00018,5,30DPD,9126.06
ACCT00019,5,Current,5002.88
ACCT00020,5,Current,8667.26
ACCT00021,5,Current,1546.18
ACCT00022,5,60DPD,309.55
ACCT00023,5,Current,3188.88
ACCT00024,5,30DPD,6428.44
ACCT00025,5,Current,4898.34
ACCT00026,5,Current,10566.78
ACCT00027,5,Current,6211.07
ACCT00028,5,Current,5950.39
ACCT00029,5,Current,7613.96
ACCT00030,5,Current,447.76
ACCT00031,5,Current,6327.77
ACCT00032,5,Current,4138.41
ACCT00033,5,Current,4513.33
ACCT00034,5,Current,1158.27
ACCT00035,5,Current,12433.44
ACCT00036,5,Current,11373.21
ACCT00037,5,Current,500.82
ACCT00038,5,Current,6225.68
ACCT00039,5,30DPD,8013.25
ACCT00040,5,Current,3721.99
ACCT00041,5,Current,10743.78
ACCT00042,5,Current,7871.92
ACCT00043,5,30DPD,10821.57
ACCT00044,5,Current,10388.86
ACCT00045,5,Current,685.79
ACCT00046,5,Current,5134.73
ACCT00047,5,Current,7722.46
ACCT00048,5,Current,1853.37
ACCT00049,5,Current,5246.06
ACCT00050,5,Current,12320.56
ACCT00051,5,Current,306.93
ACCT00052,5,Current,5738.12
ACCT00053,5,Current,11541.59
ACCT00054,5,30DPD,4243.48
ACCT00055,5,60DPD,6210.7
ACCT00056,5,Current,9583.31
ACCT00057,5,30DPD,6249.24
ACCT00058,5,Current,1925.1
ACCT00059,5,Current,803.48
ACCT00060,5,Current,13632.64
ACCT00061,5,Current,2533.95
ACCT00062,5,90DPD,5203.3
ACCT00063,5,Current,1091.53
ACCT00064,5,Current,6129.74
ACCT00065,5,Current,13261.23
ACCT00066,5,Current,5701.3
ACCT00067,5,Current,9981.84
ACCT00068,5,30DPD,3288.29
ACCT00069,5,Current,6715.88
ACCT00070,5,Current,10203.25
ACCT00071,5,Current,5628.22
ACCT00072,5,Current,3687.1
ACCT00073,5,Current,9392.04
ACCT00074,5,Current,4265.72
ACCT00075,5,60DPD,6993.24
ACCT00076,5,Current,12021.09
ACCT00077,5,Current,2130.43
ACCT00078,5,Current,3715.82
ACCT00079,5,Current,467.6
ACCT00080,5,30DPD,3728.01
ACCT00081,5,Current,2971.55
ACCT00082,5,30DPD,7022.75
ACCT00083,5,Current,2953.98
ACCT00084,5,Current,9906.3
ACCT00085,5,30DPD,3315.33
ACCT00086,5,60DPD,3947.11
ACCT00087,5,Current,4427.32
ACCT00088,5,Current,8447.72
ACCT00089,5,Current,5616.67
ACCT00090,5,Current,4306.92
ACCT00091,5,Current,9071.68
ACCT00092,5,Current,7404.14
ACCT00093,5,Current,2429.17
ACCT00094,5,Current,13163.12
ACCT00095,5,Current,4705.55
ACCT00096,5,Current,683.97
ACCT00097,5,Current,6528.97
ACCT00098,5,Current,2049.75
ACCT00099,5,Current,2514.33
ACCT00100,5,30DPD,9968.01
ACCT00101,5,Current,2022.27
ACCT00102,5,Current,9548.54
ACCT00103,5,Current,12189.04
ACCT00104,5,Current,6549.54
ACCT00105,5,30DPD,7769.52
ACCT00106,5,Current,7823.46
ACCT00107,5,Current,9635.74
ACCT00108,5,Current,4380.32
ACCT00109,5,90DPD,2054.2
ACCT00110,5,Current,6113.97
ACCT00111,5,Current,5361.42
ACCT00112,5,Current,2671.08
ACCT00113,5,Current,7684.52
ACCT00114,5,Current,355.92
ACCT00115,5,90DPD,9236.41
ACCT00116,5,Current,3098.77
ACCT00117,5,Current,564.57
ACCT00118,5,30DPD,1692.54
ACCT00119,5,Current,3781.93
ACCT00120,5,Current,3240.54
ACCT00121,5,Current,475.93
ACCT00122,5,30DPD,3565.69
ACCT00123,5,Current,2147.39
ACCT00124,5,Current,5222.18
ACCT00125,5,Current,3569.64
ACCT00126,5,Current,4699.86
ACCT00127,5,Current,4086.21
ACCT00128,5,Current,1520.59
ACCT00129,5,Current,430.28
ACCT00130,5,Current,2349.31
ACCT00131,5,30DPD,9618.94
ACCT00132,5,90DPD,13082.68
ACCT00133,5,30DPD,10507.84
ACCT00134,5,Current,6186.1
ACCT00135,5,Current,6010.42
ACCT00136,5,Current,4312.05
ACCT00137,5,Current,6860.79
ACCT00138,5,Current,10117.21
ACCT00139,5,Current,9503.36
ACCT00140,5,Current,10735.31
ACCT00141,5,Current,4531.67
ACCT00142,5,ChargeOff,8544.69
ACCT00143,5,Current,8378.18
ACCT00144,5,60DPD,4600.68
ACCT00145,5,Current,8776.63
ACCT00146,5,Current,1248.85
ACCT00147,5,Current,11488.51
ACCT00148,5,Current,8067.1
ACCT00149,5,Current,1435.86
ACCT00150,5,Current,10916.5
ACCT00151,5,90DPD,589.72
ACCT00152,5,Current,9649.74
ACCT00153,5,Current,7561.47
ACCT00154,5,Current,6626.1
ACCT00155,5,Current,10656.33
ACCT00156,5,Current,1604.73
ACCT00157,5,Current,3497.48
ACCT00158,5,Current,5525.71
ACCT00159,5,Current,623.71
ACCT00160,5,Current,6043.31
ACCT00161,5,Current,3567.69
ACCT00162,5,Current,5131.09
ACCT00163,5,Current,6872.62
ACCT00164,5,Current,9548.49
ACCT00165,5,Current,3412.14
ACCT00166,5,Current,10056.92
ACCT00167,5,30DPD,4580.24
ACCT00168,5,Current,2970.77
ACCT00169,5,30DPD,7266.64
ACCT00170,5,Current,4297.24
ACCT00171,5,Current,2973.85
ACCT00172,5,Current,7103.92
ACCT00173,5,30DPD,2190.4
ACCT00174,5,Current,4748.55
ACCT00175,5,Current,5839.15
ACCT00176,5,30DPD,5212.58
ACCT00177,5,ChargeOff,12393.9
ACCT00178,5,Current,3122.67
ACCT00179,5,Current,9957.69
ACCT00180,5,Current,10585.6
ACCT00181,5,Current,13615.23
ACCT00182,5,Current,12937.95
ACCT00183,5,30DPD,1571.43
ACCT00184,5,Current,5163.71
ACCT00185,5,Current,2067.38
ACCT00186,5,Current,11441.03
ACCT00187,5,Current,7107.72
ACCT00188,5,Current,3082.29
ACCT00189,5,Current,12574.39
ACCT00190,5,Current,1659.59
ACCT00191,5,Current,6675.13
ACCT00192,5,Current,7764.62
ACCT00193,5,30DPD,906.78
ACCT00194,5,Current,8618.76
ACCT00195,5,Current,9582.87
ACCT00196,5,Current,992.19
ACCT00197,5,Current,6504.51
ACCT00198,5,Current,2642.36
ACCT00199,5,Current,7268.76
ACCT00200,5,Current,1607.44
ACCT00201,5,ChargeOff,12012.76
ACCT00202,5,Current,10386.21
ACCT00203,5,Current,2347.66
ACCT00204,5,Current,4683.16
ACCT00205,5,30DPD,6361.05
ACCT00206,5,30DPD,8458.6
ACCT00207,5,Current,4951.59
ACCT00208,5,Current,2261.69
ACCT00209,5,30DPD,1297.58
ACCT00210,5,Current,10628.98
ACCT00211,5,Current,5450.69
ACCT00212,5,Current,11964.11
ACCT00213,5,60DPD,4695.6
ACCT00214,5,30DPD,11899.01
ACCT00215,5,Current,1124.99
ACCT00216,5,Current,1872.69
ACCT00217,5,Current,13168.39
ACCT00218,5,Current,13053.36
ACCT00219,5,Current,3162.3
ACCT00220,5,Current,4841.16
ACCT00221,5,Current,6944.11
ACCT00222,5,Current,4935.53
ACCT00223,5,60DPD,2266.42
ACCT00224,5,Current,12790.11
ACCT00225,5,Current,3528.66
ACCT00226,5,Current,10173.86
ACCT00227,5,Current,1132.54
ACCT00228,5,30DPD,542.22
ACCT00229,5,Current,7674.12
ACCT00230,5,Current,4589.94
ACCT00231,5,Current,9189.01
ACCT00232,5,ChargeOff,1408.46
ACCT00233,5,Current,11442.82
ACCT00234,5,ChargeOff,10068.76
ACCT00235,5,Current,13164.5
ACCT00236,5,Current,1880.72
ACCT00237,5,Current,4157.29
ACCT00238,5,Current,5052.69
ACCT00239,5,Current,7234.89
ACCT00240,5,Current,3321.45
ACCT00241,5,Current,1018.12
ACCT00242,5,Current,4315.71
ACCT00243,5,Current,3520.46
ACCT00244,5,Current,4751.58
ACCT00245,5,Current,2675.92
ACCT00246,5,60DPD,3096.71
ACCT00247,5,Current,7497.35
ACCT00248,5,Current,5524.21
ACCT00249,5,30DPD,5353.28
ACCT00250,5,Current,6286.85
ACCT00251,5,Current,11783.27
ACCT00252,5,Current,4296.1
ACCT00253,5,Current,6607.59
ACCT00254,5,Current,13359.69
ACCT00255,5,Current,5861.09
ACCT00256,5,Current,11734.28
ACCT00257,5,Current,9465.98
ACCT00258,5,Current,777.21
ACCT00259,5,Current,4431.22
ACCT00260,5,Current,9010.73
ACCT00261,5,Current,12729.67
ACCT00262,5,Current,7023.62
ACCT00263,5,Current,1465.28
ACCT00264,5,ChargeOff,6809.74
ACCT00265,5,Current,1820.97
ACCT00266,5,Current,9726.23
ACCT00267,5,Current,5915.63
ACCT00268,5,Current,8627.01
ACCT00269,5,Current,9769.22
ACCT00270,5,Current,7285.72
ACCT00271,5,Current,9289.24
ACCT00272,5,30DPD,8116.18
ACCT00273,5,Current,11267.21
ACCT00274,5,Current,10416.66
ACCT00275,5,Current,540.8
ACCT00276,5,30DPD,6786.85
ACCT00277,5,Current,2624.9
ACCT00278,5,Current,10134.81
ACCT00279,5,Current,7301.11
ACCT00280,5,Current,5295.77
ACCT00281,5,Current,2299.12
ACCT00282,5,30DPD,4299.74
ACCT00283,5,60DPD,9491.7
ACCT00284,5,Current,2781.72
ACCT00285,5,Current,1360.72
ACCT00286,5,Current,11197.81
ACCT00287,5,Current,9524.35
ACCT00288,5,Current,2283.39
ACCT00289,5,Current,3000.83
ACCT00290,5,Current,13325.85
ACCT00291,5,Current,10513.21
ACCT00292,5,ChargeOff,8431.7
ACCT00293,5,Current,4001.41
ACCT00294,5,Current,3940.05
ACCT00295,5,60DPD,676.21
ACCT00296,5,90DPD,9768.23
ACCT00297,5,Current,712.78
ACCT00298,5,60DPD,223.8
ACCT00299,5,Current,7123.76
ACCT00300,5,Current,12752.73
ACCT00301,5,Current,11084.44
ACCT00302,5,Current,6333.34
ACCT00303,5,Current,6604.97
ACCT00304,5,Current,5587.89
ACCT00305,5,ChargeOff,4644.82
ACCT00306,5,Current,6438.23
ACCT00307,5,Current,3854.09
ACCT00308,5,Current,6234.27
ACCT00309,5,Current,11653.07
ACCT00310,5,30DPD,11103.73
ACCT00311,5,Current,1311.31
ACCT00312,5,Current,3860.54
ACCT00313,5,30DPD,2599.67
ACCT00314,5,Current,4480.63
ACCT00315,5,Current,3952.01
ACCT00316,5,Current,2234.67
ACCT00317,5,Current,9491.16
ACCT00318,5,Current,6278.4
ACCT00319,5,ChargeOff,10824.36
ACCT00320,5,Current,550.19
ACCT00321,5,90DPD,953.2
ACCT00322,5,Current,3903.95
ACCT00323,5,90DPD,1146.91
ACCT00324,5,Current,2716.82
ACCT00325,5,Current,15443.8
ACCT00326,5,30DPD,2014.61
ACCT00327,5,Current,2294.47
ACCT00328,5,Current,7416.11
ACCT00329,5,Current,7893.12
ACCT00330,5,Current,6198.69
ACCT00331,5,Current,4055.17
ACCT00332,5,Current,10102.21
ACCT00333,5,Current,2010.81
ACCT00334,5,Current,5494.72
ACCT00335,5,Current,7479.06
ACCT00336,5,Current,8773.21
ACCT00337,5,Current,4183.9
ACCT00338,5,Current,6220.57
ACCT00339,5,Current,936.57
ACCT00340,5,Current,1950.93
ACCT00341,5,Current,960.37
ACCT00342,5,30DPD,9356.87
ACCT00343,5,Current,3646.97
ACCT00344,5,Current,9288.89
ACCT00345,5,60DPD,1056.72
ACCT00346,5,Current,10346.13
ACCT00347,5,30DPD,10156.19
ACCT00348,5,Current,1423.95
ACCT00349,5,Current,402.17
ACCT00350,5,Current,1061.7
ACCT00351,5,Current,9729.34
ACCT00352,5,Current,2793.22
ACCT00353,5,Current,7638.37
ACCT00354,5,Current,4329.54
ACCT00355,5,Current,11693.3
ACCT00356,5,Current,5219.17
ACCT00357,5,Current,6146.03
ACCT00358,5,Current,13012.02
ACCT00359,5,30DPD,1983.62
ACCT00360,5,Current,10544.92
ACCT00361,5,Current,664.26
ACCT00362,5,Current,6330.07
ACCT00363,5,Current,9617.74
ACCT00364,5,Current,8088.1
ACCT00365,5,Current,6322.35
ACCT00366,5,Current,3351.25
ACCT00367,5,Current,5435.69
ACCT00368,5,Current,4638.43
ACCT00369,5,30DPD,5387.98
ACCT00370,5,Current,5780.95
ACCT00371,5,Current,4304.05
ACCT00372,5,Current,3529.35
ACCT00373,5,Current,2519.16
ACCT00374,5,30DPD,4822.64
ACCT00375,5,Current,1900.77
ACCT00376,5,Current,9575.61
ACCT00377,5,Current,7443.59
ACCT00378,5,Current,1745.16
ACCT00379,5,Current,8235.94
ACCT00380,5,30DPD,10610.91
ACCT00381,5,Current,3309.1
ACCT00382,5,Current,2151.26
ACCT00383,5,Current,266.59
ACCT00384,5,Current,665.6
ACCT00385,5,ChargeOff,11481.32
ACCT00386,5,Current,11090.81
ACCT00387,5,Current,725.87
ACCT00388,5,Current,7764.13
ACCT00389,5,Current,829.59
ACCT00390,5,Current,8079.81
ACCT00391,5,Current,9881.11
ACCT00392,5,Current,4183.95
ACCT00393,5,60DPD,324.49
ACCT00394,5,Current,7954.15
ACCT00395,5,Current,14171.12
ACCT00396,5,Current,2833.77
ACCT00397,5,Current,2358.37
ACCT00398,5,Current,1388.89
ACCT00399,5,Current,6800.44
ACCT00400,5,Current,7652.72
ACCT00401,5,Current,9362.81
ACCT00402,5,30DPD,8666.5
ACCT00403,5,Current,13162.79
ACCT00404,5,ChargeOff,12125.44
ACCT00405,5,Current,2756.54
ACCT00406,5,Current,7378.04
ACCT00407,5,Current,3538.06
ACCT00408,5,Current,4594.75
ACCT00409,5,ChargeOff,13992.78
ACCT00410,5,Current,8950.21
ACCT00411,5,Current,11103.21
ACCT00412,5,90DPD,4954.91
ACCT00413,5,30DPD,6879.87
ACCT00414,5,60DPD,5425.19
ACCT00415,5,Current,1654.59
ACCT00416,5,Current,3522.77
ACCT00417,5,Current,7617.55
ACCT00418,5,Current,1067.47
ACCT00419,5,Current,11816.38
ACCT00420,5,Current,1552.85
ACCT00421,5,Current,2509.74
ACCT00422,5,Current,9484.28
ACCT00423,5,Current,1161.09
ACCT00424,5,Current,11107.61
ACCT00425,5,Current,11426.84
ACCT00426,5,Current,1061.02
ACCT00427,5,Current,10281.64
ACCT00428,5,Current,6151.4
ACCT00429,5,Current,10105.09
ACCT00430,5,Current,11103.12
ACCT00431,5,Current,8279.05
ACCT00432,5,Current,8401.12
ACCT00433,5,Current,4143.61
ACCT00434,5,Current,8504.48
ACCT00435,5,Current,10174.34
ACCT00436,5,Current,7721.47
ACCT00437,5,Current,8224.35
ACCT00438,5,Current,4955.66
ACCT00439,5,Current,10184.48
ACCT00440,5,Current,14481.14
ACCT00441,5,Current,2043.02
ACCT00442,5,Current,2737.36
ACCT00443,5,Current,6499.69
ACCT00444,5,Current,6816.91
ACCT00445,5,Current,8611.02
ACCT00446,5,ChargeOff,855.84
ACCT00447,5,Current,4982.67
ACCT00448,5,Current,6404.18
ACCT00449,5,Current,8841.02
ACCT00450,5,60DPD,7440.32
ACCT00451,5,Current,9646.21
ACCT00452,5,Current,8009.62
ACCT00453,5,Current,10237.0
ACCT00454,5,Current,8241.23
ACCT00455,5,Current,6578.4
ACCT00456,5,ChargeOff,9171.71
ACCT00457,5,Current,984.05
ACCT00458,5,Current,3109.73
ACCT00459,5,Current,7918.14
ACCT00460,5,Current,10587.52
ACCT00461,5,Current,10088.32
ACCT00462,5,30DPD,1049.48
ACCT00463,5,Current,6517.81
ACCT00464,5,Current,3077.36
ACCT00465,5,Current,9880.09
ACCT00466,5,Current,11370.93
ACCT00467,5,Current,9184.67
ACCT00468,5,Current,7074.49
ACCT00469,5,Current,4154.05
ACCT00470,5,Current,4189.6
ACCT00471,5,Current,10651.01
ACCT00472,5,30DPD,9059.4
ACCT00473,5,Current,8229.9
ACCT00474,5,Current,4224.6
ACCT00475,5,Current,810.86
ACCT00476,5,Current,1999.65
ACCT00477,5,Current,2303.08
ACCT00478,5,Current,4381.41
ACCT00479,5,Current,10316.69
ACCT00480,5,Current,6305.17
ACCT00481,5,Current,2853.33
ACCT00482,5,Current,1104.43
ACCT00483,5,Current,4190.6
ACCT00484,5,Current,11517.0
ACCT00485,5,Current,5020.28
ACCT00486,5,Current,8717.56
ACCT00487,5,Current,9691.75
ACCT00488,5,Current,1812.54
ACCT00489,5,90DPD,6622.09
ACCT00490,5,30DPD,12923.59
ACCT00491,5,Current,4612.8
ACCT00492,5,Current,764.4
ACCT00493,5,Current,12450.01
ACCT00494,5,Current,8521.45
ACCT00495,5,Current,6426.27
ACCT00496,5,Current,7234.77
ACCT00497,5,Current,2491.31
ACCT00498,5,60DPD,9329.39
ACCT00499,5,Current,6608.25
ACCT00500,5,Current,437.77
ACCT00501,5,Current,8220.27
ACCT00502,5,Current,10338.59
ACCT00503,5,Current,8978.13
ACCT00504,5,Current,3358.46
ACCT00505,5,Current,800.94
ACCT00506,5,Current,13876.84
ACCT00507,5,Current,10205.55
ACCT00508,5,Current,5819.39
ACCT00509,5,Current,7300.33
ACCT00510,5,Current,5001.38
ACCT00511,5,Current,5854.5
ACCT00512,5,Current,1744.87
ACCT00513,5,Current,1466.15
ACCT00514,5,Current,3066.5
ACCT00515,5,Current,9544.97
ACCT00516,5,30DPD,2281.36
ACCT00517,5,Current,2541.75
ACCT00518,5,Current,5808.71
ACCT00519,5,Current,2702.34
ACCT00520,5,Current,2470.52
ACCT00521,5,Current,7972.93
ACCT00522,5,Current,4262.41
ACCT00523,5,Current,6599.6
ACCT00524,5,Current,8563.09
ACCT00525,5,Current,2074.92
ACCT00526,5,Current,8653.65
ACCT00527,5,ChargeOff,13556.85
ACCT00528,5,Current,11164.63
ACCT00529,5,60DPD,7933.9
ACCT00530,5,Current,5977.32
ACCT00531,5,Current,8872.92
ACCT00532,5,Current,7776.63
ACCT00533,5,Current,388.78
ACCT00534,5,Current,10368.98
ACCT00535,5,Current,7533.37
ACCT00536,5,Current,9526.53
ACCT00537,5,Current,4605.92
ACCT00538,5,Current,308.76
ACCT00539,5,Current,5768.07
ACCT00540,5,ChargeOff,7706.41
ACCT00541,5,Current,5760.51
ACCT00542,5,Current,3942.2
ACCT00543,5,ChargeOff,3897.43
ACCT00544,5,30DPD,6033.06
ACCT00545,5,Current,3483.97
ACCT00546,5,Current,10140.01
ACCT00547,5,60DPD,2192.27
ACCT00548,5,Current,4154.57
ACCT00549,5,Current,4191.63
ACCT00550,5,Current,6592.62
ACCT00551,5,60DPD,6926.03
ACCT00552,5,Current,9413.47
ACCT00553,5,ChargeOff,14629.09
ACCT00554,5,60DPD,3770.7
ACCT00555,5,Current,7826.67
ACCT00556,5,Current,500.72
ACCT00557,5,Current,3175.62
ACCT00558,5,Current,6021.72
ACCT00559,5,Current,486.27
ACCT00560,5,Current,7349.11
ACCT00561,5,Current,10216.21
ACCT00562,5,Current,8690.84
ACCT00563,5,Current,6140.78
ACCT00564,5,Current,6027.45
ACCT00565,5,Current,4266.88
ACCT00566,5,Current,688.85
ACCT00567,5,30DPD,1510.57
ACCT00568,5,Current,9783.71
ACCT00569,5,Current,10087.59
ACCT00570,5,60DPD,412.71
ACCT00571,5,30DPD,7348.95
ACCT00572,5,Current,7718.67
ACCT00573,5,Current,11867.46
ACCT00574,5,Current,6387.85
ACCT00575,5,Current,8373.27
ACCT00576,5,Current,9027.6
ACCT00577,5,Current,10690.49
ACCT00578,5,Current,1576.54
ACCT00579,5,Current,12347.94
ACCT00580,5,Current,403.33
ACCT00581,5,Current,10143.52
ACCT00582,5,Current,1142.56
ACCT00583,5,30DPD,2444.65
ACCT00584,5,60DPD,223.11
ACCT00585,5,Current,6602.75
ACCT00586,5,Current,4324.85
ACCT00587,5,Current,2849.89
ACCT00588,5,Current,5971.33
ACCT00589,5,Current,5679.27
ACCT00590,5,Current,9619.62
ACCT00591,5,Current,9600.55
ACCT00592,5,Current,6434.2
ACCT00593,5,Current,1751.78
ACCT00594,5,Current,4320.22
ACCT00595,5,Current,12416.03
ACCT00596,5,Current,1287.47
ACCT00597,5,Current,4626.06
ACCT00598,5,ChargeOff,14149.07
ACCT00599,5,Current,12346.9
ACCT00600,5,90DPD,4210.65
ACCT00601,5,Current,9923.89
ACCT00602,5,Current,5965.83
ACCT00603,5,Current,8320.83
ACCT00604,5,ChargeOff,601.64
ACCT00605,5,30DPD,1493.74
ACCT00606,5,Current,7197.88
ACCT00607,5,Current,2712.97
ACCT00608,5,Current,7638.96
ACCT00609,5,Current,4534.87
ACCT00610,5,Current,12893.5
ACCT00611,5,Current,9970.98
ACCT00612,5,90DPD,6731.28
ACCT00613,5,Current,8023.67
ACCT00614,5,Current,3305.87
ACCT00615,5,Current,5927.93
ACCT00616,5,Current,2734.99
ACCT00617,5,Current,10319.95
ACCT00618,5,Current,9364.57
ACCT00619,5,Current,9864.4
ACCT00620,5,Current,9563.5
ACCT00621,5,Current,10910.68
ACCT00622,5,ChargeOff,3579.38
ACCT00623,5,Current,9729.95
ACCT00624,5,Current,7609.36
ACCT00625,5,90DPD,4735.62
ACCT00626,5,Current,6139.98
ACCT00627,5,Current,4638.17
ACCT00628,5,Current,3801.4
ACCT00629,5,Current,2953.25
ACCT00630,5,Current,1089.23
ACCT00631,5,Current,5622.74
ACCT00632,5,Current,13242.0
ACCT00633,5,Current,8288.24
ACCT00634,5,Current,8074.52
ACCT00635,5,Current,5624.83
ACCT00636,5,Current,4653.72
ACCT00637,5,Current,2733.39
ACCT00638,5,Current,11402.15
ACCT00639,5,Current,2436.47
ACCT00640,5,90DPD,9620.32
ACCT00641,5,Current,8500.73
ACCT00642,5,30DPD,7175.28
ACCT00643,5,Current,10160.7
ACCT00644,5,90DPD,3876.11
ACCT00645,5,30DPD,9515.7
ACCT00646,5,Current,8626.62
ACCT00647,5,Current,8792.87
ACCT00648,5,Current,7070.85
ACCT00649,5,30DPD,9822.48
ACCT00650,5,Current,13726.3
ACCT00651,5,Current,5306.36
ACCT00652,5,Current,9327.54
ACCT00653,5,ChargeOff,8957.2
ACCT00654,5,Current,5972.08
ACCT00655,5,Current,12590.09
ACCT00656,5,Current,5030.22
ACCT00657,5,Current,7351.82
ACCT00658,5,30DPD,1651.53
ACCT00659,5,Current,2596.89
ACCT00660,5,Current,12114.84
ACCT00661,5,Current,5339.54
ACCT00662,5,Current,5840.73
ACCT00663,5,Current,3239.38
ACCT00664,5,Current,6269.04
ACCT00665,5,Current,10952.69
ACCT00666,5,Current,9549.62
ACCT00667,5,ChargeOff,1237.69
ACCT00668,5,Current,7038.2
ACCT00669,5,Current,5010.32
ACCT00670,5,Current,7847.35
ACCT00671,5,Current,4318.29
ACCT00672,5,ChargeOff,6099.94
ACCT00673,5,Current,6698.45
ACCT00674,5,Current,8676.71
ACCT00675,5,Current,7086.36
ACCT00676,5,Current,4960.69
ACCT00677,5,Current,9195.49
ACCT00678,5,30DPD,8125.23
ACCT00679,5,Current,4057.09
ACCT00680,5,Current,8001.54
ACCT00681,5,Current,9126.66
ACCT00682,5,Current,1837.34
ACCT00683,5,Current,8514.91
ACCT00684,5,Current,3987.98
ACCT00685,5,Current,10062.92
ACCT00686,5,Current,2601.2
ACCT00687,5,Current,9878.44
ACCT00688,5,Current,3866.2
ACCT00689,5,60DPD,6165.25
ACCT00690,5,Current,11000.88
ACCT00691,5,30DPD,5302.27
ACCT00692,5,Current,11951.01
ACCT00693,5,Current,12186.18
ACCT00694,5,Current,12221.96
ACCT00695,5,Current,2091.97
ACCT00696,5,Current,12085.07
ACCT00697,5,Current,464.39
ACCT00698,5,Current,5478.05
ACCT00699,5,Current,9722.41
ACCT00700,5,Current,10822.92
ACCT00701,5,Current,6857.31
ACCT00702,5,Current,5343.63
ACCT00703,5,Current,11296.78
ACCT00704,5,Current,7503.3
ACCT00705,5,Current,4666.79
ACCT00706,5,Current,10073.65
ACCT00707,5,Current,2435.71
ACCT00708,5,Current,2262.35
ACCT00709,5,Current,8418.13
ACCT00710,5,ChargeOff,14585.52
ACCT00711,5,30DPD,2300.03
ACCT00712,5,Current,3678.01
ACCT00713,5,Current,1784.24
ACCT00714,5,60DPD,8701.54
ACCT00715,5,Current,2402.51
ACCT00716,5,Current,6009.57
ACCT00717,5,Current,13624.06
ACCT00718,5,Current,314.79
ACCT00719,5,Current,9087.49
ACCT00720,5,Current,5566.98
ACCT00721,5,Current,9723.49
ACCT00722,5,Current,4013.85
ACCT00723,5,30DPD,5795.54
ACCT00724,5,Current,2403.35
ACCT00725,5,Current,11758.38
ACCT00726,5,30DPD,8892.9
ACCT00727,5,Current,1874.42
ACCT00728,5,Current,5781.04
ACCT00729,5,Current,9878.93
ACCT00730,5,Current,173.71
ACCT00731,5,30DPD,2759.39
ACCT00732,5,Current,9508.27
ACCT00733,5,Current,4283.86
ACCT00734,5,Current,2905.98
ACCT00735,5,Current,5903.65
ACCT00736,5,Current,2188.88
ACCT00737,5,Current,6345.39
ACCT00738,5,Current,9925.76
ACCT00739,5,Current,8531.14
ACCT00740,5,Current,1392.45
ACCT00741,5,Current,10718.88
ACCT00742,5,Current,2396.62
ACCT00743,5,Current,9127.49
ACCT00744,5,Current,5257.81
ACCT00745,5,Current,10484.16
ACCT00746,5,90DPD,2578.59
ACCT00747,5,Current,2072.69
ACCT00748,5,Current,6911.41
ACCT00749,5,Current,547.61
ACCT00750,5,Current,2473.16
ACCT00751,5,Current,8609.29
ACCT00752,5,Current,11125.37
ACCT00753,5,Current,1157.87
ACCT00754,5,Current,10463.87
ACCT00755,5,Current,8818.9
ACCT00756,5,Current,8569.73
ACCT00757,5,Current,6636.49
ACCT00758,5,Current,8012.36
ACCT00759,5,Current,5423.08
ACCT00760,5,Current,8169.54
ACCT00761,5,Current,9223.79
ACCT00762,5,30DPD,1383.9
ACCT00763,5,Current,3898.05
ACCT00764,5,ChargeOff,1127.35
ACCT00765,5,Current,11404.68
ACCT00766,5,Current,5454.39
ACCT00767,5,Current,8617.18
ACCT00768,5,Current,10805.52
ACCT00769,5,Current,11470.05
ACCT00770,5,Current,2405.89
ACCT00771,5,Current,11552.08
ACCT00772,5,Current,10692.81
ACCT00773,5,Current,798.92
ACCT00774,5,Current,9338.7
ACCT00775,5,Current,4753.3
ACCT00776,5,Current,9646.5
ACCT00777,5,Current,5487.75
ACCT00778,5,Current,3366.65
ACCT00779,5,Current,1735.63
ACCT00780,5,30DPD,1523.46
ACCT00781,5,Current,1219.47
ACCT00782,5,Current,8341.02
ACCT00783,5,Current,4612.07
ACCT00784,5,ChargeOff,3406.17
ACCT00785,5,Current,7576.06
ACCT00786,5,Current,8495.62
ACCT00787,5,Current,5786.6
ACCT00788,5,Current,9169.22
ACCT00789,5,Current,4479.64
ACCT00790,5,Current,10947.2
ACCT00791,5,Current,1396.57
ACCT00792,5,Current,7872.82
ACCT00793,5,Current,12925.11
ACCT00794,5,Current,11737.99
ACCT00795,5,Current,7234.5
ACCT00796,5,Current,10170.76
ACCT00797,5,Current,4058.63
ACCT00798,5,Current,9518.93
ACCT00799,5,Current,9506.45
ACCT00800,5,Current,11100.54
ACCT00801,5,Current,6598.37
ACCT00802,5,Current,909.75
ACCT00803,5,Current,6160.02
ACCT00804,5,Current,1625.2
ACCT00805,5,Current,3510.51
ACCT00806,5,Current,4292.11
ACCT00807,5,Current,7499.54
ACCT00808,5,Current,2622.81
ACCT00809,5,ChargeOff,2653.14
ACCT00810,5,Current,667.61
ACCT00811,5,Current,10247.24
ACCT00812,5,ChargeOff,10463.88
ACCT00813,5,30DPD,642.62
ACCT00814,5,Current,482.98
ACCT00815,5,Current,5600.05
ACCT00816,5,Current,2950.15
ACCT00817,5,Current,6755.93
ACCT00818,5,30DPD,4197.73
ACCT00819,5,Current,13509.5
ACCT00820,5,Current,3444.48
ACCT00821,5,Current,9508.14
ACCT00822,5,30DPD,848.66
ACCT00823,5,Current,13363.33
ACCT00824,5,Current,10690.85
ACCT00825,5,Current,9558.15
ACCT00826,5,30DPD,6181.72
ACCT00827,5,Current,2488.9
ACCT00828,5,Current,11932.16
ACCT00829,5,Current,8122.71
ACCT00830,5,90DPD,2335.64
ACCT00831,5,Current,6536.11
ACCT00832,5,Current,6413.26
ACCT00833,5,Current,8511.58
ACCT00834,5,Current,6836.21
ACCT00835,5,Current,7407.2
ACCT00836,5,Current,7586.58
ACCT00837,5,60DPD,3962.96
ACCT00838,5,Current,4203.82
ACCT00839,5,Current,746.03
ACCT00840,5,Current,9568.3
ACCT00841,5,Current,6424.24
ACCT00842,5,Current,5538.14
ACCT00843,5,Current,2925.81
ACCT00844,5,Current,2739.11
ACCT00845,5,Current,7858.37
ACCT00846,5,Current,3494.03
ACCT00847,5,Current,957.79
ACCT00848,5,Current,10111.88
ACCT00849,5,Current,4647.13
ACCT00850,5,30DPD,4499.7
ACCT00851,5,Current,4880.35
ACCT00852,5,Current,12546.17
ACCT00853,5,60DPD,2940.8
ACCT00854,5,Current,10676.28
ACCT00855,5,Current,10433.46
ACCT00856,5,Current,11152.67
ACCT00857,5,30DPD,4214.29
ACCT00858,5,Current,7705.19
ACCT00859,5,Current,5247.36
ACCT00860,5,Current,5431.87
ACCT00861,5,Current,7769.45
ACCT00862,5,Current,3757.79
ACCT00863,5,Current,1548.02
ACCT00864,5,Current,5262.83
ACCT00865,5,Current,1750.56
ACCT00866,5,Current,5462.76
ACCT00867,5,Current,6751.04
ACCT00868,5,Current,12479.73
ACCT00869,5,30DPD,534.18
ACCT00870,5,Current,8355.88
ACCT00871,5,Current,4922.74
ACCT00872,5,90DPD,332.29
ACCT00873,5,Current,4015.52
ACCT00874,5,Current,1622.96
ACCT00875,5,Current,2875.25
ACCT00876,5,Current,3449.31
ACCT00877,5,Current,4832.45
ACCT00878,5,Current,6801.24
ACCT00879,5,Current,195.8
ACCT00880,5,Current,1719.71
ACCT00881,5,30DPD,1384.13
ACCT00882,5,ChargeOff,8807.6
ACCT00883,5,Current,4069.19
ACCT00884,5,Current,7568.91
ACCT00885,5,Current,2645.93
ACCT00886,5,30DPD,458.17
ACCT00887,5,Current,11326.67
ACCT00888,5,30DPD,1598.84
ACCT00889,5,Current,1610.85
ACCT00890,5,Current,1940.01
ACCT00891,5,Current,13066.17
ACCT00892,5,Current,6967.87
ACCT00893,5,Current,7912.95
ACCT00894,5,Current,9632.54
ACCT00895,5,Current,1046.29
ACCT00896,5,Current,13520.28
ACCT00897,5,Current,2133.76
ACCT00898,5,Current,8220.59
ACCT00899,5,Current,6043.51
ACCT00900,5,Current,4776.62
ACCT00901,5,Current,13241.63
ACCT00902,5,Current,2042.41
ACCT00903,5,Current,12256.73
ACCT00904,5,Current,4492.79
ACCT00905,5,Current,7432.63
ACCT00906,5,Current,11647.07
ACCT00907,5,Current,1042.57
ACCT00908,5,30DPD,11359.33
ACCT00909,5,Current,7192.6
ACCT00910,5,Current,8882.35
ACCT00911,5,Current,2216.15
ACCT00912,5,Current,6272.54
ACCT00913,5,ChargeOff,8794.7
ACCT00914,5,ChargeOff,6952.46
ACCT00915,5,90DPD,2102.5
ACCT00916,5,Current,2993.28
ACCT00917,5,Current,9944.08
ACCT00918,5,Current,489.31
ACCT00919,5,Current,8911.39
ACCT00920,5,Current,11033.17
ACCT00921,5,Current,255.71
ACCT00922,5,Current,1999.36
ACCT00923,5,Current,9038.2
ACCT00924,5,Current,760.94
ACCT00925,5,Current,7371.12
ACCT00926,5,Current,8846.99
ACCT00927,5,Current,7235.09
ACCT00928,5,Current,4081.18
ACCT00929,5,Current,8560.19
ACCT00930,5,Current,7573.57
ACCT00931,5,Current,2749.76
ACCT00932,5,Current,7304.15
ACCT00933,5,Current,9589.79
ACCT00934,5,Current,8266.79
ACCT00935,5,Current,5518.9
ACCT00936,5,Current,3701.18
ACCT00937,5,Current,1284.11
ACCT00938,5,Current,3464.94
ACCT00939,5,30DPD,317.12
ACCT00940,5,Current,13311.53
ACCT00941,5,Current,3597.26
ACCT00942,5,Current,9638.02
ACCT00943,5,Current,2440.55
ACCT00944,5,Current,3705.65
ACCT00945,5,30DPD,5575.86
ACCT00946,5,Current,4144.66
ACCT00947,5,Current,10472.3
ACCT00948,5,Current,11072.71
ACCT00949,5,Current,10911.1
ACCT00950,5,60DPD,1707.67
ACCT00951,5,Current,8620.71
ACCT00952,5,30DPD,2030.15
ACCT00953,5,Current,10608.83
ACCT00954,5,Current,6351.36
ACCT00955,5,Current,3492.27
ACCT00956,5,30DPD,1833.37
ACCT00957,5,Current,276.22
ACCT00958,5,Current,2982.68
ACCT00959,5,60DPD,7964.22
ACCT00960,5,Current,9066.95
ACCT00961,5,Current,11918.71
ACCT00962,5,60DPD,1235.71
ACCT00963,5,Current,6824.42
ACCT00964,5,Current,4097.25
ACCT00965,5,Current,5619.63
ACCT00966,5,Current,4064.93
ACCT00967,5,Current,3286.82
ACCT00968,5,Current,6694.9
ACCT00969,5,Current,2648.76
ACCT00970,5,Current,5048.26
ACCT00971,5,Current,9231.83
ACCT00972,5,Current,1688.48
ACCT00973,5,Current,13872.08
ACCT00974,5,Current,5108.22
ACCT00975,5,Current,10725.45
ACCT00976,5,Current,8399.27
ACCT00977,5,Current,8988.53
ACCT00978,5,Current,8743.44
ACCT00979,5,Current,9834.62
ACCT00980,5,ChargeOff,9281.36
ACCT00981,5,Current,3188.38
ACCT00982,5,Current,1416.82
ACCT00983,5,Current,7334.88
ACCT00984,5,Current,954.52
ACCT00985,5,30DPD,2603.23
ACCT00986,5,Current,874.69
ACCT00987,5,Current,5424.44
ACCT00988,5,Current,2455.31
ACCT00989,5,Current,8158.61
ACCT00990,5,Current,8692.13
ACCT00991,5,Current,12531.66
ACCT00992,5,Current,3418.37
ACCT00993,5,Current,7282.03
ACCT00994,5,Current,6783.33
ACCT00995,5,Current,5597.86
ACCT00996,5,90DPD,7145.27
ACCT00997,5,Current,2379.3
ACCT00998,5,ChargeOff,14692.8
ACCT00999,5,Current,1572.75
ACCT01000,5,Current,12280.87
ACCT01001,5,Current,7946.17
ACCT01002,5,Current,2638.07
ACCT01003,5,Current,10055.95
ACCT01004,5,Current,985.3
ACCT01005,5,Current,10768.97
ACCT01006,5,30DPD,8118.98
ACCT01007,5,Current,1304.76
ACCT01008,5,Current,1168.99
ACCT01009,5,Current,8163.56
ACCT01010,5,Current,3809.73
ACCT01011,5,Current,10070.42
ACCT01012,5,Current,11305.32
ACCT01013,5,ChargeOff,9392.98
ACCT01014,5,Current,3963.14
ACCT01015,5,Current,9703.24
ACCT01016,5,Current,10367.73
ACCT01017,5,Current,1295.5
ACCT01018,5,Current,4076.02
ACCT01019,5,Current,3160.14
ACCT01020,5,Current,5418.36
ACCT01021,5,Current,10179.12
ACCT01022,5,ChargeOff,7218.79
ACCT01023,5,Current,6963.14
ACCT01024,5,Current,3962.4
ACCT01025,5,Current,2023.4
ACCT01026,5,Current,2867.86
ACCT01027,5,Current,10738.06
ACCT01028,5,Current,5436.73
ACCT01029,5,Current,4566.62
ACCT01030,5,Current,9777.43
ACCT01031,5,Current,1024.94
ACCT01032,5,Current,3086.88
ACCT01033,5,Current,3461.08
ACCT01034,5,Current,11726.11
ACCT01035,5,Current,8540.66
ACCT01036,5,Current,7969.81
ACCT01037,5,Current,185.47
ACCT01038,5,30DPD,3014.04
ACCT01039,5,Current,9211.47
ACCT01040,5,Current,4171.31
ACCT01041,5,Current,14337.56
ACCT01042,5,Current,8871.13
ACCT01043,5,Current,4647.75
ACCT01044,5,Current,8766.94
ACCT01045,5,60DPD,13159.99
ACCT01046,5,Current,4743.88
ACCT01047,5,30DPD,9187.17
ACCT01048,5,Current,12309.28
ACCT01049,5,Current,3166.74
ACCT01050,5,Current,9905.32
ACCT01051,5,Current,1441.16
ACCT01052,5,Current,9366.17
ACCT01053,5,Current,8510.32
ACCT01054,5,Current,8108.73
ACCT01055,5,Current,4717.46
ACCT01056,5,60DPD,7076.86
ACCT01057,5,ChargeOff,1970.99
ACCT01058,5,Current,2451.16
ACCT01059,5,Current,3858.63
ACCT01060,5,90DPD,7967.52
ACCT01061,5,Current,5337.73
ACCT01062,5,Current,3706.88
ACCT01063,5,60DPD,12410.81
ACCT01064,5,Current,4292.79
ACCT01065,5,Current,6158.55
ACCT01066,5,30DPD,6522.05
ACCT01067,5,Current,2695.31
ACCT01068,5,30DPD,7368.02
ACCT01069,5,Current,5714.17
ACCT01070,5,Current,352.36
ACCT01071,5,Current,13302.67
ACCT01072,5,Current,10493.34
ACCT01073,5,Current,9128.89
ACCT01074,5,Current,10735.64
ACCT01075,5,Current,10169.5
ACCT01076,5,Current,4286.45
ACCT01077,5,Current,8326.39
ACCT01078,5,Current,8888.52
ACCT01079,5,Current,3834.92
ACCT01080,5,90DPD,2514.16
ACCT01081,5,30DPD,1630.36
ACCT01082,5,ChargeOff,9206.12
ACCT01083,5,Current,10182.7
ACCT01084,5,ChargeOff,11423.6
ACCT01085,5,Current,3758.67
ACCT01086,5,Current,2393.44
ACCT01087,5,Current,4069.46
ACCT01088,5,Current,6211.42
ACCT01089,5,Current,11296.68
ACCT01090,5,30DPD,10616.0
ACCT01091,5,Current,10499.17
ACCT01092,5,Current,11039.31
ACCT01093,5,30DPD,10323.24
ACCT01094,5,60DPD,5716.21
ACCT01095,5,Current,745.47
ACCT01096,5,Current,1073.9
ACCT01097,5,Current,5367.56
ACCT01098,5,Current,2942.14
ACCT01099,5,Current,2083.97
ACCT01100,5,Current,9385.11
ACCT01101,5,Current,2362.32
ACCT01102,5,Current,13408.64
ACCT01103,5,Current,8517.59
ACCT01104,5,Current,8433.88
ACCT01105,5,Current,6756.92
ACCT01106,5,Current,3903.0
ACCT01107,5,Current,7870.58
ACCT01108,5,ChargeOff,2963.04
ACCT01109,5,60DPD,12783.04
ACCT01110,5,Current,4266.54
ACCT01111,5,Current,3492.34
ACCT01112,5,Current,8193.02
ACCT01113,5,Current,8764.42
ACCT01114,5,ChargeOff,5890.53
ACCT01115,5,Current,6350.66
ACCT01116,5,Current,1844.57
ACCT01117,5,Current,8093.03
ACCT01118,5,Current,2941.87
ACCT01119,5,30DPD,2678.48
ACCT01120,5,Current,2031.66
ACCT01121,5,Current,4579.73
ACCT01122,5,Current,3992.41
ACCT01123,5,Current,4993.62
ACCT01124,5,Current,2456.21
ACCT01125,5,Current,2668.63
ACCT01126,5,Current,8625.37
ACCT01127,5,Current,1608.46
ACCT01128,5,Current,7613.18
ACCT01129,5,ChargeOff,14170.42
ACCT01130,5,ChargeOff,6516.58
ACCT01131,5,Current,13299.11
ACCT01132,5,Current,1360.93
ACCT01133,5,Current,730.35
ACCT01134,5,Current,10181.65
ACCT01135,5,90DPD,9023.75
ACCT01136,5,30DPD,10314.92
ACCT01137,5,Current,869.6
ACCT01138,5,Current,9869.6
ACCT01139,5,Current,5334.55
ACCT01140,5,Current,4039.64
ACCT01141,5,Current,1975.02
ACCT01142,5,Current,12457.65
ACCT01143,5,Current,991.3
ACCT01144,5,Current,9502.9
ACCT01145,5,Current,7361.23
ACCT01146,5,Current,8369.24
ACCT01147,5,Current,9460.69
ACCT01148,5,Current,8931.65
ACCT01149,5,Current,2770.22
ACCT01150,5,Current,180.89
ACCT01151,5,Current,6362.67
ACCT01152,5,Current,3775.62
ACCT01153,5,Current,1869.19
ACCT01154,5,Current,2362.84
ACCT01155,5,90DPD,3701.49
ACCT01156,5,Current,1011.24
ACCT01157,5,Current,892.26
ACCT01158,5,ChargeOff,12064.28
ACCT01159,5,Current,4787.34
ACCT01160,5,Current,12103.91
ACCT01161,5,Current,10860.71
ACCT01162,5,Current,2130.44
ACCT01163,5,30DPD,7835.17
ACCT01164,5,Current,7624.26
ACCT01165,5,Current,8522.19
ACCT01166,5,Current,1329.51
ACCT01167,5,Current,3058.37
ACCT01168,5,Current,1113.26
ACCT01169,5,Current,7043.12
ACCT01170,5,Current,12547.02
ACCT01171,5,Current,7744.93
ACCT01172,5,Current,9862.42
ACCT01173,5,Current,12930.81
ACCT01174,5,60DPD,8356.02
ACCT01175,5,Current,709.25
ACCT01176,5,Current,9879.86
ACCT01177,5,Current,4898.84
ACCT01178,5,Current,232.44
ACCT01179,5,Current,5352.1
ACCT01180,5,Current,11486.11
ACCT01181,5,Current,3572.68
ACCT01182,5,Current,5512.77
ACCT01183,5,Current,2335.92
ACCT01184,5,Current,937.86
ACCT01185,5,Current,1020.11
ACCT01186,5,Current,11084.99
ACCT01187,5,ChargeOff,12988.3
ACCT01188,5,Current,1846.81
ACCT01189,5,Current,4337.4
ACCT01190,5,Current,2532.6
ACCT01191,5,Current,492.86
ACCT01192,5,Current,7253.41
ACCT01193,5,ChargeOff,9247.54
ACCT01194,5,Current,7868.74
ACCT01195,5,Current,4852.09
ACCT01196,5,Current,7152.72
ACCT01197,5,Current,1072.59
ACCT01198,5,90DPD,2054.12
ACCT01199,5,Current,9665.09
ACCT01200,5,Current,8155.45
ACCT01201,5,Current,11179.74
ACCT01202,5,Current,11650.89
ACCT01203,5,Current,8442.01
ACCT01204,5,Current,10447.46
ACCT01205,5,30DPD,4754.25
ACCT01206,5,ChargeOff,221.85
ACCT01207,5,Current,1070.17
ACCT01208,5,Current,1341.77
ACCT01209,5,Current,1377.76
ACCT01210,5,Current,4385.87
ACCT01211,5,Current,8432.22
ACCT01212,5,Current,9865.72
ACCT01213,5,Current,8967.55
ACCT01214,5,Current,1892.35
ACCT01215,5,Current,6590.37
ACCT01216,5,Current,3988.87
ACCT01217,5,30DPD,304.96
ACCT01218,5,Current,4061.48
ACCT01219,5,Current,3600.96
ACCT01220,5,Current,3383.77
ACCT01221,5,Current,9455.65
ACCT01222,5,Current,9089.56
ACCT01223,5,Current,8406.11
ACCT01224,5,30DPD,1400.32
ACCT01225,5,Current,11000.27
ACCT01226,5,Current,7523.83
ACCT01227,5,Current,2094.71
ACCT01228,5,Current,10073.38
ACCT01229,5,Current,5776.83
ACCT01230,5,Current,5378.31
ACCT01231,5,Current,1501.18
ACCT01232,5,Current,7193.25
ACCT01233,5,Current,1642.25
ACCT01234,5,Current,2239.11
ACCT01235,5,Current,1643.05
ACCT01236,5,Current,11498.31
ACCT01237,5,30DPD,3651.5
ACCT01238,5,Current,4615.51
ACCT01239,5,Current,4151.73
ACCT01240,5,Current,11020.3
ACCT01241,5,60DPD,7097.08
ACCT01242,5,Current,10848.65
ACCT01243,5,30DPD,3972.54
ACCT01244,5,Current,1716.37
ACCT01245,5,Current,6683.5
ACCT01246,5,90DPD,3632.78
ACCT01247,5,Current,9757.8
ACCT01248,5,Current,10522.03
ACCT01249,5,Current,4804.94
ACCT01250,5,Current,10415.13
ACCT01251,5,30DPD,5498.95
ACCT01252,5,Current,3578.62
ACCT01253,5,Current,6217.88
ACCT01254,5,Current,727.69
ACCT01255,5,Current,9060.63
ACCT01256,5,Current,1814.15
ACCT01257,5,Current,3374.61
ACCT01258,5,Current,6141.08
ACCT01259,5,ChargeOff,836.03
ACCT01260,5,Current,908.89
ACCT01261,5,Current,8717.26
ACCT01262,5,Current,1099.35
ACCT01263,5,30DPD,5628.7
ACCT01264,5,30DPD,4338.95
ACCT01265,5,Current,3424.0
ACCT01266,5,Current,2376.49
ACCT01267,5,ChargeOff,10307.24
ACCT01268,5,Current,10724.42
ACCT01269,5,Current,1741.99
ACCT01270,5,ChargeOff,13013.99
ACCT01271,5,Current,5834.26
ACCT01272,5,Current,9168.56
ACCT01273,5,Current,8558.17
ACCT01274,5,Current,6710.23
ACCT01275,5,Current,9296.21
ACCT01276,5,Current,5906.34
ACCT01277,5,Current,6296.8
ACCT01278,5,Current,4172.68
ACCT01279,5,Current,1351.02
ACCT01280,5,Current,8553.27
ACCT01281,5,Current,569.66
ACCT01282,5,Current,3787.54
ACCT01283,5,Current,1585.03
ACCT01284,5,Current,1977.53
ACCT01285,5,Current,7903.25
ACCT01286,5,Current,10112.28
ACCT01287,5,Current,4826.92
ACCT01288,5,Current,1281.61
ACCT01289,5,Current,5146.89
ACCT01290,5,Current,4950.03
ACCT01291,5,Current,9675.69
ACCT01292,5,Current,6334.34
ACCT01293,5,Current,5963.31
ACCT01294,5,Current,5687.82
ACCT01295,5,Current,12985.45
ACCT01296,5,Current,9142.89
ACCT01297,5,Current,6273.64
ACCT01298,5,Current,5970.74
ACCT01299,5,Current,434.22
ACCT01300,5,Current,11517.44
ACCT01301,5,Current,4051.89
ACCT01302,5,ChargeOff,3677.85
ACCT01303,5,Current,14995.6
ACCT01304,5,30DPD,8370.41
ACCT01305,5,Current,635.41
ACCT01306,5,Current,1137.41
ACCT01307,5,Current,432.51
ACCT01308,5,Current,6810.45
ACCT01309,5,ChargeOff,1180.37
ACCT01310,5,Current,10020.38
ACCT01311,5,Current,11410.48
ACCT01312,5,Current,5524.15
ACCT01313,5,Current,8176.92
ACCT01314,5,Current,4137.03
ACCT01315,5,Current,1039.07
ACCT01316,5,Current,8397.01
ACCT01317,5,60DPD,1506.17
ACCT01318,5,Current,1458.72
ACCT01319,5,Current,4056.92
ACCT01320,5,Current,293.82
ACCT01321,5,Current,5078.34
ACCT01322,5,Current,8389.14
ACCT01323,5,Current,8141.47
ACCT01324,5,Current,7383.54
ACCT01325,5,Current,10835.32
ACCT01326,5,Current,4871.34
ACCT01327,5,Current,12896.08
ACCT01328,5,Current,7114.09
ACCT01329,5,Current,2997.17
ACCT01330,5,30DPD,12143.01
ACCT01331,5,Current,3692.64
ACCT01332,5,Current,470.06
ACCT01333,5,Current,2817.31
ACCT01334,5,ChargeOff,5228.97
ACCT01335,5,Current,3887.39
ACCT01336,5,Current,5867.71
ACCT01337,5,Current,12169.76
ACCT01338,5,ChargeOff,4347.88
ACCT01339,5,Current,5613.14
ACCT01340,5,Current,3685.65
ACCT01341,5,Current,11094.25
ACCT01342,5,Current,2459.99
ACCT01343,5,30DPD,1464.34
ACCT01344,5,ChargeOff,7644.33
ACCT01345,5,Current,9398.88
ACCT01346,5,Current,11623.35
ACCT01347,5,Current,7384.63
ACCT01348,5,Current,9532.26
ACCT01349,5,Current,4277.28
ACCT01350,5,Current,550.74
ACCT01351,5,Current,1524.6
ACCT01352,5,Current,683.02
ACCT01353,5,Current,4478.64
ACCT01354,5,Current,7185.56
ACCT01355,5,Current,4381.82
ACCT01356,5,ChargeOff,8020.12
ACCT01357,5,Current,6384.15
ACCT01358,5,Current,8166.86
ACCT01359,5,30DPD,9772.17
ACCT01360,5,Current,3791.11
ACCT01361,5,Current,4411.98
ACCT01362,5,Current,8277.55
ACCT01363,5,Current,7516.88
ACCT01364,5,30DPD,3708.17
ACCT01365,5,Current,5050.17
ACCT01366,5,Current,8118.06
ACCT01367,5,Current,6569.95
ACCT01368,5,Current,1645.52
ACCT01369,5,Current,4931.15
ACCT01370,5,Current,12232.14
ACCT01371,5,ChargeOff,685.95
ACCT01372,5,Current,10466.38
ACCT01373,5,60DPD,2058.53
ACCT01374,5,30DPD,5757.2
ACCT01375,5,Current,5795.91
ACCT01376,5,Current,271.19
ACCT01377,5,Current,11455.14
ACCT01378,5,Current,6481.11
ACCT01379,5,Current,12989.31
ACCT01380,5,Current,3862.27
ACCT01381,5,Current,12975.39
ACCT01382,5,Current,10138.9
ACCT01383,5,ChargeOff,8441.12
ACCT01384,5,Current,2411.3
ACCT01385,5,Current,7686.96
ACCT01386,5,Current,8211.86
ACCT01387,5,Current,11619.13
ACCT01388,5,60DPD,4965.54
ACCT01389,5,Current,3510.69
ACCT01390,5,Current,2136.35
ACCT01391,5,Current,7756.0
ACCT01392,5,Current,10877.92
ACCT01393,5,30DPD,502.63
ACCT01394,5,Current,8156.68
ACCT01395,5,Current,8617.95
ACCT01396,5,Current,937.93
ACCT01397,5,Current,1717.87
ACCT01398,5,Current,7714.32
ACCT01399,5,Current,8763.83
ACCT01400,5,Current,845.42
ACCT01401,5,Current,11054.11
ACCT01402,5,ChargeOff,6899.33
ACCT01403,5,Current,11599.35
ACCT01404,5,Current,10157.67
ACCT01405,5,Current,12414.3
ACCT01406,5,30DPD,7494.5
ACCT01407,5,Current,3790.71
ACCT01408,5,Current,6444.77
ACCT01409,5,Current,1207.74
ACCT01410,5,Current,8402.98
ACCT01411,5,ChargeOff,2192.77
ACCT01412,5,Current,6110.09
ACCT01413,5,Current,848.74
ACCT01414,5,Current,4094.59
ACCT01415,5,Current,2759.9
ACCT01416,5,Current,6500.61
ACCT01417,5,90DPD,9264.13
ACCT01418,5,Current,732.49
ACCT01419,5,Current,12566.76
ACCT01420,5,Current,10438.34
ACCT01421,5,Current,4442.72
ACCT01422,5,30DPD,5814.27
ACCT01423,5,Current,6310.14
ACCT01424,5,Current,2271.13
ACCT01425,5,Current,5908.05
ACCT01426,5,Current,955.31
ACCT01427,5,Current,13780.63
ACCT01428,5,Current,13339.25
ACCT01429,5,Current,8590.44
ACCT01430,5,Current,8220.9
ACCT01431,5,Current,6397.68
ACCT01432,5,30DPD,12071.5
ACCT01433,5,Current,3167.22
ACCT01434,5,Current,1266.56
ACCT01435,5,90DPD,6780.45
ACCT01436,5,Current,3923.82
ACCT01437,5,Current,4596.88
ACCT01438,5,ChargeOff,290.47
ACCT01439,5,Current,7098.31
ACCT01440,5,30DPD,2933.87
ACCT01441,5,Current,2166.54
ACCT01442,5,Current,623.56
ACCT01443,5,Current,4589.51
ACCT01444,5,Current,9423.09
ACCT01445,5,Current,4139.12
ACCT01446,5,Current,8705.9
ACCT01447,5,Current,8252.4
ACCT01448,5,Current,4121.56
ACCT01449,5,Current,10551.44
ACCT01450,5,Current,8618.54
ACCT01451,5,Current,5648.01
ACCT01452,5,Current,162.79
ACCT01453,5,Current,480.06
ACCT01454,5,30DPD,10640.88
ACCT01455,5,Current,11641.7
ACCT01456,5,Current,9887.32
ACCT01457,5,Current,12204.45
ACCT01458,5,60DPD,438.83
ACCT01459,5,Current,10001.04
ACCT01460,5,Current,5968.91
ACCT01461,5,Current,10323.89
ACCT01462,5,Current,230.38
ACCT01463,5,Current,3933.62
ACCT01464,5,Current,11063.69
ACCT01465,5,Current,8963.34
ACCT01466,5,Current,7598.33
ACCT01467,5,Current,3913.91
ACCT01468,5,Current,3046.79
ACCT01469,5,Current,13186.7
ACCT01470,5,ChargeOff,6304.26
ACCT01471,5,Current,4941.92
ACCT01472,5,Current,7291.25
ACCT01473,5,Current,5370.99
ACCT01474,5,Current,5790.18
ACCT01475,5,30DPD,4577.72
ACCT01476,5,Current,9922.89
ACCT01477,5,ChargeOff,13653.96
ACCT01478,5,Current,10501.74
ACCT01479,5,Current,9097.21
ACCT01480,5,Current,4732.69
ACCT01481,5,Current,8312.19
ACCT01482,5,Current,9670.76
ACCT01483,5,Current,6589.48
ACCT01484,5,Current,7369.42
ACCT01485,5,Current,8095.7
ACCT01486,5,60DPD,8704.06
ACCT01487,5,Current,9573.32
ACCT01488,5,Current,2803.21
ACCT01489,5,Current,5552.53
ACCT01490,5,Current,8627.51
ACCT01491,5,Current,183.36
ACCT01492,5,Current,10654.0
ACCT01493,5,Current,8099.6
ACCT01494,5,Current,1789.63
ACCT01495,5,Current,8251.7
ACCT01496,5,Current,7922.13
ACCT01497,5,Current,6955.58
ACCT01498,5,30DPD,4452.53
ACCT01499,5,Current,11520.18
ACCT01500,5,Current,6600.7
ACCT01501,5,ChargeOff,7451.29
ACCT01502,5,30DPD,146.59
ACCT01503,5,Current,9063.78
ACCT01504,5,60DPD,8532.04
ACCT01505,5,Current,6681.43
ACCT01506,5,Current,6180.73
ACCT01507,5,Current,10061.07
ACCT01508,5,Current,9046.85
ACCT01509,5,90DPD,4029.34
ACCT01510,5,Current,13243.36
ACCT01511,5,Current,9605.88
ACCT01512,5,Current,12776.28
ACCT01513,5,Current,12743.42
ACCT01514,5,Current,10610.2
ACCT01515,5,Current,11788.35
ACCT01516,5,Current,5940.63
ACCT01517,5,90DPD,2079.26
ACCT01518,5,Current,6672.39
ACCT01519,5,Current,11990.13
ACCT01520,5,Current,6669.18
ACCT01521,5,Current,12100.47
ACCT01522,5,Current,1072.56
ACCT01523,5,Current,4394.86
ACCT01524,5,Current,7192.97
ACCT01525,5,Current,5317.37
ACCT01526,5,Current,1315.93
ACCT01527,5,Current,1740.43
ACCT01528,5,Current,11398.95
ACCT01529,5,Current,5932.24
ACCT01530,5,Current,738.12
ACCT01531,5,Current,440.09
ACCT01532,5,Current,6312.19
ACCT01533,5,30DPD,2372.71
ACCT01534,5,Current,9469.89
ACCT01535,5,Current,11040.83
ACCT01536,5,ChargeOff,3137.24
ACCT01537,5,Current,7565.01
ACCT01538,5,Current,1660.1
ACCT01539,5,Current,3632.06
ACCT01540,5,Current,10940.13
ACCT01541,5,Current,7038.32
ACCT01542,5,Current,10123.66
ACCT01543,5,Current,2424.04
ACCT01544,5,Current,3929.27
ACCT01545,5,Current,5335.14
ACCT01546,5,Current,6385.57
ACCT01547,5,60DPD,14840.42
ACCT01548,5,Current,1652.53
ACCT01549,5,Current,11811.89
ACCT01550,5,Current,12493.14
ACCT01551,5,Current,5831.99
ACCT01552,5,90DPD,4295.7
ACCT01553,5,Current,8049.08
ACCT01554,5,30DPD,4313.59
ACCT01555,5,Current,8417.36
ACCT01556,5,90DPD,7338.74
ACCT01557,5,Current,11826.92
ACCT01558,5,Current,7962.29
ACCT01559,5,Current,6393.39
ACCT01560,5,ChargeOff,10723.83
ACCT01561,5,Current,6091.56
ACCT01562,5,Current,12127.67
ACCT01563,5,Current,2270.88
ACCT01564,5,Current,8926.54
ACCT01565,5,Current,12930.9
ACCT01566,5,Current,9797.73
ACCT01567,5,Current,5782.74
ACCT01568,5,Current,9467.57
ACCT01569,5,Current,5291.86
ACCT01570,5,Current,10155.29
ACCT01571,5,Current,2123.28
ACCT01572,5,Current,4557.05
ACCT01573,5,Current,5700.14
ACCT01574,5,Current,3695.79
ACCT01575,5,30DPD,4711.37
ACCT01576,5,Current,10346.41
ACCT01577,5,90DPD,2964.99
ACCT01578,5,ChargeOff,11230.16
ACCT01579,5,Current,992.69
ACCT01580,5,Current,10861.24
ACCT01581,5,Current,10287.63
ACCT01582,5,Current,4125.31
ACCT01583,5,Current,9265.08
ACCT01584,5,Current,10707.22
ACCT01585,5,Current,10040.54
ACCT01586,5,Current,3994.84
ACCT01587,5,Current,4916.48
ACCT01588,5,Current,11547.66
ACCT01589,5,Current,3240.47
ACCT01590,5,Current,9834.36
ACCT01591,5,Current,4035.88
ACCT01592,5,Current,9606.88
ACCT01593,5,Current,1312.03
ACCT01594,5,Current,743.29
ACCT01595,5,Current,13195.33
ACCT01596,5,Current,11389.1
ACCT01597,5,Current,9691.16
ACCT01598,5,Current,9873.81
ACCT01599,5,Current,4867.21
ACCT01600,5,Current,2876.21
ACCT01601,5,Current,1712.91
ACCT01602,5,Current,5263.37
ACCT01603,5,Current,3738.78
ACCT01604,5,Current,12067.3
ACCT01605,5,Current,237.9
ACCT01606,5,Current,1825.57
ACCT01607,5,30DPD,2697.57
ACCT01608,5,Current,2257.0
ACCT01609,5,Current,2917.41
ACCT01610,5,Current,6735.02
ACCT01611,5,Current,4256.14
ACCT01612,5,Current,7434.88
ACCT01613,5,Current,12572.36
ACCT01614,5,30DPD,6976.35
ACCT01615,5,Current,8969.97
ACCT01616,5,Current,4881.12
ACCT01617,5,Current,2256.99
ACCT01618,5,ChargeOff,4944.64
ACCT01619,5,Current,11072.41
ACCT01620,5,Current,5840.73
ACCT01621,5,Current,4219.25
ACCT01622,5,Current,5519.09
ACCT01623,5,60DPD,13575.65
ACCT01624,5,Current,7597.17
ACCT01625,5,Current,7105.41
ACCT01626,5,Current,11799.55
ACCT01627,5,Current,8550.33
ACCT01628,5,Current,7412.34
ACCT01629,5,Current,2145.29
ACCT01630,5,Current,1362.44
ACCT01631,5,Current,10055.6
ACCT01632,5,Current,6868.84
ACCT01633,5,Current,4650.34
ACCT01634,5,ChargeOff,8917.51
ACCT01635,5,Current,871.88
ACCT01636,5,Current,9087.22
ACCT01637,5,Current,2925.61
ACCT01638,5,30DPD,9988.17
ACCT01639,5,Current,5831.05
ACCT01640,5,Current,3832.91
ACCT01641,5,60DPD,524.48
ACCT01642,5,30DPD,9300.94
ACCT01643,5,60DPD,2592.66
ACCT01644,5,Current,712.55
ACCT01645,5,Current,7746.57
ACCT01646,5,Current,4561.55
ACCT01647,5,Current,3987.23
ACCT01648,5,Current,2909.49
ACCT01649,5,Current,10434.47
ACCT01650,5,Current,3250.57
ACCT01651,5,Current,2779.52
ACCT01652,5,Current,3826.33
ACCT01653,5,Current,3096.54
ACCT01654,5,Current,3982.65
ACCT01655,5,Current,1180.95
ACCT01656,5,Current,1924.93
ACCT01657,5,Current,4306.72
ACCT01658,5,Current,11685.18
ACCT01659,5,Current,818.56
ACCT01660,5,Current,2297.22
ACCT01661,5,Current,9311.91
ACCT01662,5,Current,8951.93
ACCT01663,5,Current,9363.51
ACCT01664,5,Current,2424.98
ACCT01665,5,Current,5093.29
ACCT01666,5,Current,2405.63
ACCT01667,5,Current,1394.07
ACCT01668,5,30DPD,4673.15
ACCT01669,5,Current,7246.88
ACCT01670,5,Current,3996.54
ACCT01671,5,Current,7460.01
ACCT01672,5,Current,4033.01
ACCT01673,5,Current,4005.35
ACCT01674,5,30DPD,10102.04
ACCT01675,5,Current,10604.01
ACCT01676,5,Current,3135.41
ACCT01677,5,Current,7529.81
ACCT01678,5,Current,3829.07
ACCT01679,5,60DPD,787.64
ACCT01680,5,Current,8785.24
ACCT01681,5,60DPD,2245.54
ACCT01682,5,Current,5679.82
ACCT01683,5,Current,6207.68
ACCT01684,5,30DPD,2353.75
ACCT01685,5,Current,1670.02
ACCT01686,5,Current,4709.18
ACCT01687,5,Current,11764.55
ACCT01688,5,Current,7057.03
ACCT01689,5,90DPD,5496.26
ACCT01690,5,60DPD,628.25
ACCT01691,5,Current,7548.03
ACCT01692,5,Current,1346.06
ACCT01693,5,Current,6884.88
ACCT01694,5,Current,6962.16
ACCT01695,5,Current,4952.06
ACCT01696,5,Current,3155.85
ACCT01697,5,Current,721.71
ACCT01698,5,Current,405.35
ACCT01699,5,Current,5887.7
ACCT01700,5,30DPD,11723.77
ACCT01701,5,ChargeOff,3881.01
ACCT01702,5,Current,8096.33
ACCT01703,5,Current,8210.02
ACCT01704,5,Current,1093.5
ACCT01705,5,ChargeOff,1976.75
ACCT01706,5,Current,3659.19
ACCT01707,5,90DPD,7855.09
ACCT01708,5,60DPD,6351.61
ACCT01709,5,Current,8996.84
ACCT01710,5,Current,10379.15
ACCT01711,5,Current,10215.36
ACCT01712,5,Current,14546.89
ACCT01713,5,Current,8999.12
ACCT01714,5,30DPD,9496.36
ACCT01715,5,Current,12590.39
ACCT01716,5,Current,8159.39
ACCT01717,5,30DPD,8115.34
ACCT01718,5,Current,9091.97
ACCT01719,5,Current,7037.75
ACCT01720,5,Current,7254.67
ACCT01721,5,Current,5906.38
ACCT01722,5,Current,10306.15
ACCT01723,5,Current,5756.1
ACCT01724,5,Current,10499.86
ACCT01725,5,90DPD,7213.39
ACCT01726,5,Current,11827.33
ACCT01727,5,Current,3277.98
ACCT01728,5,Current,9424.89
ACCT01729,5,Current,8720.46
ACCT01730,5,Current,12067.82
ACCT01731,5,Current,10137.31
ACCT01732,5,Current,5665.99
ACCT01733,5,Current,6920.1
ACCT01734,5,Current,1928.7
ACCT01735,5,Current,11808.31
ACCT01736,5,Current,3806.48
ACCT01737,5,Current,7808.49
ACCT01738,5,30DPD,10166.22
ACCT01739,5,30DPD,4823.08
ACCT01740,5,Current,3024.08
ACCT01741,5,60DPD,2362.17
ACCT01742,5,Current,9599.93
ACCT01743,5,Current,4998.83
ACCT01744,5,Current,1449.28
ACCT01745,5,Current,8158.44
ACCT01746,5,Current,2993.74
ACCT01747,5,Current,13075.22
ACCT01748,5,30DPD,3878.8
ACCT01749,5,Current,2454.56
ACCT01750,5,Current,1230.45
ACCT01751,5,Current,7654.2
ACCT01752,5,Current,4466.92
ACCT01753,5,Current,9903.18
ACCT01754,5,Current,5679.07
ACCT01755,5,Current,4699.31
ACCT01756,5,Current,3855.29
ACCT01757,5,Current,4098.84
ACCT01758,5,Current,11991.63
ACCT01759,5,Current,2172.0
ACCT01760,5,30DPD,9122.29
ACCT01761,5,Current,4211.6
ACCT01762,5,Current,1246.42
ACCT01763,5,Current,3775.48
ACCT01764,5,Current,930.59
ACCT01765,5,Current,7994.94
ACCT01766,5,Current,6209.67
ACCT01767,5,Current,4765.75
ACCT01768,5,Current,8060.66
ACCT01769,5,Current,7772.36
ACCT01770,5,30DPD,11439.41
ACCT01771,5,Current,9893.25
ACCT01772,5,Current,9963.33
ACCT01773,5,Current,11085.05
ACCT01774,5,Current,9471.08
ACCT01775,5,Current,4347.39
ACCT01776,5,Current,8365.15
ACCT01777,5,Current,1107.46
ACCT01778,5,Current,9345.62
ACCT01779,5,Current,12437.16
ACCT01780,5,Current,1041.65
ACCT01781,5,Current,10028.73
ACCT01782,5,Current,9362.04
ACCT01783,5,Current,2784.04
ACCT01784,5,Current,6375.84
ACCT01785,5,30DPD,9479.49
ACCT01786,5,Current,8998.5
ACCT01787,5,60DPD,2103.18
ACCT01788,5,Current,4435.54
ACCT01789,5,30DPD,7596.8
ACCT01790,5,Current,3210.75
ACCT01791,5,Current,4578.0
ACCT01792,5,Current,502.49
ACCT01793,5,Current,2203.71
ACCT01794,5,90DPD,7636.69
ACCT01795,5,Current,7740.29
ACCT01796,5,Current,9747.9
ACCT01797,5,Current,9132.27
ACCT01798,5,Current,6096.07
ACCT01799,5,Current,4252.26
ACCT01800,5,Current,483.4
ACCT01801,5,Current,2832.33
ACCT01802,5,Current,3566.21
ACCT01803,5,Current,2246.81
ACCT01804,5,Current,339.03
ACCT01805,5,Current,1925.24
ACCT01806,5,Current,7722.89
ACCT01807,5,Current,7886.58
ACCT01808,5,Current,11925.7
ACCT01809,5,Current,10928.25
ACCT01810,5,Current,6606.33
ACCT01811,5,Current,1726.68
ACCT01812,5,Current,7376.62
ACCT01813,5,Current,868.78
ACCT01814,5,Current,6172.97
ACCT01815,5,Current,5150.14
ACCT01816,5,Current,5504.66
ACCT01817,5,Current,3913.13
ACCT01818,5,Current,10839.87
ACCT01819,5,60DPD,9944.42
ACCT01820,5,30DPD,8074.62
ACCT01821,5,Current,9021.12
ACCT01822,5,Current,6516.3
ACCT01823,5,Current,607.21
ACCT01824,5,30DPD,8852.69
ACCT01825,5,Current,7534.91
ACCT01826,5,Current,3612.26
ACCT01827,5,Current,3486.28
ACCT01828,5,Current,8771.48
ACCT01829,5,90DPD,7989.36
ACCT01830,5,Current,7083.98
ACCT01831,5,ChargeOff,9299.43
ACCT01832,5,Current,5724.24
ACCT01833,5,30DPD,4986.4
ACCT01834,5,Current,4339.94
ACCT01835,5,Current,6115.49
ACCT01836,5,Current,7802.78
ACCT01837,5,Current,629.77
ACCT01838,5,Current,8427.0
ACCT01839,5,Current,3191.55
ACCT01840,5,Current,8923.09
ACCT01841,5,30DPD,6067.02
ACCT01842,5,30DPD,7135.48
ACCT01843,5,Current,7201.09
ACCT01844,5,Current,11980.38
ACCT01845,5,Current,6549.04
ACCT01846,5,Current,9709.79
ACCT01847,5,Current,7849.51
ACCT01848,5,Current,3278.44
ACCT01849,5,Current,4031.14
ACCT01850,5,Current,5735.47
ACCT01851,5,ChargeOff,3520.33
ACCT01852,5,Current,5141.12
ACCT01853,5,Current,4938.76
ACCT01854,5,Current,9544.86
ACCT01855,5,ChargeOff,3454.37
ACCT01856,5,Current,11943.71
ACCT01857,5,Current,5698.27
ACCT01858,5,Current,8134.81
ACCT01859,5,60DPD,1187.74
ACCT01860,5,Current,5888.13
ACCT01861,5,ChargeOff,617.65
ACCT01862,5,ChargeOff,10203.47
ACCT01863,5,Current,4085.37
ACCT01864,5,Current,9192.43
ACCT01865,5,Current,3740.19
ACCT01866,5,Current,6423.05
ACCT01867,5,Current,2772.95
ACCT01868,5,Current,6027.29
ACCT01869,5,Current,6041.58
ACCT01870,5,60DPD,4074.46
ACCT01871,5,30DPD,2283.43
ACCT01872,5,ChargeOff,1850.52
ACCT01873,5,ChargeOff,1985.8
ACCT01874,5,Current,10614.27
ACCT01875,5,Current,4436.58
ACCT01876,5,Current,173.18
ACCT01877,5,Current,11604.69
ACCT01878,5,Current,435.33
ACCT01879,5,Current,5666.27
ACCT01880,5,Current,7337.28
ACCT01881,5,Current,10174.57
ACCT01882,5,Current,8796.37
ACCT01883,5,90DPD,5112.07
ACCT01884,5,Current,10646.59
ACCT01885,5,Current,676.04
ACCT01886,5,Current,12064.7
ACCT01887,5,Current,9027.98
ACCT01888,5,Current,10680.66
ACCT01889,5,Current,3462.2
ACCT01890,5,Current,2140.73
ACCT01891,5,Current,6718.76
ACCT01892,5,Current,5531.52
ACCT01893,5,Current,5569.53
ACCT01894,5,Current,13472.95
ACCT01895,5,Current,9219.86
ACCT01896,5,Current,4076.6
ACCT01897,5,Current,5342.47
ACCT01898,5,Current,2017.88
ACCT01899,5,Current,2249.78
ACCT01900,5,Current,1620.68
ACCT01901,5,30DPD,9138.98
ACCT01902,5,Current,9333.29
ACCT01903,5,Current,4841.59
ACCT01904,5,Current,4872.41
ACCT01905,5,Current,7674.3
ACCT01906,5,Current,11138.03
ACCT01907,5,30DPD,12168.24
ACCT01908,5,Current,6514.55
ACCT01909,5,Current,10665.07
ACCT01910,5,Current,7192.04
ACCT01911,5,Current,6513.0
ACCT01912,5,30DPD,10994.71
ACCT01913,5,Current,3963.47
ACCT01914,5,Current,5547.21
ACCT01915,5,Current,3448.47
ACCT01916,5,Current,6301.06
ACCT01917,5,Current,6471.85
ACCT01918,5,Current,9319.51
ACCT01919,5,Current,6954.56
ACCT01920,5,Current,2692.43
ACCT01921,5,Current,11286.91
ACCT01922,5,90DPD,3634.88
ACCT01923,5,Current,11545.76
ACCT01924,5,Current,2740.56
ACCT01925,5,60DPD,5521.85
ACCT01926,5,Current,7701.36
ACCT01927,5,30DPD,9521.64
ACCT01928,5,Current,1898.42
ACCT01929,5,Current,9027.87
ACCT01930,5,Current,5801.52
ACCT01931,5,90DPD,6184.82
ACCT01932,5,Current,6095.63
ACCT01933,5,60DPD,630.49
ACCT01934,5,Current,6837.87
ACCT01935,5,Current,3661.38
ACCT01936,5,Current,4529.14
ACCT01937,5,Current,7508.35
ACCT01938,5,Current,6511.01
ACCT01939,5,Current,1323.06
ACCT01940,5,Current,823.16
ACCT01941,5,Current,2417.6
ACCT01942,5,Current,2813.13
ACCT01943,5,Current,7121.01
ACCT01944,5,Current,2585.59
ACCT01945,5,Current,11282.65
ACCT01946,5,Current,2332.2
ACCT01947,5,90DPD,1567.72
ACCT01948,5,Current,10045.68
ACCT01949,5,Current,3741.9
ACCT01950,5,Current,5085.46
ACCT01951,5,Current,10323.35
ACCT01952,5,60DPD,12614.37
ACCT01953,5,Current,7918.85
ACCT01954,5,Current,803.14
ACCT01955,5,90DPD,5850.24
ACCT01956,5,Current,13303.97
ACCT01957,5,Current,13930.93
ACCT01958,5,Current,1292.94
ACCT01959,5,Current,4880.25
ACCT01960,5,Current,3663.88
ACCT01961,5,Current,1484.73
ACCT01962,5,Current,9327.02
ACCT01963,5,Current,3634.67
ACCT01964,5,Current,4882.99
ACCT01965,5,Current,1157.18
ACCT01966,5,Current,5236.98
ACCT01967,5,Current,2157.46
ACCT01968,5,Current,4686.12
ACCT01969,5,Current,1780.13
ACCT01970,5,90DPD,10971.21
ACCT01971,5,ChargeOff,2478.94
ACCT01972,5,60DPD,7237.89
ACCT01973,5,60DPD,2452.92
ACCT01974,5,Current,1223.64
ACCT01975,5,Current,2306.75
ACCT01976,5,Current,661.54
ACCT01977,5,ChargeOff,2091.39
ACCT01978,5,Current,5543.68
ACCT01979,5,60DPD,8125.92
ACCT01980,5,Current,1055.29
ACCT01981,5,30DPD,4796.66
ACCT01982,5,Current,7831.87
ACCT01983,5,Current,2682.12
ACCT01984,5,Current,4363.47
ACCT01985,5,Current,1064.5
ACCT01986,5,Current,2639.5
ACCT01987,5,Current,5809.82
ACCT01988,5,ChargeOff,12177.85
ACCT01989,5,Current,11530.51
ACCT01990,5,Current,10510.73
ACCT01991,5,Current,4912.17
ACCT01992,5,Current,1242.49
ACCT01993,5,Current,3959.67
ACCT01994,5,Current,3300.82
ACCT01995,5,Current,352.48
ACCT01996,5,Current,1432.69
ACCT01997,5,60DPD,5813.61
ACCT01998,5,Current,4313.81
ACCT01999,5,Current,2923.89
ACCT00000,6,Current,10941.83
ACCT00001,6,Current,5602.01
ACCT00002,6,Current,8876.18
ACCT00003,6,Current,6241.06
ACCT00004,6,Current,1305.56
ACCT00005,6,Current,10467.91
ACCT00006,6,Current,6422.52
ACCT00007,6,Current,1540.05
ACCT00008,6,Current,2088.48
ACCT00009,6,Current,10013.23
ACCT00010,6,90DPD,599.74
ACCT00011,6,ChargeOff,4458.97
ACCT00012,6,Current,1796.85
ACCT00013,6,Current,5298.53
ACCT00014,6,Current,5628.87
ACCT00015,6,Current,5724.19
ACCT00016,6,Current,3684.64
ACCT00017,6,Current,453.99
ACCT00018,6,30DPD,8463.09
ACCT00019,6,30DPD,4883.62
ACCT00020,6,Current,8582.12
ACCT00021,6,Current,1402.74
ACCT00022,6,60DPD,311.17
ACCT00023,6,30DPD,3300.06
ACCT00024,6,Current,5541.84
ACCT00025,6,Current,4445.95
ACCT00026,6,Current,11049.95
ACCT00027,6,Current,5745.06
ACCT00028,6,Current,5831.36
ACCT00029,6,Current,7433.84
ACCT00030,6,Current,452.7
ACCT00031,6,Current,6560.15
ACCT00032,6,Current,3933.84
ACCT00033,6,Current,4078.93
ACCT00034,6,30DPD,1210.91
ACCT00035,6,Current,12943.43
ACCT00036,6,Current,11600.66
ACCT00037,6,Current,497.52
ACCT00038,6,Current,6083.52
ACCT00039,6,60DPD,7439.52
ACCT00040,6,Current,3300.22
ACCT00041,6,Current,10673.61
ACCT00042,6,Current,8111.7
ACCT00043,6,Current,9319.69
ACCT00044,6,Current,10649.29
ACCT00045,6,30DPD,700.58
ACCT00046,6,Current,5251.16
ACCT00047,6,Current,7986.83
ACCT00048,6,Current,1719.69
ACCT00049,6,Current,5281.74
ACCT00050,6,Current,10723.52
ACCT00051,6,Current,319.36
ACCT00052,6,Current,5041.03
ACCT00053,6,Current,10079.58
ACCT00054,6,Current,3633.77
ACCT00055,6,60DPD,5678.27
ACCT00056,6,Current,8738.12
ACCT00057,6,30DPD,5673.16
ACCT00058,6,Current,1846.09
ACCT00059,6,Current,816.36
ACCT00060,6,Current,13526.5
ACCT00061,6,Current,2494.87
ACCT00062,6,90DPD,4485.18
ACCT00063,6,Current,997.62
ACCT00064,6,Current,6376.02
ACCT00065,6,Current,12708.38
ACCT00066,6,30DPD,5551.69
ACCT00067,6,Current,10401.46
ACCT00068,6,Current,2826.53
ACCT00069,6,Current,6031.74
ACCT00070,6,Current,9121.61
ACCT00071,6,Current,4824.7
ACCT00072,6,Current,3165.15
ACCT00073,6,Current,8121.66
ACCT00074,6,Current,4335.11
ACCT00075,6,90DPD,5994.58
ACCT00076,6,Current,11703.37
ACCT00077,6,Current,2079.95
ACCT00078,6,30DPD,3898.27
ACCT00079,6,Current,406.04
ACCT00080,6,Current,3705.9
ACCT00081,6,30DPD,2784.97
ACCT00082,6,Current,6465.21
ACCT00083,6,Current,3099.67
ACCT00084,6,Current,8653.88
ACCT00085,6,Current,2850.23
ACCT00086,6,90DPD,3886.12
ACCT00087,6,Current,4060.31
ACCT00088,6,Current,8577.51
ACCT00089,6,Current,5318.56
ACCT00090,6,30DPD,4282.97
ACCT00091,6,30DPD,7840.8
ACCT00092,6,Current,6339.59
ACCT00093,6,Current,2402.08
ACCT00094,6,Current,13753.33
ACCT00095,6,30DPD,4211.09
ACCT00096,6,Current,672.77
ACCT00097,6,Current,6449.03
ACCT00098,6,Current,2111.79
ACCT00099,6,Current,2592.42
ACCT00100,6,60DPD,8801.56
ACCT00101,6,Current,2005.66
ACCT00102,6,Current,9472.21
ACCT00103,6,Current,10793.96
ACCT00104,6,Current,6466.01
ACCT00105,6,30DPD,7601.49
ACCT00106,6,Current,7867.79
ACCT00107,6,Current,9297.73
ACCT00108,6,Current,4192.6
ACCT00109,6,Current,2019.98
ACCT00110,6,Current,6248.66
ACCT00111,6,Current,5123.32
ACCT00112,6,Current,2628.78
ACCT00113,6,Current,7670.34
ACCT00114,6,30DPD,305.45
ACCT00115,6,60DPD,8955.14
ACCT00116,6,Current,3029.08
ACCT00117,6,Current,568.86
ACCT00118,6,Current,1587.81
ACCT00119,6,Current,3489.03
ACCT00120,6,Current,2768.45
ACCT00121,6,Current,448.67
ACCT00122,6,Current,3540.48
ACCT00123,6,Current,2203.35
ACCT00124,6,Current,4690.8
ACCT00125,6,Current,3644.22
ACCT00126,6,Current,4321.16
ACCT00127,6,Current,4039.64
ACCT00128,6,Current,1346.25
ACCT00129,6,Current,430.32
ACCT00130,6,Current,2336.18
ACCT00131,6,30DPD,8952.88
ACCT00132,6,90DPD,11501.2
ACCT00133,6,Current,10779.47
ACCT00134,6,Current,6443.82
ACCT00135,6,Current,5544.05
ACCT00136,6,Current,4387.8
ACCT00137,6,Current,6025.29
ACCT00138,6,Current,9191.99
ACCT00139,6,Current,9637.51
ACCT00140,6,Current,10938.19
ACCT00141,6,Current,4666.56
ACCT00142,6,ChargeOff,8544.69
ACCT00143,6,Current,8770.71
ACCT00144,6,90DPD,3951.4
ACCT00145,6,Current,7496.64
ACCT00146,6,Current,1217.23
ACCT00147,6,Current,11321.08
ACCT00148,6,Current,6925.71
ACCT00149,6,Current,1505.54
ACCT00150,6,Current,9988.08
ACCT00151,6,60DPD,617.69
ACCT00152,6,Current,9450.62
ACCT00153,6,Current,6527.78
ACCT00154,6,Current,6473.93
ACCT00155,6,Current,9550.14
ACCT00156,6,30DPD,1543.23
ACCT00157,6,30DPD,3087.7
ACCT00158,6,Current,5067.84
ACCT00159,6,Current,623.41
ACCT00160,6,Current,5156.33
ACCT00161,6,Current,3068.41
ACCT00162,6,Current,4658.79
ACCT00163,6,Current,6328.55
ACCT00164,6,Current,9985.54
ACCT00165,6,Current,3537.07
ACCT00166,6,Current,9687.04
ACCT00167,6,30DPD,4522.88
ACCT00168,6,Current,2531.4
ACCT00169,6,60DPD,6711.41
ACCT00170,6,Current,4002.1
ACCT00171,6,Current,2751.42
ACCT00172,6,Current,6128.5
ACCT00173,6,Current,1927.33
ACCT00174,6,Current,4353.95
ACCT00175,6,30DPD,5762.69
ACCT00176,6,60DPD,5418.74
ACCT00177,6,ChargeOff,12393.9
ACCT00178,6,Current,2679.71
ACCT00179,6,Current,9194.11
ACCT00180,6,Current,10758.55
ACCT00181,6,Current,13612.72
ACCT00182,6,Current,11012.93
ACCT00183,6,Current,1519.75
ACCT00184,6,Current,4668.44
ACCT00185,6,Current,1992.13
ACCT00186,6,Current,9881.72
ACCT00187,6,Current,6943.59
ACCT00188,6,Current,2649.75
ACCT00189,6,Current,11888.93
ACCT00190,6,Current,1696.59
ACCT00191,6,Current,6644.77
ACCT00192,6,Current,6793.0
ACCT00193,6,60DPD,830.26
ACCT00194,6,Current,7964.13
ACCT00195,6,Current,8939.63
ACCT00196,6,Current,942.77
ACCT00197,6,Current,5574.72
ACCT00198,6,Current,2543.86
ACCT00199,6,Current,7167.25
ACCT00200,6,30DPD,1578.46
ACCT00201,6,ChargeOff,12012.76
ACCT00202,6,Current,10724.44
ACCT00203,6,Current,2372.63
ACCT00204,6,Current,4677.85
ACCT00205,6,Current,6360.77
ACCT00206,6,60DPD,8712.75
ACCT00207,6,Current,5030.69
ACCT00208,6,Current,2138.84
ACCT00209,6,60DPD,1228.61
ACCT00210,6,Current,10488.3
ACCT00211,6,Current,5268.52
ACCT00212,6,Current,11858.21
ACCT00213,6,60DPD,4055.84
ACCT00214,6,30DPD,11835.84
ACCT00215,6,Current,987.91
ACCT00216,6,Current,1915.29
ACCT00217,6,Current,13264.81
ACCT00218,6,30DPD,12581.5
ACCT00219,6,Current,3091.98
ACCT00220,6,Current,4783.21
ACCT00221,6,Current,7176.23
ACCT00222,6,Current,4591.85
ACCT00223,6,90DPD,2253.58
ACCT00224,6,Current,13284.24
ACCT00225,6,Current,3545.89
ACCT00226,6,Current,10416.15
ACCT00227,6,Current,1150.35
ACCT00228,6,60DPD,547.02
ACCT00229,6,Current,7146.95
ACCT00230,6,Current,4663.92
ACCT00231,6,Current,8936.71
ACCT00232,6,ChargeOff,1408.46
ACCT00233,6,Current,10766.67
ACCT00234,6,ChargeOff,10068.76
ACCT00235,6,Current,12574.69
ACCT00236,6,Current,1660.49
ACCT00237,6,Current,4058.06
ACCT00238,6,Current,4348.4
ACCT00239,6,Current,6927.07
ACCT00240,6,Current,3104.92
ACCT00241,6,Current,1053.11
ACCT00242,6,Current,3813.94
ACCT00243,6,Current,3078.02
ACCT00244,6,Current,4461.66
ACCT00245,6,Current,2773.87
ACCT00246,6,90DPD,2703.04
ACCT00247,6,Current,7646.46
ACCT00248,6,Current,5740.26
ACCT00249,6,Current,5380.49
ACCT00250,6,Current,5767.13
ACCT00251,6,Current,11691.39
ACCT00252,6,Current,3825.19
ACCT00253,6,Current,5783.16
ACCT00254,6,Current,11847.07
ACCT00255,6,Current,5962.64
ACCT00256,6,Current,11232.17
ACCT00257,6,Current,8155.11
ACCT00258,6,Current,712.56
ACCT00259,6,Current,4473.45
ACCT00260,6,Current,8377.57
ACCT00261,6,Current,12424.11
ACCT00262,6,Current,6083.4
ACCT00263,6,Current,1319.16
ACCT00264,6,ChargeOff,6809.74
ACCT00265,6,Current,1912.0
ACCT00266,6,Current,10101.21
ACCT00267,6,Current,5618.2
ACCT00268,6,30DPD,8564.36
ACCT00269,6,Current,8713.22
ACCT00270,6,Current,7521.06
ACCT00271,6,Current,7955.87
ACCT00272,6,Current,7678.81
ACCT00273,6,Current,11685.9
ACCT00274,6,Current,10706.36
ACCT00275,6,Current,516.37
ACCT00276,6,Current,6136.71
ACCT00277,6,Current,2640.63
ACCT00278,6,Current,10457.15
ACCT00279,6,Current,6369.61
ACCT00280,6,Current,5347.5
ACCT00281,6,Current,1996.25
ACCT00282,6,Current,4009.97
ACCT00283,6,30DPD,8274.74
ACCT00284,6,Current,2646.79
ACCT00285,6,Current,1316.19
ACCT00286,6,Current,10375.98
ACCT00287,6,Current,9791.13
ACCT00288,6,Current,2333.4
ACCT00289,6,Current,2914.93
ACCT00290,6,30DPD,11983.07
ACCT00291,6,Current,10709.69
ACCT00292,6,ChargeOff,8431.7
ACCT00293,6,Current,3445.4
ACCT00294,6,Current,3420.53
ACCT00295,6,Current,706.01
ACCT00296,6,90DPD,9899.22
ACCT00297,6,Current,651.74
ACCT00298,6,90DPD,198.51
ACCT00299,6,Current,7232.78
ACCT00300,6,Current,10975.46
ACCT00301,6,30DPD,10319.16
ACCT00302,6,Current,5544.35
ACCT00303,6,Current,6221.86
ACCT00304,6,Current,5077.43
ACCT00305,6,ChargeOff,4644.82
ACCT00306,6,Current,6182.71
ACCT00307,6,Current,3753.53
ACCT00308,6,Current,5467.39
ACCT00309,6,Current,11045.72
ACCT00310,6,60DPD,11560.19
ACCT00311,6,Current,1215.45
ACCT00312,6,Current,3698.09
ACCT00313,6,60DPD,2283.08
ACCT00314,6,Current,4653.22
ACCT00315,6,30DPD,3367.18
ACCT00316,6,30DPD,1954.09
ACCT00317,6,Current,8535.15
ACCT00318,6,Current,5383.14
ACCT00319,6,ChargeOff,10824.36
ACCT00320,6,Current,568.41
ACCT00321,6,90DPD,945.23
ACCT00322,6,Current,3624.66
ACCT00323,6,Current,999.42
ACCT00324,6,Current,2820.76
ACCT00325,6,Current,15284.17
ACCT00326,6,60DPD,2077.79
ACCT00327,6,Current,2377.66
ACCT00328,6,Current,7057.78
ACCT00329,6,Current,7085.99
ACCT00330,6,Current,6074.67
ACCT00331,6,Current,4140.91
ACCT00332,6,Current,8661.1
ACCT00333,6,Current,2062.3
ACCT00334,6,Current,5648.64
ACCT00335,6,Current,7112.18
ACCT00336,6,Current,8794.32
ACCT00337,6,Current,3575.25
ACCT00338,6,Current,6265.8
ACCT00339,6,Current,898.4
ACCT00340,6,Current,1819.09
ACCT00341,6,Current,856.76
ACCT00342,6,60DPD,8631.66
ACCT00343,6,Current,3445.59
ACCT00344,6,Current,8567.19
ACCT00345,6,Current,1044.8
ACCT00346,6,Current,10373.18
ACCT00347,6,60DPD,10383.41
ACCT00348,6,Current,1372.28
ACCT00349,6,Current,375.3
ACCT00350,6,Current,1052.27
ACCT00351,6,Current,8705.28
ACCT00352,6,30DPD,2403.57
ACCT00353,6,Current,7972.13
ACCT00354,6,Current,4470.22
ACCT00355,6,Current,11679.53
ACCT00356,6,30DPD,5119.02
ACCT00357,6,Current,6054.68
ACCT00358,6,Current,11905.7
ACCT00359,6,Current,1836.04
ACCT00360,6,Current,10957.09
ACCT00361,6,30DPD,592.06
ACCT00362,6,Current,6109.47
ACCT00363,6,Current,9293.86
ACCT00364,6,Current,8399.34
ACCT00365,6,Current,6429.78
ACCT00366,6,Current,3341.78
ACCT00367,6,Current,4903.39
ACCT00368,6,30DPD,4013.01
ACCT00369,6,Current,5634.28
ACCT00370,6,Current,5776.76
ACCT00371,6,Current,4079.33
ACCT00372,6,Current,3232.09
ACCT00373,6,Current,2146.8
ACCT00374,6,30DPD,4382.63
ACCT00375,6,Current,1723.44
ACCT00376,6,Current,9978.64
ACCT00377,6,30DPD,7346.86
ACCT00378,6,Current,1539.87
ACCT00379,6,Current,7336.84
ACCT00380,6,30DPD,10698.29
ACCT00381,6,Current,2815.49
ACCT00382,6,Current,2256.27
ACCT00383,6,Current,242.39
ACCT00384,6,Current,608.7
ACCT00385,6,ChargeOff,11481.32
ACCT00386,6,Current,10551.49
ACCT00387,6,Current,691.92
ACCT00388,6,Current,6684.03
ACCT00389,6,Current,851.98
ACCT00390,6,Current,7045.84
ACCT00391,6,Current,9593.74
ACCT00392,6,Current,4140.08
ACCT00393,6,90DPD,282.08
ACCT00394,6,Current,7576.12
ACCT00395,6,Current,12518.67
ACCT00396,6,Current,2433.83
ACCT00397,6,Current,2317.41
ACCT00398,6,Current,1455.27
ACCT00399,6,Current,6514.19
ACCT00400,6,30DPD,7775.3
ACCT00401,6,Current,9065.19
ACCT00402,6,30DPD,8498.27
ACCT00403,6,30DPD,12483.68
ACCT00404,6,ChargeOff,12125.44
ACCT00405,6,Current,2777.37
ACCT00406,6,Current,6311.33
ACCT00407,6,Current,3490.05
ACCT00408,6,Current,4251.03
ACCT00409,6,ChargeOff,13992.78
ACCT00410,6,Current,7860.99
ACCT00411,6,Current,10987.29
ACCT00412,6,60DPD,4365.07
ACCT00413,6,30DPD,5907.87
ACCT00414,6,Current,5079.55
ACCT00415,6,Current,1586.62
ACCT00416,6,30DPD,3300.63
ACCT00417,6,Current,7875.4
ACCT00418,6,Current,1074.12
ACCT00419,6,Current,11549.82
ACCT00420,6,Current,1320.14
ACCT00421,6,Current,2383.1
ACCT00422,6,Current,8915.34
ACCT00423,6,Current,1002.26
ACCT00424,6,30DPD,10827.42
ACCT00425,6,Current,10377.41
ACCT00426,6,Current,973.12
ACCT00427,6,Current,9763.38
ACCT00428,6,Current,6306.49
ACCT00429,6,Current,9294.18
ACCT00430,6,Current,10797.25
ACCT00431,6,Current,7924.05
ACCT00432,6,Current,7268.73
ACCT00433,6,30DPD,4140.49
ACCT00434,6,30DPD,7806.3
ACCT00435,6,Current,9303.32
ACCT00436,6,Current,7007.59
ACCT00437,6,Current,7278.64
ACCT00438,6,Current,4366.57
ACCT00439,6,Current,10377.05
ACCT00440,6,30DPD,14112.4
ACCT00441,6,Current,2058.1
ACCT00442,6,Current,2769.88
ACCT00443,6,Current,6213.11
ACCT00444,6,Current,6070.04
ACCT00445,6,Current,8940.35
ACCT00446,6,ChargeOff,855.84
ACCT00447,6,Current,4722.0
ACCT00448,6,Current,5858.07
ACCT00449,6,Current,8712.02
ACCT00450,6,60DPD,6808.78
ACCT00451,6,Current,8667.57
ACCT00452,6,Current,8164.96
ACCT00453,6,30DPD,10676.26
ACCT00454,6,Current,7632.37
ACCT00455,6,Current,5612.49
ACCT00456,6,ChargeOff,9171.71
ACCT00457,6,Current,941.04
ACCT00458,6,Current,3211.82
ACCT00459,6,Current,7675.8
ACCT00460,6,Current,10250.67
ACCT00461,6,Current,9615.36
ACCT00462,6,60DPD,906.67
ACCT00463,6,Current,6791.31
ACCT00464,6,Current,2998.49
ACCT00465,6,Current,10248.87
ACCT00466,6,Current,10346.15
ACCT00467,6,Current,9030.74
ACCT00468,6,Current,6572.06
ACCT00469,6,Current,4307.68
ACCT00470,6,Current,4339.67
ACCT00471,6,30DPD,10218.6
ACCT00472,6,30DPD,8889.74
ACCT00473,6,Current,8080.23
ACCT00474,6,Current,4387.18
ACCT00475,6,Current,830.31
ACCT00476,6,Current,1889.55
ACCT00477,6,Current,2315.24
ACCT00478,6,Current,4081.14
ACCT00479,6,Current,10816.5
ACCT00480,6,Current,5693.33
ACCT00481,6,Current,2552.55
ACCT00482,6,Current,1057.94
ACCT00483,6,Current,3910.72
ACCT00484,6,Current,12059.7
ACCT00485,6,Current,5068.55
ACCT00486,6,Current,8857.37
ACCT00487,6,Current,8756.89
ACCT00488,6,Current,1787.89
ACCT00489,6,90DPD,6653.59
ACCT00490,6,Current,12236.76
ACCT00491,6,30DPD,4085.72
ACCT00492,6,Current,671.48
ACCT00493,6,30DPD,10980.69
ACCT00494,6,Current,8427.35
ACCT00495,6,Current,6139.74
ACCT00496,6,30DPD,6205.86
ACCT00497,6,Current,2419.79
ACCT00498,6,60DPD,9608.23
ACCT00499,6,Current,5942.59
ACCT00500,6,Current,381.48
ACCT00501,6,Current,7398.75
ACCT00502,6,Current,9036.17
ACCT00503,6,30DPD,9127.8
ACCT00504,6,Current,2912.49
ACCT00505,6,Current,693.3
ACCT00506,6,Current,14019.08
ACCT00507,6,Current,10241.58
ACCT00508,6,Current,5598.12
ACCT00509,6,Current,6707.82
ACCT00510,6,Current,4931.11
ACCT00511,6,Current,6138.21
ACCT00512,6,Current,1699.24
ACCT00513,6,Current,1322.61
ACCT00514,6,Current,3206.81
ACCT00515,6,Current,9410.2
ACCT00516,6,30DPD,2345.15
ACCT00517,6,Current,2201.49
ACCT00518,6,Current,5764.47
ACCT00519,6,Current,2569.08
ACCT00520,6,Current,2131.94
ACCT00521,6,30DPD,8258.94
ACCT00522,6,Current,3794.42
ACCT00523,6,30DPD,6442.25
ACCT00524,6,30DPD,7351.55
ACCT00525,6,Current,2044.72
ACCT00526,6,Current,7659.84
ACCT00527,6,ChargeOff,13556.85
ACCT00528,6,Current,11722.1
ACCT00529,6,90DPD,8209.31
ACCT00530,6,Current,6129.59
ACCT00531,6,Current,7762.31
ACCT00532,6,Current,7545.63
ACCT00533,6,Current,351.85
ACCT00534,6,Current,10514.99
ACCT00535,6,Current,7801.2
ACCT00536,6,Current,8302.49
ACCT00537,6,Current,4370.57
ACCT00538,6,Current,306.81
ACCT00539,6,Current,5536.73
ACCT00540,6,ChargeOff,7706.41
ACCT00541,6,30DPD,5412.1
ACCT00542,6,Current,3533.21
ACCT00543,6,ChargeOff,3897.43
ACCT00544,6,Current,5954.64
ACCT00545,6,Current,3383.19
ACCT00546,6,Current,9198.85
ACCT00547,6,60DPD,2224.9
ACCT00548,6,Current,4067.27
ACCT00549,6,Current,3984.73
ACCT00550,6,Current,5868.91
ACCT00551,6,Current,5975.77
ACCT00552,6,Current,9484.5
ACCT00553,6,ChargeOff,14629.09
ACCT00554,6,Current,3298.81
ACCT00555,6,Current,6969.19
ACCT00556,6,Current,453.3
ACCT00557,6,30DPD,2912.99
ACCT00558,6,Current,5715.47
ACCT00559,6,Current,467.76
ACCT00560,6,Current,7564.94
ACCT00561,6,Current,10140.74
ACCT00562,6,Current,8210.93
ACCT00563,6,Current,6200.08
ACCT00564,6,Current,5921.96
ACCT00565,6,Current,4037.33
ACCT00566,6,Current,635.78
ACCT00567,6,60DPD,1463.89
ACCT00568,6,Current,8401.54
ACCT00569,6,Current,9567.69
ACCT00570,6,90DPD,391.13
ACCT00571,6,30DPD,7168.12
ACCT00572,6,Current,7384.08
ACCT00573,6,Current,10314.76
ACCT00574,6,Current,5731.0
ACCT00575,6,Current,8462.29
ACCT00576,6,Current,8108.04
ACCT00577,6,Current,9097.5
ACCT00578,6,Current,1486.62
ACCT00579,6,Current,11466.39
ACCT00580,6,Current,410.65
ACCT00581,6,Current,9001.7
ACCT00582,6,Current,1107.44
ACCT00583,6,Current,2359.16
ACCT00584,6,60DPD,217.76
ACCT00585,6,Current,6194.53
ACCT00586,6,Current,4076.42
ACCT00587,6,Current,2874.46
ACCT00588,6,Current,6044.74
ACCT00589,6,30DPD,5358.99
ACCT00590,6,Current,8500.55
ACCT00591,6,30DPD,9275.19
ACCT00592,6,Current,6505.45
ACCT00593,6,Current,1821.73
ACCT00594,6,Current,4430.18
ACCT00595,6,Current,11838.21
ACCT00596,6,Current,1121.39
ACCT00597,6,Current,4842.29
ACCT00598,6,ChargeOff,14149.07
ACCT00599,6,30DPD,10648.87
ACCT00600,6,90DPD,4338.27
ACCT00601,6,Current,9331.3
ACCT00602,6,Current,6120.76
ACCT00603,6,Current,7555.94
ACCT00604,6,ChargeOff,601.64
ACCT00605,6,Current,1488.13
ACCT00606,6,Current,6982.96
ACCT00607,6,Current,2465.68
ACCT00608,6,Current,7939.99
ACCT00609,6,Current,4304.43
ACCT00610,6,Current,13506.91
ACCT00611,6,Current,8666.3
ACCT00612,6,ChargeOff,6731.28
ACCT00613,6,Current,8093.24
ACCT00614,6,30DPD,3302.1
ACCT00615,6,Current,5634.66
ACCT00616,6,Current,2676.62
ACCT00617,6,Current,9241.58
ACCT00618,6,Current,8173.01
ACCT00619,6,Current,10124.54
ACCT00620,6,Current,9680.84
ACCT00621,6,Current,10721.97
ACCT00622,6,ChargeOff,3579.38
ACCT00623,6,Current,9877.73
ACCT00624,6,Current,7018.38
ACCT00625,6,ChargeOff,4735.62
ACCT00626,6,Current,6189.17
ACCT00627,6,Current,4157.3
ACCT00628,6,Current,3947.41
ACCT00629,6,Current,2955.88
ACCT00630,6,Current,1127.24
ACCT00631,6,Current,5073.26
ACCT00632,6,Current,12050.33
ACCT00633,6,Current,8456.05
ACCT00634,6,Current,7332.91
ACCT00635,6,Current,5905.7
ACCT00636,6,Current,4608.17
ACCT00637,6,Current,2547.86
ACCT00638,6,Current,10957.1
ACCT00639,6,Current,2433.48
ACCT00640,6,ChargeOff,9620.32
ACCT00641,6,Current,7339.19
ACCT00642,6,60DPD,7031.35
ACCT00643,6,Current,9867.03
ACCT00644,6,ChargeOff,3876.11
ACCT00645,6,Current,8916.04
ACCT00646,6,Current,8045.45
ACCT00647,6,Current,7770.97
ACCT00648,6,Current,7110.57
ACCT00649,6,Current,9408.91
ACCT00650,6,Current,12203.12
ACCT00651,6,Current,4748.86
ACCT00652,6,Current,9077.97
ACCT00653,6,ChargeOff,8957.2
ACCT00654,6,Current,6101.59
ACCT00655,6,Current,12513.84
ACCT00656,6,Current,5211.84
ACCT00657,6,Current,6971.83
ACCT00658,6,30DPD,1523.84
ACCT00659,6,Current,2214.93
ACCT00660,6,Current,10755.12
ACCT00661,6,Current,5489.69
ACCT00662,6,Current,5960.41
ACCT00663,6,Current,2803.12
ACCT00664,6,Current,5767.57
ACCT00665,6,Current,10970.85
ACCT00666,6,Current,8901.71
ACCT00667,6,ChargeOff,1237.69
ACCT00668,6,Current,7209.27
ACCT00669,6,Current,4606.0
ACCT00670,6,Current,7077.45
ACCT00671,6,30DPD,4046.76
ACCT00672,6,ChargeOff,6099.94
ACCT00673,6,30DPD,6411.48
ACCT00674,6,Current,8368.25
ACCT00675,6,Current,7373.24
ACCT00676,6,Current,5103.62
ACCT00677,6,Current,8009.63
ACCT00678,6,Current,7224.71
ACCT00679,6,Current,4028.77
ACCT00680,6,Current,8347.43
ACCT00681,6,Current,8651.63
ACCT00682,6,Current,1593.2
ACCT00683,6,Current,7824.78
ACCT00684,6,Current,3833.06
ACCT00685,6,Current,9482.6
ACCT00686,6,Current,2335.74
ACCT00687,6,Current,8420.2
ACCT00688,6,Current,3696.93
ACCT00689,6,60DPD,6399.73
ACCT00690,6,Current,11004.41
ACCT00691,6,30DPD,4961.76
ACCT00692,6,Current,12122.31
ACCT00693,6,Current,11140.53
ACCT00694,6,Current,12232.07
ACCT00695,6,Current,1840.76
ACCT00696,6,Current,10545.07
ACCT00697,6,30DPD,435.83
ACCT00698,6,30DPD,5658.44
ACCT00699,6,Current,9819.68
ACCT00700,6,Current,9378.56
ACCT00701,6,Current,6665.01
ACCT00702,6,Current,5092.67
ACCT00703,6,30DPD,11541.8
ACCT00704,6,Current,7170.26
ACCT00705,6,Current,4212.49
ACCT00706,6,Current,10572.86
ACCT00707,6,Current,2173.66
ACCT00708,6,Current,2124.74
ACCT00709,6,Current,7404.1
ACCT00710,6,ChargeOff,14585.52
ACCT00711,6,Current,2343.7
ACCT00712,6,Current,3520.84
ACCT00713,6,Current,1813.14
ACCT00714,6,Current,8940.63
ACCT00715,6,Current,2485.83
ACCT00716,6,Current,6084.2
ACCT00717,6,Current,13801.39
ACCT00718,6,Current,268.77
ACCT00719,6,Current,7908.95
ACCT00720,6,Current,5101.59
ACCT00721,6,Current,9924.23
ACCT00722,6,Current,4020.22
ACCT00723,6,60DPD,5725.06
ACCT00724,6,Current,2265.55
ACCT00725,6,Current,11072.65
ACCT00726,6,Current,8994.72
ACCT00727,6,Current,1830.65
ACCT00728,6,Current,4915.57
ACCT00729,6,Current,9468.57
ACCT00730,6,Current,166.32
ACCT00731,6,Current,2730.96
ACCT00732,6,Current,8206.65
ACCT00733,6,Current,3823.37
ACCT00734,6,Current,2488.34
ACCT00735,6,Current,5882.07
ACCT00736,6,Current,2207.51
ACCT00737,6,Current,5913.6
ACCT00738,6,Current,8993.11
ACCT00739,6,Current,8887.43
ACCT00740,6,Current,1205.41
ACCT00741,6,Current,9683.19
ACCT00742,6,Current,2191.61
ACCT00743,6,Current,8164.96
ACCT00744,6,Current,4899.11
ACCT00745,6,Current,10002.3
ACCT00746,6,90DPD,2448.81
ACCT00747,6,Current,2161.58
ACCT00748,6,Current,6684.65
ACCT00749,6,Current,506.59
ACCT00750,6,Current,2478.02
ACCT00751,6,30DPD,8167.84
ACCT00752,6,Current,11217.87
ACCT00753,6,Current,1101.79
ACCT00754,6,Current,9739.35
ACCT00755,6,Current,7706.92
ACCT00756,6,Current,8974.7
ACCT00757,6,Current,6086.39
ACCT00758,6,Current,7410.59
ACCT00759,6,Current,4823.2
ACCT00760,6,Current,7661.07
ACCT00761,6,Current,8415.4
ACCT00762,6,60DPD,1254.59
ACCT00763,6,Current,4053.44
ACCT00764,6,ChargeOff,1127.35
ACCT00765,6,Current,10595.6
ACCT00766,6,Current,4730.14
ACCT00767,6,Current,8240.71
ACCT00768,6,Current,10404.89
ACCT00769,6,Current,11956.65
ACCT00770,6,Current,2420.36
ACCT00771,6,Current,11512.4
ACCT00772,6,Current,9654.85
ACCT00773,6,Current,819.6
ACCT00774,6,Current,7950.18
ACCT00775,6,Current,4641.73
ACCT00776,6,Current,8974.67
ACCT00777,6,Current,5450.39
ACCT00778,6,Current,2911.49
ACCT00779,6,Current,1662.44
ACCT00780,6,60DPD,1475.38
ACCT00781,6,Current,1239.51
ACCT00782,6,Current,8690.14
ACCT00783,6,Current,4759.21
ACCT00784,6,ChargeOff,3406.17
ACCT00785,6,Current,6499.33
ACCT00786,6,Current,8446.86
ACCT00787,6,Current,5485.81
ACCT00788,6,Current,9524.14
ACCT00789,6,Current,4191.6
ACCT00790,6,Current,9712.07
ACCT00791,6,Current,1408.1
ACCT00792,6,Current,7925.17
ACCT00793,6,Current,11969.02
ACCT00794,6,Current,10197.39
ACCT00795,6,30DPD,7521.52
ACCT00796,6,Current,10443.9
ACCT00797,6,Current,3854.03
ACCT00798,6,Current,8630.35
ACCT00799,6,Current,8462.42
ACCT00800,6,Current,10636.73
ACCT00801,6,Current,6259.4
ACCT00802,6,Current,941.92
ACCT00803,6,Current,5507.41
ACCT00804,6,Current,1573.19
ACCT00805,6,Current,3419.73
ACCT00806,6,Current,3671.83
ACCT00807,6,Current,7417.79
ACCT00808,6,Current,2268.54
ACCT00809,6,ChargeOff,2653.14
ACCT00810,6,Current,664.02
ACCT00811,6,Current,10023.42
ACCT00812,6,ChargeOff,10463.88
ACCT00813,6,Current,587.64
ACCT00814,6,Current,506.14
ACCT00815,6,Current,5372.58
ACCT00816,6,Current,2612.69
ACCT00817,6,Current,6609.14
ACCT00818,6,60DPD,3697.76
ACCT00819,6,Current,13929.86
ACCT00820,6,Current,3350.64
ACCT00821,6,Current,8437.92
ACCT00822,6,Current,764.66
ACCT00823,6,Current,13285.03
ACCT00824,6,Current,9453.03
ACCT00825,6,Current,9593.61
ACCT00826,6,Current,5434.48
ACCT00827,6,Current,2208.37
ACCT00828,6,Current,10888.75
ACCT00829,6,Current,6996.14
ACCT00830,6,90DPD,2248.29
ACCT00831,6,Current,6216.51
ACCT00832,6,Current,5512.13
ACCT00833,6,Current,8883.21
ACCT00834,6,Current,6456.56
ACCT00835,6,30DPD,7450.33
ACCT00836,6,Current,7214.44
ACCT00837,6,90DPD,3829.15
ACCT00838,6,Current,4235.4
ACCT00839,6,Current,776.36
ACCT00840,6,30DPD,9256.63
ACCT00841,6,Current,6456.23
ACCT00842,6,Current,5346.63
ACCT00843,6,Current,2959.39
ACCT00844,6,30DPD,2379.86
ACCT00845,6,Current,8032.57
ACCT00846,6,Current,3142.39
ACCT00847,6,Current,974.41
ACCT00848,6,Current,8872.09
ACCT00849,6,Current,4384.45
ACCT00850,6,Current,4392.6
ACCT00851,6,Current,4910.48
ACCT00852,6,Current,12835.84
ACCT00853,6,Current,2854.1
ACCT00854,6,Current,10176.09
ACCT00855,6,Current,9074.87
ACCT00856,6,Current,10589.7
ACCT00857,6,60DPD,4284.95
ACCT00858,6,Current,8063.33
ACCT00859,6,Current,4557.18
ACCT00860,6,Current,5503.43
ACCT00861,6,Current,8040.27
ACCT00862,6,Current,3343.52
ACCT00863,6,Current,1578.2
ACCT00864,6,Current,4577.75
ACCT00865,6,Current,1714.28
ACCT00866,6,Current,4904.48
ACCT00867,6,Current,5932.17
ACCT00868,6,Current,10926.06
ACCT00869,6,60DPD,463.91
ACCT00870,6,Current,8401.07
ACCT00871,6,Current,4435.22
ACCT00872,6,90DPD,324.35
ACCT00873,6,Current,3879.23
ACCT00874,6,Current,1679.49
ACCT00875,6,Current,2769.0
ACCT00876,6,Current,3561.73
ACCT00877,6,Current,4338.19
ACCT00878,6,Current,6239.68
ACCT00879,6,Current,186.89
ACCT00880,6,Current,1603.12
ACCT00881,6,60DPD,1393.85
ACCT00882,6,ChargeOff,8807.6
ACCT00883,6,Current,3746.32
ACCT00884,6,Current,7583.79
ACCT00885,6,Current,2758.09
ACCT00886,6,30DPD,470.1
ACCT00887,6,Current,10895.47
ACCT00888,6,30DPD,1604.82
ACCT00889,6,Current,1461.15
ACCT00890,6,Current,1994.91
ACCT00891,6,30DPD,12302.18
ACCT00892,6,30DPD,7016.52
ACCT00893,6,Current,7410.1
ACCT00894,6,Current,9659.77
ACCT00895,6,Current,1098.0
ACCT00896,6,Current,13227.57
ACCT00897,6,Current,2009.08
ACCT00898,6,Current,7537.55
ACCT00899,6,Current,5205.49
ACCT00900,6,Current,4752.66
ACCT00901,6,Current,11311.57
ACCT00902,6,Current,1816.05
ACCT00903,6,Current,12737.55
ACCT00904,6,Current,4172.93
ACCT00905,6,Current,6485.45
ACCT00906,6,Current,12158.59
ACCT00907,6,Current,918.01
ACCT00908,6,30DPD,10000.6
ACCT00909,6,Current,7078.22
ACCT00910,6,Current,7936.8
ACCT00911,6,Current,1930.37
ACCT00912,6,Current,6258.58
ACCT00913,6,ChargeOff,8794.7
ACCT00914,6,ChargeOff,6952.46
ACCT00915,6,ChargeOff,2102.5
ACCT00916,6,Current,3067.67
ACCT00917,6,Current,9250.55
ACCT00918,6,Current,441.28
ACCT00919,6,Current,8073.69
ACCT00920,6,Current,11009.32
ACCT00921,6,Current,221.74
ACCT00922,6,Current,2024.09
ACCT00923,6,30DPD,8526.27
ACCT00924,6,Current,702.53
ACCT00925,6,Current,6373.7
ACCT00926,6,Current,8473.27
ACCT00927,6,Current,6724.56
ACCT00928,6,Current,3892.53
ACCT00929,6,Current,7868.33
ACCT00930,6,Current,7060.13
ACCT00931,6,Current,2824.03
ACCT00932,6,Current,6789.83
ACCT00933,6,Current,8838.13
ACCT00934,6,Current,8350.8
ACCT00935,6,Current,5721.87
ACCT00936,6,Current,3500.6
ACCT00937,6,Current,1142.17
ACCT00938,6,Current,3074.86
ACCT00939,6,30DPD,287.52
ACCT00940,6,Current,12579.68
ACCT00941,6,Current,3301.01
ACCT00942,6,Current,8473.85
ACCT00943,6,Current,2530.78
ACCT00944,6,Current,3451.11
ACCT00945,6,Current,5688.53
ACCT00946,6,Current,3620.04
ACCT00947,6,Current,9176.1
ACCT00948,6,Current,10744.73
ACCT00949,6,Current,9628.12
ACCT00950,6,Current,1704.73
ACCT00951,6,Current,8243.26
ACCT00952,6,60DPD,1840.58
ACCT00953,6,Current,9946.92
ACCT00954,6,Current,6017.74
ACCT00955,6,Current,3004.6
ACCT00956,6,30DPD,1878.57
ACCT00957,6,Current,262.04
ACCT00958,6,Current,3041.45
ACCT00959,6,Current,7210.52
ACCT00960,6,Current,8539.27
ACCT00961,6,Current,12102.54
ACCT00962,6,60DPD,1290.26
ACCT00963,6,Current,6625.71
ACCT00964,6,Current,3638.45
ACCT00965,6,Current,5586.9
ACCT00966,6,Current,3848.69
ACCT00967,6,Current,3082.23
ACCT00968,6,Current,5879.09
ACCT00969,6,Current,2711.76
ACCT00970,6,Current,4393.66
ACCT00971,6,Current,8757.23
ACCT00972,6,Current,1713.28
ACCT00973,6,Current,14157.03
ACCT00974,6,Current,5333.06
ACCT00975,6,Current,10686.57
ACCT00976,6,30DPD,7929.42
ACCT00977,6,Current,8533.53
ACCT00978,6,Current,8934.99
ACCT00979,6,Current,9799.81
ACCT00980,6,ChargeOff,9281.36
ACCT00981,6,Current,3083.97
ACCT00982,6,Current,1249.93
ACCT00983,6,Current,7015.29
ACCT00984,6,Current,847.48
ACCT00985,6,Current,2573.4
ACCT00986,6,Current,774.49
ACCT00987,6,Current,5465.77
ACCT00988,6,Current,2372.68
ACCT00989,6,Current,8192.91
ACCT00990,6,Current,7774.01
ACCT00991,6,Current,11799.1
ACCT00992,6,Current,3519.26
ACCT00993,6,Current,6604.52
ACCT00994,6,30DPD,6094.08
ACCT00995,6,Current,5709.62
ACCT00996,6,ChargeOff,7145.27
ACCT00997,6,Current,2216.39
ACCT00998,6,ChargeOff,14692.8
ACCT00999,6,Current,1615.32
ACCT01000,6,Current,12570.69
ACCT01001,6,Current,6805.54
ACCT01002,6,Current,2266.38
ACCT01003,6,30DPD,9405.37
ACCT01004,6,Current,837.85
ACCT01005,6,Current,10191.83
ACCT01006,6,60DPD,7746.96
ACCT01007,6,Current,1273.31
ACCT01008,6,Current,1215.34
ACCT01009,6,Current,8396.04
ACCT01010,6,Current,3739.19
ACCT01011,6,Current,10371.08
ACCT01012,6,Current,10676.97
ACCT01013,6,ChargeOff,9392.98
ACCT01014,6,Current,4111.49
ACCT01015,6,Current,8392.14
ACCT01016,6,Current,9651.79
ACCT01017,6,Current,1184.32
ACCT01018,6,30DPD,3930.65
ACCT01019,6,30DPD,2903.27
ACCT01020,6,Current,4835.09
ACCT01021,6,Current,8778.48
ACCT01022,6,ChargeOff,7218.79
ACCT01023,6,Current,6957.6
ACCT01024,6,Current,3778.55
ACCT01025,6,Current,1933.08
ACCT01026,6,Current,2898.71
ACCT01027,6,Current,9583.57
ACCT01028,6,Current,5524.81
ACCT01029,6,30DPD,4377.55
ACCT01030,6,Current,9805.97
ACCT01031,6,30DPD,958.51
ACCT01032,6,Current,3138.93
ACCT01033,6,Current,3042.34
ACCT01034,6,Current,11264.63
ACCT01035,6,Current,8593.01
ACCT01036,6,Current,7119.83
ACCT01037,6,Current,161.95
ACCT01038,6,30DPD,2891.06
ACCT01039,6,Current,9296.84
ACCT01040,6,Current,4194.2
ACCT01041,6,Current,13641.38
ACCT01042,6,Current,7899.3
ACCT01043,6,Current,4125.13
ACCT01044,6,30DPD,7509.35
ACCT01045,6,90DPD,11628.21
ACCT01046,6,Current,4172.66
ACCT01047,6,Current,7921.14
ACCT01048,6,Current,12233.71
ACCT01049,6,Current,2720.6
ACCT01050,6,Current,9738.14
ACCT01051,6,Current,1351.43
ACCT01052,6,Current,9028.86
ACCT01053,6,Current,8237.82
ACCT01054,6,30DPD,8071.12
ACCT01055,6,30DPD,4529.47
ACCT01056,6,90DPD,7059.73
ACCT01057,6,ChargeOff,1970.99
ACCT01058,6,Current,2145.98
ACCT01059,6,Current,3489.35
ACCT01060,6,ChargeOff,7967.52
ACCT01061,6,Current,4690.03
ACCT01062,6,Current,3331.09
ACCT01063,6,90DPD,12827.31
ACCT01064,6,Current,4006.52
ACCT01065,6,30DPD,6044.11
ACCT01066,6,60DPD,6010.32
ACCT01067,6,Current,2663.66
ACCT01068,6,Current,7500.5
ACCT01069,6,Current,5205.5
ACCT01070,6,Current,355.82
ACCT01071,6,Current,12244.21
ACCT01072,6,Current,9327.46
ACCT01073,6,Current,9012.49
ACCT01074,6,Current,10713.8
ACCT01075,6,Current,10153.84
ACCT01076,6,Current,4277.71
ACCT01077,6,Current,7655.5
ACCT01078,6,Current,9133.63
ACCT01079,6,Current,3612.8
ACCT01080,6,ChargeOff,2514.16
ACCT01081,6,Current,1650.12
ACCT01082,6,ChargeOff,9206.12
ACCT01083,6,Current,10636.06
ACCT01084,6,ChargeOff,11423.6
ACCT01085,6,Current,3889.24
ACCT01086,6,Current,2417.6
ACCT01087,6,Current,3610.74
ACCT01088,6,Current,6414.91
ACCT01089,6,Current,10643.34
ACCT01090,6,Current,10038.5
ACCT01091,6,Current,8963.26
ACCT01092,6,Current,10795.9
ACCT01093,6,30DPD,10623.45
ACCT01094,6,Current,4917.44
ACCT01095,6,Current,713.12
ACCT01096,6,Current,1119.35
ACCT01097,6,Current,4852.45
ACCT01098,6,Current,3043.84
ACCT01099,6,Current,1779.32
ACCT01100,6,Current,8397.68
ACCT01101,6,Current,2330.46
ACCT01102,6,Current,12838.39
ACCT01103,6,Current,7659.27
ACCT01104,6,Current,8527.73
ACCT01105,6,Current,5946.89
ACCT01106,6,Current,3751.09
ACCT01107,6,Current,7525.89
ACCT01108,6,ChargeOff,2963.04
ACCT01109,6,90DPD,11361.41
ACCT01110,6,Current,4463.46
ACCT01111,6,Current,3229.97
ACCT01112,6,Current,7280.44
ACCT01113,6,Current,9097.43
ACCT01114,6,ChargeOff,5890.53
ACCT01115,6,Current,6092.0
ACCT01116,6,Current,1788.18
ACCT01117,6,Current,8046.33
ACCT01118,6,Current,3058.43
ACCT01119,6,Current,2285.98
ACCT01120,6,Current,1809.33
ACCT01121,6,Current,4102.72
ACCT01122,6,Current,3536.89
ACCT01123,6,Current,4380.92
ACCT01124,6,Current,2185.5
ACCT01125,6,Current,2657.61
ACCT01126,6,Current,7474.58
ACCT01127,6,Current,1440.11
ACCT01128,6,Current,7080.08
ACCT01129,6,ChargeOff,14170.42
ACCT01130,6,ChargeOff,6516.58
ACCT01131,6,Current,11726.98
ACCT01132,6,Current,1194.41
ACCT01133,6,Current,632.0
ACCT01134,6,Current,8895.02
ACCT01135,6,ChargeOff,9023.75
ACCT01136,6,Current,10768.0
ACCT01137,6,Current,797.7
ACCT01138,6,Current,9411.38
ACCT01139,6,Current,5053.23
ACCT01140,6,Current,3693.85
ACCT01141,6,Current,1944.13
ACCT01142,6,Current,12255.39
ACCT01143,6,30DPD,936.4
ACCT01144,6,Current,8921.22
ACCT01145,6,Current,7188.9
ACCT01146,6,Current,7477.68
ACCT01147,6,Current,8171.41
ACCT01148,6,Current,9009.2
ACCT01149,6,Current,2369.44
ACCT01150,6,Current,187.02
ACCT01151,6,30DPD,6224.1
ACCT01152,6,Current,3487.23
ACCT01153,6,Current,1882.33
ACCT01154,6,Current,2376.85
ACCT01155,6,90DPD,3789.96
ACCT01156,6,Current,943.97
ACCT01157,6,Current,864.03
ACCT01158,6,ChargeOff,12064.28
ACCT01159,6,Current,4959.81
ACCT01160,6,Current,11074.04
ACCT01161,6,Current,9277.55
ACCT01162,6,Current,1844.63
ACCT01163,6,Current,7052.37
ACCT01164,6,Current,7902.68
ACCT01165,6,Current,7789.28
ACCT01166,6,Current,1195.77
ACCT01167,6,Current,2672.25
ACCT01168,6,30DPD,1127.44
ACCT01169,6,Current,7076.92
ACCT01170,6,Current,11407.47
ACCT01171,6,Current,6864.51
ACCT01172,6,Current,9320.07
ACCT01173,6,Current,13262.82
ACCT01174,6,Current,7468.3
ACCT01175,6,Current,619.72
ACCT01176,6,Current,9855.35
ACCT01177,6,Current,4624.71
ACCT01178,6,Current,225.74
ACCT01179,6,30DPD,5422.15
ACCT01180,6,Current,10046.45
ACCT01181,6,Current,3255.12
ACCT01182,6,Current,5196.07
ACCT01183,6,Current,2036.19
ACCT01184,6,Current,947.89
ACCT01185,6,Current,1059.46
ACCT01186,6,Current,10313.96
ACCT01187,6,ChargeOff,12988.3
ACCT01188,6,Current,1675.53
ACCT01189,6,30DPD,4492.24
ACCT01190,6,Current,2577.89
ACCT01191,6,Current,510.49
ACCT01192,6,Current,6407.05
ACCT01193,6,ChargeOff,9247.54
ACCT01194,6,Current,6782.14
ACCT01195,6,Current,4889.29
ACCT01196,6,Current,7125.69
ACCT01197,6,Current,979.95
ACCT01198,6,ChargeOff,2054.12
ACCT01199,6,Current,9085.98
ACCT01200,6,Current,8280.64
ACCT01201,6,Current,10792.29
ACCT01202,6,Current,11914.34
ACCT01203,6,Current,7961.79
ACCT01204,6,Current,9054.23
ACCT01205,6,Current,4621.74
ACCT01206,6,ChargeOff,221.85
ACCT01207,6,Current,1000.17
ACCT01208,6,Current,1181.63
ACCT01209,6,Current,1199.34
ACCT01210,6,30DPD,3839.92
ACCT01211,6,Current,7703.28
ACCT01212,6,Current,10107.84
ACCT01213,6,Current,8053.27
ACCT01214,6,Current,1703.89
ACCT01215,6,Current,5621.91
ACCT01216,6,Current,3969.57
ACCT01217,6,60DPD,310.52
ACCT01218,6,Current,4145.27
ACCT01219,6,Current,3229.17
ACCT01220,6,Current,3035.72
ACCT01221,6,Current,9313.7
ACCT01222,6,Current,8790.3
ACCT01223,6,Current,8329.48
ACCT01224,6,Current,1276.73
ACCT01225,6,Current,11415.96
ACCT01226,6,30DPD,6932.86
ACCT01227,6,30DPD,2037.03
ACCT01228,6,Current,8618.49
ACCT01229,6,Current,4996.47
ACCT01230,6,Current,4719.96
ACCT01231,6,Current,1451.76
ACCT01232,6,30DPD,6930.14
ACCT01233,6,Current,1457.57
ACCT01234,6,Current,1928.27
ACCT01235,6,Current,1545.69
ACCT01236,6,Current,11299.99
ACCT01237,6,60DPD,3258.5
ACCT01238,6,Current,3991.79
ACCT01239,6,Current,4280.76
ACCT01240,6,Current,9672.38
ACCT01241,6,Current,7193.02
ACCT01242,6,Current,11233.52
ACCT01243,6,Current,3791.61
ACCT01244,6,Current,1732.04
ACCT01245,6,Current,6611.08
ACCT01246,6,Current,3653.07
ACCT01247,6,Current,9938.92
ACCT01248,6,Current,10606.41
ACCT01249,6,Current,4721.74
ACCT01250,6,Current,9657.4
ACCT01251,6,Current,5053.02
ACCT01252,6,Current,3494.93
ACCT01253,6,Current,5336.73
ACCT01254,6,Current,658.85
ACCT01255,6,Current,9000.5
ACCT01256,6,Current,1877.37
ACCT01257,6,Current,3140.39
ACCT01258,6,Current,5979.15
ACCT01259,6,ChargeOff,836.03
ACCT01260,6,Current,893.1
ACCT01261,6,Current,8324.8
ACCT01262,6,Current,1032.32
ACCT01263,6,30DPD,4959.45
ACCT01264,6,Current,4393.84
ACCT01265,6,Current,2975.83
ACCT01266,6,Current,2464.49
ACCT01267,6,ChargeOff,10307.24
ACCT01268,6,Current,10918.36
ACCT01269,6,Current,1763.29
ACCT01270,6,ChargeOff,13013.99
ACCT01271,6,Current,5687.24
ACCT01272,6,Current,7868.68
ACCT01273,6,Current,8151.56
ACCT01274,6,30DPD,6722.93
ACCT01275,6,Current,9135.92
ACCT01276,6,Current,5889.16
ACCT01277,6,Current,5981.31
ACCT01278,6,Current,3684.8
ACCT01279,6,Current,1225.42
ACCT01280,6,Current,7642.02
ACCT01281,6,Current,523.32
ACCT01282,6,Current,3268.18
ACCT01283,6,30DPD,1589.72
ACCT01284,6,Current,1888.9
ACCT01285,6,Current,7288.09
ACCT01286,6,Current,10113.78
ACCT01287,6,Current,4138.17
ACCT01288,6,Current,1117.56
ACCT01289,6,Current,4580.26
ACCT01290,6,Current,4498.14
ACCT01291,6,Current,9824.04
ACCT01292,6,Current,5665.49
ACCT01293,6,Current,6066.98
ACCT01294,6,Current,4967.62
ACCT01295,6,Current,13089.71
ACCT01296,6,Current,7898.42
ACCT01297,6,30DPD,6510.67
ACCT01298,6,Current,5889.39
ACCT01299,6,Current,425.0
ACCT01300,6,Current,10857.53
ACCT01301,6,Current,4118.77
ACCT01302,6,ChargeOff,3677.85
ACCT01303,6,Current,14615.54
ACCT01304,6,60DPD,7567.43
ACCT01305,6,Current,549.29
ACCT01306,6,Current,1194.04
ACCT01307,6,Current,443.38
ACCT01308,6,Current,6417.06
ACCT01309,6,ChargeOff,1180.37
ACCT01310,6,Current,9625.11
ACCT01311,6,Current,10939.75
ACCT01312,6,Current,5085.31
ACCT01313,6,Current,7317.9
ACCT01314,6,Current,3613.9
ACCT01315,6,Current,897.69
ACCT01316,6,Current,7542.61
ACCT01317,6,90DPD,1497.22
ACCT01318,6,Current,1493.79
ACCT01319,6,Current,3571.45
ACCT01320,6,Current,269.72
ACCT01321,6,Current,5202.49
ACCT01322,6,Current,8257.76
ACCT01323,6,Current,8024.55
ACCT01324,6,Current,7030.53
ACCT01325,6,Current,9743.23
ACCT01326,6,Current,4812.4
ACCT01327,6,Current,12049.28
ACCT01328,6,Current,6897.22
ACCT01329,6,Current,2618.22
ACCT01330,6,Current,11474.09
ACCT01331,6,Current,3343.26
ACCT01332,6,Current,438.12
ACCT01333,6,Current,2636.39
ACCT01334,6,ChargeOff,5228.97
ACCT01335,6,Current,3503.33
ACCT01336,6,Current,5833.07
ACCT01337,6,30DPD,10446.93
ACCT01338,6,ChargeOff,4347.88
ACCT01339,6,Current,4867.4
ACCT01340,6,Current,3336.22
ACCT01341,6,Current,10656.26
ACCT01342,6,Current,2454.69
ACCT01343,6,Current,1455.67
ACCT01344,6,ChargeOff,7644.33
ACCT01345,6,Current,8498.64
ACCT01346,6,Current,11107.32
ACCT01347,6,Current,7213.2
ACCT01348,6,Current,9547.83
ACCT01349,6,Current,4231.37
ACCT01350,6,Current,519.83
ACCT01351,6,Current,1544.97
ACCT01352,6,Current,698.88
ACCT01353,6,Current,4477.25
ACCT01354,6,Current,6346.99
ACCT01355,6,Current,3817.01
ACCT01356,6,ChargeOff,8020.12
ACCT01357,6,Current,5675.57
ACCT01358,6,Current,8224.88
ACCT01359,6,60DPD,9775.53
ACCT01360,6,Current,3680.55
ACCT01361,6,Current,4118.3
ACCT01362,6,Current,8518.94
ACCT01363,6,Current,7037.38
ACCT01364,6,Current,3393.11
ACCT01365,6,Current,4340.28
ACCT01366,6,Current,6969.63
ACCT01367,6,Current,6438.49
ACCT01368,6,Current,1544.95
ACCT01369,6,Current,4477.76
ACCT01370,6,Current,10695.52
ACCT01371,6,ChargeOff,685.95
ACCT01372,6,Current,9635.7
ACCT01373,6,Current,1947.0
ACCT01374,6,Current,5883.45
ACCT01375,6,Current,5216.74
ACCT01376,6,Current,284.36
ACCT01377,6,Current,11211.33
ACCT01378,6,Current,6634.13
ACCT01379,6,Current,13100.63
ACCT01380,6,Current,3310.84
ACCT01381,6,Current,12448.97
ACCT01382,6,Current,9190.64
ACCT01383,6,ChargeOff,8441.12
ACCT01384,6,Current,2389.19
ACCT01385,6,Current,7517.57
ACCT01386,6,Current,7657.53
ACCT01387,6,Current,11966.58
ACCT01388,6,60DPD,4858.55
ACCT01389,6,Current,3420.18
ACCT01390,6,Current,1868.01
ACCT01391,6,Current,7720.94
ACCT01392,6,Current,10755.66
ACCT01393,6,Current,505.03
ACCT01394,6,Current,8545.23
ACCT01395,6,Current,8066.76
ACCT01396,6,Current,912.78
ACCT01397,6,Current,1643.49
ACCT01398,6,Current,6692.68
ACCT01399,6,Current,8122.54
ACCT01400,6,Current,801.18
ACCT01401,6,Current,11031.14
ACCT01402,6,ChargeOff,6899.33
ACCT01403,6,Current,12089.25
ACCT01404,6,Current,10245.32
ACCT01405,6,Current,11135.84
ACCT01406,6,30DPD,7073.47
ACCT01407,6,Current,3512.12
ACCT01408,6,Current,6750.31
ACCT01409,6,Current,1068.5
ACCT01410,6,Current,8154.04
ACCT01411,6,ChargeOff,2192.77
ACCT01412,6,Current,5267.47
ACCT01413,6,Current,851.93
ACCT01414,6,Current,4097.76
ACCT01415,6,Current,2790.35
ACCT01416,6,Current,6427.36
ACCT01417,6,90DPD,9300.31
ACCT01418,6,30DPD,659.76
ACCT01419,6,Current,12202.19
ACCT01420,6,Current,9487.11
ACCT01421,6,Current,4028.97
ACCT01422,6,Current,5958.42
ACCT01423,6,Current,6320.83
ACCT01424,6,Current,2165.04
ACCT01425,6,Current,5059.84
ACCT01426,6,Current,931.9
ACCT01427,6,30DPD,12798.48
ACCT01428,6,30DPD,13353.34
ACCT01429,6,Current,8039.21
ACCT01430,6,Current,7999.25
ACCT01431,6,Current,5987.04
ACCT01432,6,Current,12569.53
ACCT01433,6,Current,3002.05
ACCT01434,6,Current,1111.33
ACCT01435,6,90DPD,6819.77
ACCT01436,6,Current,3678.51
ACCT01437,6,Current,3911.17
ACCT01438,6,ChargeOff,290.47
ACCT01439,6,Current,7269.05
ACCT01440,6,60DPD,2974.46
ACCT01441,6,Current,2069.57
ACCT01442,6,Current,598.0
ACCT01443,6,Current,4333.13
ACCT01444,6,Current,8944.99
ACCT01445,6,Current,4051.47
ACCT01446,6,Current,7733.18
ACCT01447,6,Current,8536.47
ACCT01448,6,Current,4036.62
ACCT01449,6,Current,10291.01
ACCT01450,6,Current,8407.54
ACCT01451,6,Current,5434.91
ACCT01452,6,Current,168.24
ACCT01453,6,Current,430.5
ACCT01454,6,30DPD,9236.96
ACCT01455,6,Current,11911.71
ACCT01456,6,Current,9795.24
ACCT01457,6,Current,11464.57
ACCT01458,6,Current,425.67
ACCT01459,6,Current,8511.44
ACCT01460,6,Current,5088.42
ACCT01461,6,Current,8783.27
ACCT01462,6,Current,217.77
ACCT01463,6,Current,3500.44
ACCT01464,6,Current,11205.51
ACCT01465,6,Current,8179.18
ACCT01466,6,Current,6813.81
ACCT01467,6,Current,3680.99
ACCT01468,6,Current,3088.37
ACCT01469,6,Current,12271.22
ACCT01470,6,ChargeOff,6304.26
ACCT01471,6,30DPD,4697.88
ACCT01472,6,30DPD,7309.92
ACCT01473,6,Current,4811.43
ACCT01474,6,Current,5855.2
ACCT01475,6,Current,4509.78
ACCT01476,6,Current,10073.72
ACCT01477,6,ChargeOff,13653.96
ACCT01478,6,Current,9637.29
ACCT01479,6,Current,9194.8
ACCT01480,6,Current,4542.82
ACCT01481,6,Current,7788.4
ACCT01482,6,Current,9903.89
ACCT01483,6,Current,6666.45
ACCT01484,6,Current,7131.47
ACCT01485,6,Current,7544.5
ACCT01486,6,Current,8689.44
ACCT01487,6,Current,8715.03
ACCT01488,6,Current,2624.99
ACCT01489,6,Current,5477.91
ACCT01490,6,Current,8064.45
ACCT01491,6,Current,161.0
ACCT01492,6,Current,10924.73
ACCT01493,6,Current,8404.17
ACCT01494,6,Current,1784.94
ACCT01495,6,Current,8138.7
ACCT01496,6,Current,6769.15
ACCT01497,6,Current,6607.36
ACCT01498,6,30DPD,3829.96
ACCT01499,6,Current,11891.14
ACCT01500,6,Current,6130.57
ACCT01501,6,ChargeOff,7451.29
ACCT01502,6,30DPD,146.32
ACCT01503,6,Current,8723.1
ACCT01504,6,30DPD,7373.33
ACCT01505,6,Current,6505.53
ACCT01506,6,30DPD,5351.52
ACCT01507,6,Current,9894.53
ACCT01508,6,Current,8868.98
ACCT01509,6,90DPD,3640.13
ACCT01510,6,Current,12267.42
ACCT01511,6,Current,8494.72
ACCT01512,6,Current,13310.49
ACCT01513,6,Current,11436.47
ACCT01514,6,Current,9536.78
ACCT01515,6,Current,10278.34
ACCT01516,6,Current,5264.09
ACCT01517,6,90DPD,2168.93
ACCT01518,6,Current,6023.83
ACCT01519,6,Current,10207.89
ACCT01520,6,Current,6371.54
ACCT01521,6,Current,12516.44
ACCT01522,6,Current,1110.04
ACCT01523,6,Current,4128.24
ACCT01524,6,Current,6649.39
ACCT01525,6,Current,5409.54
ACCT01526,6,Current,1204.25
ACCT01527,6,Current,1557.84
ACCT01528,6,Current,10506.09
ACCT01529,6,Current,5669.28
ACCT01530,6,Current,738.07
ACCT01531,6,Current,446.02
ACCT01532,6,Current,5815.35
ACCT01533,6,60DPD,2404.44
ACCT01534,6,30DPD,8915.43
ACCT01535,6,Current,10031.92
ACCT01536,6,ChargeOff,3137.24
ACCT01537,6,Current,6452.18
ACCT01538,6,Current,1534.98
ACCT01539,6,Current,3534.22
ACCT01540,6,Current,10773.45
ACCT01541,6,Current,5990.95
ACCT01542,6,30DPD,8659.75
ACCT01543,6,Current,2369.51
ACCT01544,6,Current,3639.45
ACCT01545,6,Current,5177.38
ACCT01546,6,Current,6559.66
ACCT01547,6,Current,14008.66
ACCT01548,6,Current,1416.82
ACCT01549,6,30DPD,11774.15
ACCT01550,6,Current,11624.7
ACCT01551,6,Current,5756.01
ACCT01552,6,90DPD,4441.63
ACCT01553,6,Current,7404.87
ACCT01554,6,60DPD,4429.78
ACCT01555,6,Current,7967.99
ACCT01556,6,ChargeOff,7338.74
ACCT01557,6,Current,11560.29
ACCT01558,6,Current,8234.57
ACCT01559,6,Current,5666.82
ACCT01560,6,ChargeOff,10723.83
ACCT01561,6,Current,5777.4
ACCT01562,6,Current,11924.72
ACCT01563,6,Current,2367.54
ACCT01564,6,Current,8868.5
ACCT01565,6,Current,11191.86
ACCT01566,6,Current,8385.22
ACCT01567,6,Current,5764.85
ACCT01568,6,Current,8993.62
ACCT01569,6,30DPD,4799.33
ACCT01570,6,Current,8938.87
ACCT01571,6,Current,2030.07
ACCT01572,6,Current,4674.83
ACCT01573,6,Current,5628.2
ACCT01574,6,Current,3643.28
ACCT01575,6,60DPD,4635.88
ACCT01576,6,Current,9949.36
ACCT01577,6,90DPD,2797.09
ACCT01578,6,ChargeOff,11230.16
ACCT01579,6,Current,926.28
ACCT01580,6,Current,9473.48
ACCT01581,6,Current,10300.93
ACCT01582,6,Current,4286.31
ACCT01583,6,30DPD,9462.83
ACCT01584,6,Current,9896.08
ACCT01585,6,Current,9977.72
ACCT01586,6,Current,3937.62
ACCT01587,6,Current,5111.61
ACCT01588,6,Current,11903.43
ACCT01589,6,Current,2973.41
ACCT01590,6,Current,8590.01
ACCT01591,6,Current,4231.52
ACCT01592,6,Current,9050.86
ACCT01593,6,30DPD,1210.17
ACCT01594,6,Current,643.37
ACCT01595,6,Current,11743.03
ACCT01596,6,Current,11532.76
ACCT01597,6,Current,9360.48
ACCT01598,6,Current,9391.14
ACCT01599,6,Current,4575.04
ACCT01600,6,Current,2623.66
ACCT01601,6,Current,1495.61
ACCT01602,6,Current,4620.01
ACCT01603,6,Current,3301.2
ACCT01604,6,Current,11342.58
ACCT01605,6,Current,229.95
ACCT01606,6,Current,1660.69
ACCT01607,6,Current,2581.48
ACCT01608,6,Current,1980.11
ACCT01609,6,Current,2907.15
ACCT01610,6,Current,6944.75
ACCT01611,6,Current,3700.91
ACCT01612,6,Current,7707.04
ACCT01613,6,Current,12665.37
ACCT01614,6,30DPD,6652.96
ACCT01615,6,Current,7791.2
ACCT01616,6,Current,4534.34
ACCT01617,6,Current,1941.8
ACCT01618,6,ChargeOff,4944.64
ACCT01619,6,Current,10583.67
ACCT01620,6,Current,5358.32
ACCT01621,6,Current,3644.14
ACCT01622,6,Current,4740.87
ACCT01623,6,Current,11623.42
ACCT01624,6,Current,7323.97
ACCT01625,6,Current,6637.5
ACCT01626,6,Current,11390.79
ACCT01627,6,Current,8712.78
ACCT01628,6,Current,7521.34
ACCT01629,6,Current,2200.99
ACCT01630,6,Current,1320.25
ACCT01631,6,Current,8947.48
ACCT01632,6,Current,7092.29
ACCT01633,6,Current,4000.95
ACCT01634,6,ChargeOff,8917.51
ACCT01635,6,Current,803.22
ACCT01636,6,Current,8642.19
ACCT01637,6,Current,2497.5
ACCT01638,6,Current,8547.8
ACCT01639,6,Current,5710.93
ACCT01640,6,Current,3960.75
ACCT01641,6,90DPD,468.63
ACCT01642,6,Current,8086.07
ACCT01643,6,Current,2678.66
ACCT01644,6,Current,716.78
ACCT01645,6,Current,7989.45
ACCT01646,6,Current,3930.38
ACCT01647,6,Current,3704.77
ACCT01648,6,Current,2778.89
ACCT01649,6,Current,10533.51
ACCT01650,6,Current,3277.56
ACCT01651,6,Current,2365.44
ACCT01652,6,Current,3594.27
ACCT01653,6,Current,3176.09
ACCT01654,6,Current,3594.07
ACCT01655,6,Current,1026.96
ACCT01656,6,30DPD,1946.33
ACCT01657,6,Current,4252.71
ACCT01658,6,Current,10448.45
ACCT01659,6,Current,830.7
ACCT01660,6,Current,2026.27
ACCT01661,6,Current,8213.91
ACCT01662,6,Current,8768.54
ACCT01663,6,Current,9421.26
ACCT01664,6,Current,2403.81
ACCT01665,6,Current,4788.47
ACCT01666,6,Current,2143.08
ACCT01667,6,Current,1363.94
ACCT01668,6,Current,4876.05
ACCT01669,6,Current,6343.63
ACCT01670,6,Current,3831.93
ACCT01671,6,Current,7779.8
ACCT01672,6,Current,3481.43
ACCT01673,6,Current,3582.36
ACCT01674,6,30DPD,9085.83
ACCT01675,6,Current,10542.72
ACCT01676,6,Current,2789.24
ACCT01677,6,Current,7613.34
ACCT01678,6,Current,3545.02
ACCT01679,6,90DPD,790.93
ACCT01680,6,Current,8182.52
ACCT01681,6,90DPD,2111.06
ACCT01682,6,Current,4972.91
ACCT01683,6,Current,5761.4
ACCT01684,6,30DPD,2404.16
ACCT01685,6,Current,1485.73
ACCT01686,6,Current,4469.7
ACCT01687,6,Current,10096.0
ACCT01688,6,Current,7099.16
ACCT01689,6,ChargeOff,5496.26
ACCT01690,6,60DPD,584.17
ACCT01691,6,Current,7902.2
ACCT01692,6,Current,1401.95
ACCT01693,6,Current,6141.01
ACCT01694,6,Current,6435.94
ACCT01695,6,Current,4290.83
ACCT01696,6,Current,2921.55
ACCT01697,6,Current,717.82
ACCT01698,6,Current,363.54
ACCT01699,6,Current,5483.0
ACCT01700,6,Current,10890.95
ACCT01701,6,ChargeOff,3881.01
ACCT01702,6,Current,8242.54
ACCT01703,6,Current,7983.3
ACCT01704,6,Current,963.2
ACCT01705,6,ChargeOff,1976.75
ACCT01706,6,Current,3677.28
ACCT01707,6,30DPD,7482.09
ACCT01708,6,Current,5513.41
ACCT01709,6,Current,7750.22
ACCT01710,6,Current,9564.76
ACCT01711,6,Current,9357.03
ACCT01712,6,Current,15119.68
ACCT01713,6,Current,7872.84
ACCT01714,6,Current,8391.14
ACCT01715,6,30DPD,11598.21
ACCT01716,6,Current,8121.6
ACCT01717,6,60DPD,7289.25
ACCT01718,6,Current,8482.84
ACCT01719,6,Current,6388.71
ACCT01720,6,Current,7257.36
ACCT01721,6,Current,5831.69
ACCT01722,6,Current,9483.55
ACCT01723,6,Current,5026.65
ACCT01724,6,Current,9190.03
ACCT01725,6,ChargeOff,7213.39
ACCT01726,6,Current,11118.06
ACCT01727,6,Current,3328.83
ACCT01728,6,Current,8733.56
ACCT01729,6,Current,8559.72
ACCT01730,6,Current,10799.1
ACCT01731,6,30DPD,9443.75
ACCT01732,6,Current,5697.53
ACCT01733,6,Current,5905.51
ACCT01734,6,Current,1739.47
ACCT01735,6,Current,10674.33
ACCT01736,6,Current,3548.18
ACCT01737,6,Current,7106.29
ACCT01738,6,Current,9374.49
ACCT01739,6,60DPD,4099.78
ACCT01740,6,Current,2775.49
ACCT01741,6,90DPD,2367.62
ACCT01742,6,Current,9402.47
ACCT01743,6,Current,4278.86
ACCT01744,6,Current,1500.54
ACCT01745,6,Current,7941.15
ACCT01746,6,Current,2742.59
ACCT01747,6,Current,12939.95
ACCT01748,6,Current,3399.57
ACCT01749,6,Current,2369.25
ACCT01750,6,30DPD,1145.92
ACCT01751,6,Current,6951.17
ACCT01752,6,Current,4085.21
ACCT01753,6,Current,9035.92
ACCT01754,6,Current,5753.33
ACCT01755,6,Current,4425.69
ACCT01756,6,Current,3392.06
ACCT01757,6,Current,4178.51
ACCT01758,6,Current,11349.8
ACCT01759,6,Current,2257.69
ACCT01760,6,60DPD,8499.07
ACCT01761,6,Current,4023.46
ACCT01762,6,Current,1167.97
ACCT01763,6,Current,3436.05
ACCT01764,6,Current,975.52
ACCT01765,6,Current,6991.96
ACCT01766,6,30DPD,5490.67
ACCT01767,6,Current,4088.17
ACCT01768,6,Current,7270.96
ACCT01769,6,Current,8035.54
ACCT01770,6,Current,10120.77
ACCT01771,6,Current,10293.56
ACCT01772,6,Current,10009.42
ACCT01773,6,Current,11249.25
ACCT01774,6,Current,9748.8
ACCT01775,6,Current,4513.75
ACCT01776,6,Current,8335.93
ACCT01777,6,Current,1000.83
ACCT01778,6,Current,9400.15
ACCT01779,6,Current,11473.51
ACCT01780,6,Current,951.03
ACCT01781,6,30DPD,8572.46
ACCT01782,6,Current,8167.9
ACCT01783,6,Current,2568.94
ACCT01784,6,Current,6532.3
ACCT01785,6,Current,9593.21
ACCT01786,6,Current,8416.42
ACCT01787,6,60DPD,1876.16
ACCT01788,6,Current,4229.16
ACCT01789,6,30DPD,7131.9
ACCT01790,6,30DPD,2737.93
ACCT01791,6,Current,4624.53
ACCT01792,6,Current,479.87
ACCT01793,6,Current,2253.46
ACCT01794,6,ChargeOff,7636.69
ACCT01795,6,Current,6944.26
ACCT01796,6,Current,9096.66
ACCT01797,6,Current,9137.03
ACCT01798,6,Current,5393.85
ACCT01799,6,Current,3748.1
ACCT01800,6,Current,417.9
ACCT01801,6,Current,2789.93
ACCT01802,6,Current,3277.93
ACCT01803,6,Current,2251.03
ACCT01804,6,Current,305.23
ACCT01805,6,Current,2009.9
ACCT01806,6,Current,8046.4
ACCT01807,6,Current,6870.07
ACCT01808,6,Current,11982.42
ACCT01809,6,Current,10560.9
ACCT01810,6,30DPD,6282.4
ACCT01811,6,Current,1715.8
ACCT01812,6,Current,7128.09
ACCT01813,6,Current,821.36
ACCT01814,6,Current,5957.59
ACCT01815,6,Current,4694.42
ACCT01816,6,Current,4958.77
ACCT01817,6,Current,3784.11
ACCT01818,6,Current,10060.73
ACCT01819,6,90DPD,8675.08
ACCT01820,6,Current,8278.52
ACCT01821,6,Current,9323.55
ACCT01822,6,Current,6227.19
ACCT01823,6,Current,559.78
ACCT01824,6,60DPD,7626.6
ACCT01825,6,Current,7652.18
ACCT01826,6,Current,3109.8
ACCT01827,6,Current,3467.57
ACCT01828,6,Current,9021.09
ACCT01829,6,30DPD,8326.16
ACCT01830,6,Current,6358.65
ACCT01831,6,ChargeOff,9299.43
ACCT01832,6,Current,5077.36
ACCT01833,6,Current,5062.67
ACCT01834,6,Current,4238.01
ACCT01835,6,Current,5823.46
ACCT01836,6,Current,7099.84
ACCT01837,6,30DPD,634.22
ACCT01838,6,Current,8399.86
ACCT01839,6,Current,3328.26
ACCT01840,6,Current,9203.09
ACCT01841,6,Current,5287.86
ACCT01842,6,30DPD,6713.02
ACCT01843,6,Current,6894.6
ACCT01844,6,Current,12269.26
ACCT01845,6,Current,5980.9
ACCT01846,6,Current,9512.63
ACCT01847,6,Current,7157.62
ACCT01848,6,Current,3405.68
ACCT01849,6,Current,3974.72
ACCT01850,6,Current,5360.98
ACCT01851,6,ChargeOff,3520.33
ACCT01852,6,Current,4518.4
ACCT01853,6,Current,4217.91
ACCT01854,6,Current,9140.3
ACCT01855,6,ChargeOff,3454.37
ACCT01856,6,Current,11063.09
ACCT01857,6,Current,5240.88
ACCT01858,6,Current,6942.73
ACCT01859,6,90DPD,1094.68
ACCT01860,6,Current,5859.74
ACCT01861,6,ChargeOff,617.65
ACCT01862,6,ChargeOff,10203.47
ACCT01863,6,Current,4163.97
ACCT01864,6,Current,9131.12
ACCT01865,6,Current,3759.67
ACCT01866,6,Current,5518.21
ACCT01867,6,Current,2476.43
ACCT01868,6,Current,5245.34
ACCT01869,6,Current,5951.81
ACCT01870,6,90DPD,4239.08
ACCT01871,6,Current,1997.21
ACCT01872,6,ChargeOff,1850.52
ACCT01873,6,ChargeOff,1985.8
ACCT01874,6,Current,10668.7
ACCT01875,6,Current,4588.1
ACCT01876,6,Current,171.32
ACCT01877,6,Current,10071.72
ACCT01878,6,Current,415.34
ACCT01879,6,Current,5190.06
ACCT01880,6,Current,7676.86
ACCT01881,6,Current,8929.05
ACCT01882,6,Current,8011.5
ACCT01883,6,90DPD,4982.95
ACCT01884,6,Current,10536.48
ACCT01885,6,Current,580.84
ACCT01886,6,Current,10778.98
ACCT01887,6,Current,8496.55
ACCT01888,6,Current,9428.0
ACCT01889,6,Current,3165.51
ACCT01890,6,30DPD,1941.81
ACCT01891,6,Current,6217.1
ACCT01892,6,Current,5213.35
ACCT01893,6,Current,5573.91
ACCT01894,6,Current,12125.62
ACCT01895,6,Current,9665.04
ACCT01896,6,Current,3577.96
ACCT01897,6,Current,4655.23
ACCT01898,6,Current,1832.33
ACCT01899,6,Current,1955.14
ACCT01900,6,Current,1692.62
ACCT01901,6,Current,8602.04
ACCT01902,6,Current,8317.25
ACCT01903,6,Current,4676.97
ACCT01904,6,Current,5014.67
ACCT01905,6,Current,6762.97
ACCT01906,6,30DPD,9696.57
ACCT01907,6,Current,10921.12
ACCT01908,6,Current,6102.58
ACCT01909,6,Current,9845.38
ACCT01910,6,Current,6121.6
ACCT01911,6,Current,6766.96
ACCT01912,6,60DPD,10974.48
ACCT01913,6,Current,3755.92
ACCT01914,6,Current,5691.61
ACCT01915,6,Current,3246.07
ACCT01916,6,Current,5506.31
ACCT01917,6,Current,5966.01
ACCT01918,6,Current,8732.42
ACCT01919,6,Current,6740.19
ACCT01920,6,Current,2410.36
ACCT01921,6,Current,11805.74
ACCT01922,6,90DPD,3725.39
ACCT01923,6,Current,11252.6
ACCT01924,6,Current,2706.92
ACCT01925,6,90DPD,5180.49
ACCT01926,6,Current,7905.51
ACCT01927,6,60DPD,8140.16
ACCT01928,6,Current,1948.9
ACCT01929,6,Current,9403.67
ACCT01930,6,Current,5845.57
ACCT01931,6,ChargeOff,6184.82
ACCT01932,6,Current,6024.96
ACCT01933,6,Current,621.78
ACCT01934,6,Current,6268.51
ACCT01935,6,Current,3760.31
ACCT01936,6,Current,4232.21
ACCT01937,6,Current,7841.41
ACCT01938,6,Current,5931.38
ACCT01939,6,Current,1208.67
ACCT01940,6,Current,834.53
ACCT01941,6,Current,2102.56
ACCT01942,6,Current,2401.32
ACCT01943,6,Current,6729.0
ACCT01944,6,Current,2289.34
ACCT01945,6,30DPD,11495.59
ACCT01946,6,Current,2295.25
ACCT01947,6,Current,1594.66
ACCT01948,6,Current,8736.37
ACCT01949,6,Current,3556.28
ACCT01950,6,Current,4579.38
ACCT01951,6,Current,9732.42
ACCT01952,6,Current,12148.75
ACCT01953,6,Current,7676.93
ACCT01954,6,Current,747.36
ACCT01955,6,ChargeOff,5850.24
ACCT01956,6,Current,11389.78
ACCT01957,6,Current,14116.6
ACCT01958,6,Current,1236.56
ACCT01959,6,Current,4977.79
ACCT01960,6,Current,3805.93
ACCT01961,6,Current,1428.72
ACCT01962,6,Current,9040.73
ACCT01963,6,Current,3392.05
ACCT01964,6,Current,4805.13
ACCT01965,6,Current,1198.52
ACCT01966,6,Current,5378.12
ACCT01967,6,Current,2205.98
ACCT01968,6,Current,4234.12
ACCT01969,6,Current,1726.57
ACCT01970,6,ChargeOff,10971.21
ACCT01971,6,ChargeOff,2478.94
ACCT01972,6,Current,6552.97
ACCT01973,6,90DPD,2289.37
ACCT01974,6,Current,1043.28
ACCT01975,6,Current,2110.86
ACCT01976,6,Current,616.13
ACCT01977,6,ChargeOff,2091.39
ACCT01978,6,30DPD,4936.18
ACCT01979,6,30DPD,8156.37
ACCT01980,6,Current,1045.52
ACCT01981,6,30DPD,4897.29
ACCT01982,6,Current,8191.74
ACCT01983,6,30DPD,2291.81
ACCT01984,6,Current,4059.27
ACCT01985,6,Current,1113.0
ACCT01986,6,Current,2382.71
ACCT01987,6,Current,5612.55
ACCT01988,6,ChargeOff,12177.85
ACCT01989,6,Current,11303.61
ACCT01990,6,Current,10436.75
ACCT01991,6,Current,4640.74
ACCT01992,6,Current,1298.49
ACCT01993,6,Current,3907.35
ACCT01994,6,Current,2828.44
ACCT01995,6,Current,346.2
ACCT01996,6,Current,1391.97
ACCT01997,6,60DPD,5198.57
ACCT01998,6,Current,4273.12
ACCT01999,6,30DPD,2792.32
ACCT00000,7,Current,10816.22
ACCT00001,7,Current,4976.6
ACCT00002,7,Current,9200.77
ACCT00003,7,Current,5980.39
ACCT00004,7,Current,1281.89
ACCT00005,7,Current,10910.02
ACCT00006,7,Current,6648.5
ACCT00007,7,Current,1436.7
ACCT00008,7,Current,2006.22
ACCT00009,7,Current,9922.09
ACCT00010,7,90DPD,577.62
ACCT00011,7,ChargeOff,4458.97
ACCT00012,7,Current,1658.94
ACCT00013,7,Current,4769.54
ACCT00014,7,Current,5122.14
ACCT00015,7,Current,5761.62
ACCT00016,7,Current,3253.45
ACCT00017,7,Current,449.64
ACCT00018,7,60DPD,7786.65
ACCT00019,7,30DPD,5061.57
ACCT00020,7,Current,7413.17
ACCT00021,7,Current,1444.11
ACCT00022,7,30DPD,295.07
ACCT00023,7,30DPD,3438.67
ACCT00024,7,Current,5288.46
ACCT00025,7,30DPD,3958.09
ACCT00026,7,Current,9533.03
ACCT00027,7,Current,4962.83
ACCT00028,7,Current,5197.42
ACCT00029,7,Current,7007.73
ACCT00030,7,Current,447.48
ACCT00031,7,30DPD,5971.76
ACCT00032,7,Current,3430.14
ACCT00033,7,Current,4157.13
ACCT00034,7,30DPD,1065.03
ACCT00035,7,Current,12732.25
ACCT00036,7,Current,10052.01
ACCT00037,7,Current,491.61
ACCT00038,7,30DPD,5402.28
ACCT00039,7,90DPD,7003.0
ACCT00040,7,Current,3375.27
ACCT00041,7,Current,9203.77
ACCT00042,7,Current,8197.53
ACCT00043,7,Current,8535.11
ACCT00044,7,Current,9623.91
ACCT00045,7,Current,711.56
ACCT00046,7,Current,4751.24
ACCT00047,7,Current,8259.4
ACCT00048,7,Current,1525.44
ACCT00049,7,Current,4553.33
ACCT00050,7,Current,9138.54
ACCT00051,7,Current,312.36
ACCT00052,7,Current,4665.77
ACCT00053,7,Current,8631.79
ACCT00054,7,Current,3812.47
ACCT00055,7,90DPD,5576.03
ACCT00056,7,Current,9115.41
ACCT00057,7,Current,4898.63
ACCT00058,7,Current,1570.69
ACCT00059,7,Current,694.13
ACCT00060,7,Current,13258.37
ACCT00061,7,Current,2400.0
ACCT00062,7,60DPD,4076.79
ACCT00063,7,Current,852.63
ACCT00064,7,Current,6078.98
ACCT00065,7,Current,11653.01
ACCT00066,7,60DPD,5143.08
ACCT00067,7,Current,10842.57
ACCT00068,7,Current,2853.36
ACCT00069,7,Current,5566.57
ACCT00070,7,Current,7807.7
ACCT00071,7,Current,4352.44
ACCT00072,7,Current,3191.94
ACCT00073,7,Current,7643.48
ACCT00074,7,Current,3723.95
ACCT00075,7,ChargeOff,5994.58
ACCT00076,7,Current,11426.08
ACCT00077,7,Current,1923.0
ACCT00078,7,Current,3445.29
ACCT00079,7,Current,364.76
ACCT00080,7,Current,3554.71
ACCT00081,7,30DPD,2601.92
ACCT00082,7,Current,6270.64
ACCT00083,7,Current,3107.05
ACCT00084,7,Current,8250.29
ACCT00085,7,Current,2484.95
ACCT00086,7,90DPD,3522.51
ACCT00087,7,Current,3806.44
ACCT00088,7,Current,7293.44
ACCT00089,7,Current,4851.72
ACCT00090,7,Current,3650.57
ACCT00091,7,Current,7402.35
ACCT00092,7,Current,6297.65
ACCT00093,7,30DPD,2055.15
ACCT00094,7,Current,14046.87
ACCT00095,7,30DPD,4407.83
ACCT00096,7,Current,669.3
ACCT00097,7,Current,5836.7
ACCT00098,7,Current,2015.66
ACCT00099,7,Current,2718.76
ACCT00100,7,30DPD,8235.45
ACCT00101,7,Current,2041.02
ACCT00102,7,Current,9226.68
ACCT00103,7,30DPD,9947.5
ACCT00104,7,Current,5667.53
ACCT00105,7,Current,7685.03
ACCT00106,7,Current,7649.67
ACCT00107,7,Current,9232.33
ACCT00108,7,Current,3999.84
ACCT00109,7,Current,1906.3
ACCT00110,7,Current,6066.9
ACCT00111,7,Current,5354.63
ACCT00112,7,Current,2389.07
ACCT00113,7,Current,6619.12
ACCT00114,7,Current,273.2
ACCT00115,7,90DPD,9268.29
ACCT00116,7,Current,3034.37
ACCT00117,7,Current,526.49
ACCT00118,7,Current,1663.6
ACCT00119,7,30DPD,3483.38
ACCT00120,7,Current,2478.87
ACCT00121,7,30DPD,406.15
ACCT00122,7,Current,3196.43
ACCT00123,7,Current,1921.48
ACCT00124,7,Current,4461.05
ACCT00125,7,Current,3362.26
ACCT00126,7,Current,4346.99
ACCT00127,7,Current,4113.58
ACCT00128,7,Current,1368.87
ACCT00129,7,Current,420.7
ACCT00130,7,Current,2172.49
ACCT00131,7,30DPD,8850.08
ACCT00132,7,90DPD,11494.1
ACCT00133,7,Current,10424.81
ACCT00134,7,Current,5507.15
ACCT00135,7,Current,5334.67
ACCT00136,7,Current,3910.06
ACCT00137,7,Current,5152.61
ACCT00138,7,Current,7875.98
ACCT00139,7,Current,8944.27
ACCT00140,7,30DPD,10491.58
ACCT00141,7,Current,4350.47
ACCT00142,7,ChargeOff,8544.69
ACCT00143,7,Current,7925.04
ACCT00144,7,60DPD,3750.12
ACCT00145,7,Current,7596.47
ACCT00146,7,Current,1203.21
ACCT00147,7,Current,10906.09
ACCT00148,7,Current,6214.21
ACCT00149,7,Current,1383.69
ACCT00150,7,Current,9610.44
ACCT00151,7,90DPD,539.07
ACCT00152,7,Current,8292.0
ACCT00153,7,Current,6674.33
ACCT00154,7,Current,6294.97
ACCT00155,7,Current,9902.09
ACCT00156,7,60DPD,1415.14
ACCT00157,7,60DPD,2763.98
ACCT00158,7,Current,5069.44
ACCT00159,7,Current,611.78
ACCT00160,7,Current,4956.48
ACCT00161,7,Current,2697.01
ACCT00162,7,Current,4689.54
ACCT00163,7,Current,5939.91
ACCT00164,7,Current,9563.29
ACCT00165,7,Current,3130.2
ACCT00166,7,Current,8821.05
ACCT00167,7,Current,4599.46
ACCT00168,7,Current,2557.85
ACCT00169,7,90DPD,6150.29
ACCT00170,7,30DPD,3554.82
ACCT00171,7,Current,2884.14
ACCT00172,7,Current,5490.77
ACCT00173,7,Current,1739.38
ACCT00174,7,30DPD,3914.56
ACCT00175,7,30DPD,5301.55
ACCT00176,7,60DPD,5048.33
ACCT00177,7,ChargeOff,12393.9
ACCT00178,7,Current,2505.78
ACCT00179,7,Current,8745.42
ACCT00180,7,Current,10768.37
ACCT00181,7,Current,12957.16
ACCT00182,7,Current,9428.91
ACCT00183,7,Current,1551.81
ACCT00184,7,Current,4304.33
ACCT00185,7,Current,1965.92
ACCT00186,7,Current,10333.74
ACCT00187,7,Current,7254.34
ACCT00188,7,Current,2420.55
ACCT00189,7,Current,10722.95
ACCT00190,7,30DPD,1597.63
ACCT00191,7,Current,6953.46
ACCT00192,7,Current,5872.61
ACCT00193,7,Current,782.64
ACCT00194,7,Current,6796.53
ACCT00195,7,Current,8064.3
ACCT00196,7,Current,934.05
ACCT00197,7,Current,5361.79
ACCT00198,7,Current,2165.49
ACCT00199,7,Current,6951.68
ACCT00200,7,Current,1409.12
ACCT00201,7,ChargeOff,12012.76
ACCT00202,7,Current,10494.3
ACCT00203,7,Current,2122.68
ACCT00204,7,Current,4462.85
ACCT00205,7,Current,6553.1
ACCT00206,7,90DPD,7523.14
ACCT00207,7,Current,4908.27
ACCT00208,7,Current,2146.51
ACCT00209,7,Current,1079.46
ACCT00210,7,Current,10752.78
ACCT00211,7,Current,5026.22
ACCT00212,7,Current,12258.04
ACCT00213,7,90DPD,3771.44
ACCT00214,7,60DPD,12223.02
ACCT00215,7,Current,904.67
ACCT00216,7,Current,1784.43
ACCT00217,7,Current,12699.54
ACCT00218,7,Current,11591.06
ACCT00219,7,Current,2661.23
ACCT00220,7,Current,4081.12
ACCT00221,7,Current,6267.99
ACCT00222,7,Current,4625.45
ACCT00223,7,Current,2223.95
ACCT00224,7,Current,13474.73
ACCT00225,7,Current,3073.87
ACCT00226,7,Current,10795.58
ACCT00227,7,Current,1043.55
ACCT00228,7,30DPD,482.12
ACCT00229,7,Current,6367.99
ACCT00230,7,Current,3982.98
ACCT00231,7,Current,7670.24
ACCT00232,7,ChargeOff,1408.46
ACCT00233,7,Current,9317.92
ACCT00234,7,ChargeOff,10068.76
ACCT00235,7,Current,12896.67
ACCT00236,7,Current,1737.46
ACCT00237,7,Current,3644.91
ACCT00238,7,Current,4301.98
ACCT00239,7,Current,6645.14
ACCT00240,7,Current,3050.87
ACCT00241,7,Current,906.76
ACCT00242,7,30DPD,3885.56
ACCT00243,7,Current,2696.11
ACCT00244,7,Current,3989.33
ACCT00245,7,Current,2790.01
ACCT00246,7,90DPD,2451.46
ACCT00247,7,Current,6988.64
ACCT00248,7,Current,5058.08
ACCT00249,7,30DPD,5350.8
ACCT00250,7,Current,5514.09
ACCT00251,7,Current,10831.73
ACCT00252,7,Current,3334.15
ACCT00253,7,Current,5088.81
ACCT00254,7,Current,11622.5
ACCT00255,7,30DPD,5844.7
ACCT00256,7,30DPD,10843.55
ACCT00257,7,Current,8354.59
ACCT00258,7,Current,620.27
ACCT00259,7,30DPD,4384.15
ACCT00260,7,Current,7343.59
ACCT00261,7,Current,11143.95
ACCT00262,7,Current,6264.67
ACCT00263,7,Current,1298.2
ACCT00264,7,ChargeOff,6809.74
ACCT00265,7,Current,1628.61
ACCT00266,7,Current,10441.86
ACCT00267,7,Current,5315.04
ACCT00268,7,Current,7322.62
ACCT00269,7,30DPD,8231.99
ACCT00270,7,Current,6723.83
ACCT00271,7,Current,7653.96
ACCT00272,7,Current,6970.18
ACCT00273,7,Current,11219.94
ACCT00274,7,Current,9911.44
ACCT00275,7,Current,439.42
ACCT00276,7,Current,5278.75
ACCT00277,7,Current,2667.92
ACCT00278,7,Current,10296.92
ACCT00279,7,Current,5805.98
ACCT00280,7,Current,4638.48
ACCT00281,7,Current,1706.67
ACCT00282,7,Current,3814.45
ACCT00283,7,60DPD,7601.51
ACCT00284,7,Current,2560.71
ACCT00285,7,Current,1295.65
ACCT00286,7,Current,10577.82
ACCT00287,7,Current,8855.68
ACCT00288,7,Current,2192.01
ACCT00289,7,Current,2787.25
ACCT00290,7,60DPD,11545.66
ACCT00291,7,Current,10252.21
ACCT00292,7,ChargeOff,8431.7
ACCT00293,7,Current,3233.14
ACCT00294,7,Current,3282.38
ACCT00295,7,Current,720.73
ACCT00296,7,60DPD,8479.34
ACCT00297,7,Current,663.78
ACCT00298,7,ChargeOff,198.51
ACCT00299,7,Current,7558.55
ACCT00300,7,Current,10220.13
ACCT00301,7,30DPD,9659.61
ACCT00302,7,Current,5784.49
ACCT00303,7,Current,5473.45
ACCT00304,7,Current,4827.62
ACCT00305,7,ChargeOff,4644.82
ACCT00306,7,30DPD,6106.87
ACCT00307,7,30DPD,3375.43
ACCT00308,7,Current,4982.47
ACCT00309,7,Current,9800.9
ACCT00310,7,Current,10778.11
ACCT00311,7,Current,1190.28
ACCT00312,7,Current,3245.93
ACCT00313,7,90DPD,1980.99
ACCT00314,7,Current,4242.9
ACCT00315,7,30DPD,3235.78
ACCT00316,7,30DPD,1981.02
ACCT00317,7,Current,8523.85
ACCT00318,7,Current,4661.48
ACCT00319,7,ChargeOff,10824.36
ACCT00320,7,Current,493.4
ACCT00321,7,90DPD,849.4
ACCT00322,7,Current,3728.89
ACCT00323,7,Current,996.43
ACCT00324,7,30DPD,2629.06
ACCT00325,7,Current,14982.0
ACCT00326,7,90DPD,2097.33
ACCT00327,7,Current,2360.04
ACCT00328,7,Current,6358.92
ACCT00329,7,Current,7009.89
ACCT00330,7,Current,5545.58
ACCT00331,7,Current,3645.66
ACCT00332,7,Current,8151.9
ACCT00333,7,Current,1786.11
ACCT00334,7,30DPD,5826.61
ACCT00335,7,Current,6988.57
ACCT00336,7,Current,7689.7
ACCT00337,7,Current,3647.08
ACCT00338,7,Current,6483.59
ACCT00339,7,Current,928.81
ACCT00340,7,30DPD,1602.96
ACCT00341,7,Current,834.62
ACCT00342,7,90DPD,7612.31
ACCT00343,7,Current,3478.62
ACCT00344,7,Current,8318.65
ACCT00345,7,Current,1091.43
ACCT00346,7,Current,10784.88
ACCT00347,7,90DPD,10703.54
ACCT00348,7,Current,1342.5
ACCT00349,7,Current,378.07
ACCT00350,7,Current,989.59
ACCT00351,7,Current,7665.56
ACCT00352,7,60DPD,2502.87
ACCT00353,7,Current,6939.55
ACCT00354,7,Current,4138.42
ACCT00355,7,Current,11908.37
ACCT00356,7,Current,4483.81
ACCT00357,7,Current,5300.06
ACCT00358,7,Current,11347.34
ACCT00359,7,Current,1764.72
ACCT00360,7,Current,10778.31
ACCT00361,7,Current,545.48
ACCT00362,7,Current,5236.54
ACCT00363,7,Current,8426.84
ACCT00364,7,Current,7205.81
ACCT00365,7,30DPD,6051.4
ACCT00366,7,Current,3010.88
ACCT00367,7,Current,4904.1
ACCT00368,7,60DPD,4191.63
ACCT00369,7,Current,4943.54
ACCT00370,7,Current,5291.6
ACCT00371,7,Current,3712.97
ACCT00372,7,Current,3288.72
ACCT00373,7,Current,2098.24
ACCT00374,7,Current,4399.1
ACCT00375,7,Current,1737.91
ACCT00376,7,Current,10394.44
ACCT00377,7,Current,7132.61
ACCT00378,7,Current,1584.18
ACCT00379,7,30DPD,6815.94
ACCT00380,7,60DPD,9714.47
ACCT00381,7,Current,2496.9
ACCT00382,7,Current,2333.09
ACCT00383,7,Current,230.1
ACCT00384,7,Current,565.92
ACCT00385,7,ChargeOff,11481.32
ACCT00386,7,Current,10881.78
ACCT00387,7,Current,600.5
ACCT00388,7,Current,5780.59
ACCT00389,7,Current,763.42
ACCT00390,7,Current,6740.82
ACCT00391,7,Current,9089.48
ACCT00392,7,Current,4278.68
ACCT00393,7,ChargeOff,282.08
ACCT00394,7,30DPD,7847.4
ACCT00395,7,Current,11373.55
ACCT00396,7,Current,2422.64
ACCT00397,7,Current,2351.3
ACCT00398,7,Current,1478.52
ACCT00399,7,Current,6403.92
ACCT00400,7,Current,7325.07
ACCT00401,7,Current,7872.88
ACCT00402,7,30DPD,7304.23
ACCT00403,7,60DPD,11735.51
ACCT00404,7,ChargeOff,12125.44
ACCT00405,7,Current,2831.59
ACCT00406,7,Current,6069.95
ACCT00407,7,Current,3343.4
ACCT00408,7,Current,4246.37
ACCT00409,7,ChargeOff,13992.78
ACCT00410,7,Current,8131.49
ACCT00411,7,Current,9937.62
ACCT00412,7,60DPD,4023.3
ACCT00413,7,Current,6018.64
ACCT00414,7,Current,5300.66
ACCT00415,7,Current,1543.46
ACCT00416,7,Current,3108.43
ACCT00417,7,Current,7766.36
ACCT00418,7,Current,964.15
ACCT00419,7,Current,10786.4
ACCT00420,7,Current,1300.77
ACCT00421,7,Current,2419.79
ACCT00422,7,30DPD,8252.23
ACCT00423,7,Current,1007.7
ACCT00424,7,Current,11013.5
ACCT00425,7,Current,10292.65
ACCT00426,7,Current,999.58
ACCT00427,7,Current,9909.1
ACCT00428,7,Current,6587.93
ACCT00429,7,Current,9338.22
ACCT00430,7,Current,9444.97
ACCT00431,7,Current,8060.24
ACCT00432,7,Current,7277.59
ACCT00433,7,30DPD,3727.37
ACCT00434,7,30DPD,7255.65
ACCT00435,7,Current,8963.31
ACCT00436,7,Current,6655.08
ACCT00437,7,Current,7079.58
ACCT00438,7,Current,4148.3
ACCT00439,7,Current,9464.71
ACCT00440,7,60DPD,12752.78
ACCT00441,7,Current,1930.92
ACCT00442,7,Current,2668.38
ACCT00443,7,Current,5458.84
ACCT00444,7,Current,6097.77
ACCT00445,7,Current,7679.14
ACCT00446,7,ChargeOff,855.84
ACCT00447,7,Current,4153.42
ACCT00448,7,30DPD,5949.72
ACCT00449,7,Current,7583.85
ACCT00450,7,90DPD,6134.47
ACCT00451,7,Current,7776.95
ACCT00452,7,Current,8311.97
ACCT00453,7,60DPD,9174.36
ACCT00454,7,Current,7496.53
ACCT00455,7,Current,5626.09
ACCT00456,7,ChargeOff,9171.71
ACCT00457,7,Current,978.79
ACCT00458,7,Current,2879.32
ACCT00459,7,Current,7099.24
ACCT00460,7,Current,9323.92
ACCT00461,7,Current,9415.21
ACCT00462,7,Current,899.06
ACCT00463,7,Current,6471.13
ACCT00464,7,30DPD,2718.72
ACCT00465,7,Current,8770.58
ACCT00466,7,Current,9824.54
ACCT00467,7,Current,8698.05
ACCT00468,7,Current,6633.66
ACCT00469,7,Current,4231.64
ACCT00470,7,Current,4117.66
ACCT00471,7,Current,9312.53
ACCT00472,7,Current,8555.78
ACCT00473,7,Current,7060.35
ACCT00474,7,Current,4419.83
ACCT00475,7,Current,776.46
ACCT00476,7,Current,1670.31
ACCT00477,7,Current,1998.83
ACCT00478,7,Current,4269.56
ACCT00479,7,Current,10505.45
ACCT00480,7,Current,5062.66
ACCT00481,7,Current,2374.23
ACCT00482,7,Current,948.76
ACCT00483,7,Current,3408.96
ACCT00484,7,Current,11633.52
ACCT00485,7,Current,4928.59
ACCT00486,7,Current,8777.5
ACCT00487,7,Current,8361.32
ACCT00488,7,Current,1662.62
ACCT00489,7,Current,6157.95
ACCT00490,7,Current,12519.52
ACCT00491,7,Current,3730.35
ACCT00492,7,Current,604.46
ACCT00493,7,30DPD,10050.92
ACCT00494,7,30DPD,7482.85
ACCT00495,7,Current,5894.22
ACCT00496,7,60DPD,6508.77
ACCT00497,7,Current,2106.89
ACCT00498,7,60DPD,9809.07
ACCT00499,7,Current,6095.87
ACCT00500,7,Current,348.13
ACCT00501,7,Current,6766.25
ACCT00502,7,Current,8550.14
ACCT00503,7,Current,9114.06
ACCT00504,7,Current,2714.04
ACCT00505,7,Current,659.06
ACCT00506,7,Current,14012.88
ACCT00507,7,Current,10134.86
ACCT00508,7,30DPD,5046.71
ACCT00509,7,Current,5791.92
ACCT00510,7,Current,4351.31
ACCT00511,7,Current,5952.04
ACCT00512,7,Current,1592.08
ACCT00513,7,Current,1241.58
ACCT00514,7,Current,3221.94
ACCT00515,7,Current,9663.36
ACCT00516,7,60DPD,2343.53
ACCT00517,7,Current,1910.95
ACCT00518,7,Current,5645.74
ACCT00519,7,Current,2697.12
ACCT00520,7,30DPD,1824.59
ACCT00521,7,60DPD,7450.84
ACCT00522,7,Current,3407.63
ACCT00523,7,60DPD,6627.47
ACCT00524,7,Current,6645.86
ACCT00525,7,Current,1951.41
ACCT00526,7,Current,7782.44
ACCT00527,7,ChargeOff,13556.85
ACCT00528,7,Current,11973.51
ACCT00529,7,ChargeOff,8209.31
ACCT00530,7,Current,6214.24
ACCT00531,7,Current,7448.27
ACCT00532,7,Current,7488.56
ACCT00533,7,Current,316.18
ACCT00534,7,Current,9748.06
ACCT00535,7,Current,6930.42
ACCT00536,7,Current,8038.23
ACCT00537,7,Current,4454.29
ACCT00538,7,Current,267.59
ACCT00539,7,Current,5044.64
ACCT00540,7,ChargeOff,7706.41
ACCT00541,7,60DPD,4609.49
ACCT00542,7,Current,3209.38
ACCT00543,7,ChargeOff,3897.43
ACCT00544,7,Current,6035.11
ACCT00545,7,Current,3018.53
ACCT00546,7,Current,7888.53
ACCT00547,7,90DPD,2114.44
ACCT00548,7,Current,3660.3
ACCT00549,7,Current,3970.69
ACCT00550,7,Current,5093.39
ACCT00551,7,Current,6131.48
ACCT00552,7,Current,8637.84
ACCT00553,7,ChargeOff,14629.09
ACCT00554,7,Current,3429.22
ACCT00555,7,Current,7107.38
ACCT00556,7,Current,398.91
ACCT00557,7,Current,3042.81
ACCT00558,7,Current,4925.91
ACCT00559,7,30DPD,411.02
ACCT00560,7,Current,6498.93
ACCT00561,7,Current,8929.97
ACCT00562,7,Current,8529.7
ACCT00563,7,Current,5623.99
ACCT00564,7,Current,5321.59
ACCT00565,7,Current,3701.92
ACCT00566,7,Current,636.9
ACCT00567,7,60DPD,1286.44
ACCT00568,7,Current,8415.25
ACCT00569,7,Current,9635.72
ACCT00570,7,ChargeOff,391.13
ACCT00571,7,60DPD,7481.47
ACCT00572,7,Current,6615.17
ACCT00573,7,Current,9175.67
ACCT00574,7,Current,5216.73
ACCT00575,7,Current,8392.71
ACCT00576,7,Current,6896.94
ACCT00577,7,Current,8805.29
ACCT00578,7,Current,1338.63
ACCT00579,7,Current,11825.39
ACCT00580,7,Current,426.31
ACCT00581,7,Current,9090.37
ACCT00582,7,Current,1048.37
ACCT00583,7,Current,2163.16
ACCT00584,7,90DPD,216.49
ACCT00585,7,Current,6197.56
ACCT00586,7,Current,4219.86
ACCT00587,7,Current,2552.9
ACCT00588,7,Current,5325.59
ACCT00589,7,60DPD,4883.0
ACCT00590,7,Current,8607.49
ACCT00591,7,Current,8058.57
ACCT00592,7,Current,5539.27
ACCT00593,7,Current,1753.5
ACCT00594,7,Current,4185.28
ACCT00595,7,Current,11324.09
ACCT00596,7,Current,1126.26
ACCT00597,7,Current,4877.77
ACCT00598,7,ChargeOff,14149.07
ACCT00599,7,60DPD,9446.63
ACCT00600,7,ChargeOff,4338.27
ACCT00601,7,Current,8127.04
ACCT00602,7,Current,6326.82
ACCT00603,7,Current,7514.1
ACCT00604,7,ChargeOff,601.64
ACCT00605,7,Current,1333.99
ACCT00606,7,Current,6299.95
ACCT00607,7,Current,2443.24
ACCT00608,7,Current,7796.25
ACCT00609,7,Current,3792.77
ACCT00610,7,Current,12214.81
ACCT00611,7,Current,8542.12
ACCT00612,7,ChargeOff,6731.28
ACCT00613,7,Current,8478.14
ACCT00614,7,60DPD,2864.28
ACCT00615,7,Current,5813.25
ACCT00616,7,Current,2477.69
ACCT00617,7,30DPD,9289.76
ACCT00618,7,Current,8384.66
ACCT00619,7,Current,10021.82
ACCT00620,7,Current,8667.21
ACCT00621,7,Current,9496.14
ACCT00622,7,ChargeOff,3579.38
ACCT00623,7,Current,10157.72
ACCT00624,7,Current,6838.35
ACCT00625,7,ChargeOff,4735.62
ACCT00626,7,Current,5947.16
ACCT00627,7,Current,3769.69
ACCT00628,7,Current,3404.89
ACCT00629,7,Current,2602.33
ACCT00630,7,Current,1017.96
ACCT00631,7,Current,4578.03
ACCT00632,7,Current,11549.71
ACCT00633,7,Current,7923.51
ACCT00634,7,Current,6692.98
ACCT00635,7,Current,5796.77
ACCT00636,7,Current,4239.6
ACCT00637,7,Current,2169.21
ACCT00638,7,Current,10611.32
ACCT00639,7,Current,2491.15
ACCT00640,7,ChargeOff,9620.32
ACCT00641,7,Current,7079.74
ACCT00642,7,Current,6130.2
ACCT00643,7,30DPD,9288.87
ACCT00644,7,ChargeOff,3876.11
ACCT00645,7,Current,9214.45
ACCT00646,7,Current,7974.55
ACCT00647,7,Current,7747.15
ACCT00648,7,Current,7228.16
ACCT00649,7,Current,8485.9
ACCT00650,7,Current,11247.83
ACCT00651,7,Current,4096.63
ACCT00652,7,Current,9429.6
ACCT00653,7,ChargeOff,8957.2
ACCT00654,7,Current,6199.31
ACCT00655,7,Current,12535.88
ACCT00656,7,Current,5059.58
ACCT00657,7,Current,6417.26
ACCT00658,7,30DPD,1303.42
ACCT00659,7,Current,2053.9
ACCT00660,7,Current,10237.99
ACCT00661,7,Current,5464.28
ACCT00662,7,Current,6141.27
ACCT00663,7,Current,2534.62
ACCT00664,7,Current,5257.89
ACCT00665,7,Current,10165.19
ACCT00666,7,Current,9189.96
ACCT00667,7,ChargeOff,1237.69
ACCT00668,7,Current,7030.51
ACCT00669,7,Current,4226.32
ACCT00670,7,Current,6903.12
ACCT00671,7,30DPD,4248.38
ACCT00672,7,ChargeOff,6099.94
ACCT00673,7,30DPD,6467.37
ACCT00674,7,Current,7186.5
ACCT00675,7,30DPD,7347.08
ACCT00676,7,Current,4356.11
ACCT00677,7,Current,6823.8
ACCT00678,7,Current,6942.74
ACCT00679,7,Current,3940.02
ACCT00680,7,30DPD,8748.86
ACCT00681,7,Current,8121.95
ACCT00682,7,Current,1514.59
ACCT00683,7,Current,7988.18
ACCT00684,7,Current,3747.15
ACCT00685,7,Current,8350.68
ACCT00686,7,Current,2069.19
ACCT00687,7,Current,8210.71
ACCT00688,7,Current,3230.83
ACCT00689,7,30DPD,6449.34
ACCT00690,7,Current,10402.44
ACCT00691,7,60DPD,4534.45
ACCT00692,7,Current,11654.92
ACCT00693,7,Current,11198.24
ACCT00694,7,Current,10762.89
ACCT00695,7,Current,1576.72
ACCT00696,7,Current,9967.02
ACCT00697,7,Current,430.48
ACCT00698,7,30DPD,5783.05
ACCT00699,7,Current,8351.24
ACCT00700,7,Current,8477.49
ACCT00701,7,Current,6148.67
ACCT00702,7,Current,5328.54
ACCT00703,7,Current,10630.27
ACCT00704,7,Current,7030.6
ACCT00705,7,Current,4398.13
ACCT00706,7,Current,9004.08
ACCT00707,7,Current,2256.7
ACCT00708,7,Current,2151.11
ACCT00709,7,Current,6511.04
ACCT00710,7,ChargeOff,14585.52
ACCT00711,7,30DPD,2016.48
ACCT00712,7,Current,3501.76
ACCT00713,7,Current,1688.39
ACCT00714,7,Current,9290.1
ACCT00715,7,Current,2244.83
ACCT00716,7,Current,5340.21
ACCT00717,7,Current,12673.33
ACCT00718,7,Current,248.23
ACCT00719,7,Current,8102.87
ACCT00720,7,Current,4664.74
ACCT00721,7,Current,9622.23
ACCT00722,7,Current,3939.87
ACCT00723,7,90DPD,5043.76
ACCT00724,7,30DPD,2021.47
ACCT00725,7,Current,10546.32
ACCT00726,7,Current,8441.45
ACCT00727,7,Current,1830.29
ACCT00728,7,Current,4783.58
ACCT00729,7,Current,8635.78
ACCT00730,7,Current,158.24
ACCT00731,7,Current,2383.27
ACCT00732,7,Current,7567.33
ACCT00733,7,Current,3896.22
ACCT00734,7,30DPD,2327.81
ACCT00735,7,Current,5900.97
ACCT00736,7,Current,2115.02
ACCT00737,7,Current,5305.98
ACCT00738,7,Current,8284.79
ACCT00739,7,Current,8034.98
ACCT00740,7,Current,1060.64
ACCT00741,7,Current,9946.52
ACCT00742,7,Current,2223.01
ACCT00743,7,Current,7099.85
ACCT00744,7,Current,4675.15
ACCT00745,7,Current,8947.82
ACCT00746,7,ChargeOff,2448.81
ACCT00747,7,Current,2087.14
ACCT00748,7,Current,6381.76
ACCT00749,7,Current,506.49
ACCT00750,7,Current,2508.27
ACCT00751,7,Current,7536.56
ACCT00752,7,Current,10835.82
ACCT00753,7,Current,1027.29
ACCT00754,7,Current,9168.49
ACCT00755,7,30DPD,6999.22
ACCT00756,7,Current,7863.25
ACCT00757,7,Current,5524.65
ACCT00758,7,Current,6499.27
ACCT00759,7,Current,4159.38
ACCT00760,7,Current,7759.35
ACCT00761,7,Current,8438.77
ACCT00762,7,90DPD,1088.13
ACCT00763,7,Current,3823.24
ACCT00764,7,ChargeOff,1127.35
ACCT00765,7,Current,9747.67
ACCT00766,7,Current,4132.38
ACCT00767,7,Current,7818.95
ACCT00768,7,30DPD,8921.75
ACCT00769,7,Current,11418.59
ACCT00770,7,Current,2216.92
ACCT00771,7,Current,10923.59
ACCT00772,7,Current,8272.47
ACCT00773,7,Current,833.76
ACCT00774,7,Current,7045.05
ACCT00775,7,Current,4802.93
ACCT00776,7,Current,7859.44
ACCT00777,7,Current,4820.78
ACCT00778,7,Current,2948.75
ACCT00779,7,Current,1523.98
ACCT00780,7,90DPD,1311.62
ACCT00781,7,Current,1075.7
ACCT00782,7,Current,8629.04
ACCT00783,7,Current,4737.77
ACCT00784,7,ChargeOff,3406.17
ACCT00785,7,Current,6582.67
ACCT00786,7,Current,8046.64
ACCT00787,7,Current,5736.53
ACCT00788,7,Current,8703.15
ACCT00789,7,Current,3573.45
ACCT00790,7,Current,9444.86
ACCT00791,7,Current,1242.51
ACCT00792,7,Current,7426.53
ACCT00793,7,Current,10696.08
ACCT00794,7,Current,10674.27
ACCT00795,7,Current,7443.5
ACCT00796,7,Current,8933.58
ACCT00797,7,Current,3660.68
ACCT00798,7,Current,8267.66
ACCT00799,7,Current,8516.98
ACCT00800,7,Current,9245.0
ACCT00801,7,Current,6518.57
ACCT00802,7,Current,918.54
ACCT00803,7,Current,5063.76
ACCT00804,7,Current,1595.82
ACCT00805,7,Current,3529.4
ACCT00806,7,Current,3829.51
ACCT00807,7,30DPD,7305.65
ACCT00808,7,Current,2127.18
ACCT00809,7,ChargeOff,2653.14
ACCT00810,7,Current,568.61
ACCT00811,7,Current,9906.28
ACCT00812,7,ChargeOff,10463.88
ACCT00813,7,Current,512.68
ACCT00814,7,Current,525.24
ACCT00815,7,Current,5402.29
ACCT00816,7,30DPD,2590.9
ACCT00817,7,Current,6431.89
ACCT00818,7,90DPD,3364.82
ACCT00819,7,Current,12996.78
ACCT00820,7,Current,3343.52
ACCT00821,7,Current,8629.63
ACCT00822,7,Current,763.88
ACCT00823,7,Current,13786.4
ACCT00824,7,Current,8181.24
ACCT00825,7,Current,9271.68
ACCT00826,7,Current,5505.59
ACCT00827,7,Current,2231.36
ACCT00828,7,Current,11330.72
ACCT00829,7,Current,6810.01
ACCT00830,7,ChargeOff,2248.29
ACCT00831,7,Current,5477.87
ACCT00832,7,Current,4808.12
ACCT00833,7,Current,8687.08
ACCT00834,7,Current,6408.68
ACCT00835,7,Current,6535.93
ACCT00836,7,Current,7259.43
ACCT00837,7,ChargeOff,3829.15
ACCT00838,7,Current,4416.2
ACCT00839,7,30DPD,759.98
ACCT00840,7,Current,7894.26
ACCT00841,7,Current,6044.72
ACCT00842,7,Current,4774.82
ACCT00843,7,Current,2554.68
ACCT00844,7,60DPD,2452.23
ACCT00845,7,Current,6926.23
ACCT00846,7,Current,3081.61
ACCT00847,7,Current,950.95
ACCT00848,7,Current,8796.94
ACCT00849,7,Current,4184.24
ACCT00850,7,30DPD,4118.59
ACCT00851,7,Current,4933.7
ACCT00852,7,Current,13253.39
ACCT00853,7,Current,2626.58
ACCT00854,7,Current,9106.87
ACCT00855,7,Current,8091.04
ACCT00856,7,Current,9123.59
ACCT00857,7,Current,4456.73
ACCT00858,7,Current,8181.21
ACCT00859,7,Current,3954.29
ACCT00860,7,Current,5061.87
ACCT00861,7,Current,8429.63
ACCT00862,7,Current,3158.39
ACCT00863,7,Current,1369.58
ACCT00864,7,Current,4304.67
ACCT00865,7,Current,1604.75
ACCT00866,7,Current,4797.31
ACCT00867,7,Current,5950.04
ACCT00868,7,Current,11406.04
ACCT00869,7,90DPD,396.92
ACCT00870,7,Current,7507.21
ACCT00871,7,Current,4200.53
ACCT00872,7,90DPD,338.81
ACCT00873,7,Current,3461.94
ACCT00874,7,30DPD,1600.18
ACCT00875,7,Current,2398.44
ACCT00876,7,Current,3379.94
ACCT00877,7,Current,4424.65
ACCT00878,7,Current,6379.19
ACCT00879,7,Current,184.06
ACCT00880,7,Current,1517.46
ACCT00881,7,60DPD,1335.51
ACCT00882,7,ChargeOff,8807.6
ACCT00883,7,Current,3478.42
ACCT00884,7,Current,7045.15
ACCT00885,7,Current,2550.36
ACCT00886,7,60DPD,457.29
ACCT00887,7,Current,11021.05
ACCT00888,7,60DPD,1608.18
ACCT00889,7,30DPD,1369.48
ACCT00890,7,Current,2045.27
ACCT00891,7,60DPD,12511.81
ACCT00892,7,60DPD,6682.97
ACCT00893,7,Current,6917.6
ACCT00894,7,Current,8838.29
ACCT00895,7,Current,1044.23
ACCT00896,7,Current,11632.93
ACCT00897,7,Current,1964.96
ACCT00898,7,Current,6456.92
ACCT00899,7,Current,4806.09
ACCT00900,7,Current,4311.91
ACCT00901,7,Current,11303.13
ACCT00902,7,30DPD,1586.54
ACCT00903,7,Current,11023.19
ACCT00904,7,Current,3560.66
ACCT00905,7,Current,6274.0
ACCT00906,7,Current,11658.57
ACCT00907,7,Current,934.34
ACCT00908,7,Current,9058.33
ACCT00909,7,Current,6115.13
ACCT00910,7,Current,7464.14
ACCT00911,7,Current,1643.6
ACCT00912,7,Current,6341.39
ACCT00913,7,ChargeOff,8794.7
ACCT00914,7,ChargeOff,6952.46
ACCT00915,7,ChargeOff,2102.5
ACCT00916,7,Current,3055.9
ACCT00917,7,Current,9587.44
ACCT00918,7,Current,401.1
ACCT00919,7,30DPD,7945.63
ACCT00920,7,Current,11100.4
ACCT00921,7,Current,210.09
ACCT00922,7,Current,1825.16
ACCT00923,7,60DPD,7522.05
ACCT00924,7,Current,617.6
ACCT00925,7,Current,6083.09
ACCT00926,7,Current,7280.52
ACCT00927,7,Current,5766.52
ACCT00928,7,Current,3447.59
ACCT00929,7,Current,6711.32
ACCT00930,7,Current,6798.61
ACCT00931,7,Current,2783.3
ACCT00932,7,30DPD,6145.65
ACCT00933,7,Current,7579.97
ACCT00934,7,Current,8726.98
ACCT00935,7,Current,5778.37
ACCT00936,7,30DPD,3566.6
ACCT00937,7,Current,1170.93
ACCT00938,7,Current,2683.72
ACCT00939,7,30DPD,297.05
ACCT00940,7,Current,11703.95
ACCT00941,7,Current,3112.31
ACCT00942,7,Current,7767.36
ACCT00943,7,Current,2309.83
ACCT00944,7,Current,3616.6
ACCT00945,7,Current,5023.39
ACCT00946,7,Current,3622.8
ACCT00947,7,Current,8820.25
ACCT00948,7,Current,9307.21
ACCT00949,7,Current,9294.47
ACCT00950,7,Current,1519.75
ACCT00951,7,Current,7111.89
ACCT00952,7,Current,1829.54
ACCT00953,7,Current,9219.73
ACCT00954,7,Current,5500.29
ACCT00955,7,Current,3073.71
ACCT00956,7,Current,1894.07
ACCT00957,7,Current,232.54
ACCT00958,7,Current,3001.43
ACCT00959,7,Current,7239.97
ACCT00960,7,Current,8288.82
ACCT00961,7,Current,10853.15
ACCT00962,7,90DPD,1111.18
ACCT00963,7,Current,6376.14
ACCT00964,7,Current,3606.18
ACCT00965,7,Current,4832.86
ACCT00966,7,Current,3456.74
ACCT00967,7,Current,2831.02
ACCT00968,7,Current,5607.0
ACCT00969,7,Current,2466.62
ACCT00970,7,Current,3942.19
ACCT00971,7,Current,7883.78
ACCT00972,7,Current,1748.17
ACCT00973,7,Current,12554.55
ACCT00974,7,Current,5234.05
ACCT00975,7,30DPD,10959.71
ACCT00976,7,60DPD,6995.32
ACCT00977,7,Current,7456.24
ACCT00978,7,Current,9233.03
ACCT00979,7,Current,10046.79
ACCT00980,7,ChargeOff,9281.36
ACCT00981,7,Current,3149.27
ACCT00982,7,Current,1174.48
ACCT00983,7,Current,6169.77
ACCT00984,7,Current,832.49
ACCT00985,7,Current,2544.81
ACCT00986,7,Current,789.17
ACCT00987,7,Current,5488.67
ACCT00988,7,Current,2182.86
ACCT00989,7,Current,8185.52
ACCT00990,7,30DPD,8143.78
ACCT00991,7,Current,11892.44
ACCT00992,7,Current,3600.88
ACCT00993,7,Current,6851.06
ACCT00994,7,60DPD,5582.4
ACCT00995,7,30DPD,5643.97
ACCT00996,7,ChargeOff,7145.27
ACCT00997,7,Current,2187.06
ACCT00998,7,ChargeOff,14692.8
ACCT00999,7,Current,1551.41
ACCT01000,7,Current,11731.9
ACCT01001,7,Current,5821.82
ACCT01002,7,Current,1998.22
ACCT01003,7,60DPD,8729.47
ACCT01004,7,Current,833.46
ACCT01005,7,Current,9716.6
ACCT01006,7,60DPD,6642.91
ACCT01007,7,Current,1215.24
ACCT01008,7,Current,1064.88
ACCT01009,7,Current,7899.05
ACCT01010,7,Current,3672.3
ACCT01011,7,Current,9860.93
ACCT01012,7,Current,10710.04
ACCT01013,7,ChargeOff,9392.98
ACCT01014,7,Current,3708.19
ACCT01015,7,Current,8432.45
ACCT01016,7,Current,9029.12
ACCT01017,7,Current,1188.24
ACCT01018,7,Current,3952.85
ACCT01019,7,60DPD,2957.23
ACCT01020,7,30DPD,4570.66
ACCT01021,7,Current,8708.19
ACCT01022,7,ChargeOff,7218.79
ACCT01023,7,Current,6063.75
ACCT01024,7,30DPD,3254.72
ACCT01025,7,30DPD,1741.84
ACCT01026,7,Current,3015.04
ACCT01027,7,Current,9268.38
ACCT01028,7,Current,5019.18
ACCT01029,7,Current,4234.25
ACCT01030,7,Current,8774.98
ACCT01031,7,Current,995.11
ACCT01032,7,Current,2938.29
ACCT01033,7,30DPD,2867.18
ACCT01034,7,Current,10448.89
ACCT01035,7,Current,7764.22
ACCT01036,7,Current,7419.64
ACCT01037,7,Current,162.4
ACCT01038,7,60DPD,2852.27
ACCT01039,7,Current,9303.68
ACCT01040,7,Current,3676.14
ACCT01041,7,30DPD,11671.2
ACCT01042,7,Current,7204.02
ACCT01043,7,Current,4313.19
ACCT01044,7,Current,6976.85
ACCT01045,7,ChargeOff,11628.21
ACCT01046,7,Current,3741.52
ACCT01047,7,Current,7674.6
ACCT01048,7,Current,12253.85
ACCT01049,7,Current,2763.23
ACCT01050,7,Current,9534.44
ACCT01051,7,Current,1169.03
ACCT01052,7,Current,8616.67
ACCT01053,7,Current,8401.02
ACCT01054,7,Current,8141.58
ACCT01055,7,Current,3924.73
ACCT01056,7,60DPD,7275.97
ACCT01057,7,ChargeOff,1970.99
ACCT01058,7,Current,2143.12
ACCT01059,7,Current,3048.51
ACCT01060,7,ChargeOff,7967.52
ACCT01061,7,Current,4411.87
ACCT01062,7,Current,3354.89
ACCT01063,7,ChargeOff,12827.31
ACCT01064,7,Current,3562.65
ACCT01065,7,30DPD,5196.36
ACCT01066,7,30DPD,5848.14
ACCT01067,7,Current,2632.07
ACCT01068,7,Current,6464.73
ACCT01069,7,Current,4468.82
ACCT01070,7,30DPD,347.83
ACCT01071,7,Current,11371.51
ACCT01072,7,Current,9418.07
ACCT01073,7,Current,9149.87
ACCT01074,7,Current,11226.23
ACCT01075,7,Current,10021.76
ACCT01076,7,Current,3821.24
ACCT01077,7,Current,7351.19
ACCT01078,7,Current,9256.53
ACCT01079,7,Current,3701.15
ACCT01080,7,ChargeOff,2514.16
ACCT01081,7,Current,1405.11
ACCT01082,7,ChargeOff,9206.12
ACCT01083,7,30DPD,10601.92
ACCT01084,7,ChargeOff,11423.6
ACCT01085,7,Current,3336.69
ACCT01086,7,Current,2371.5
ACCT01087,7,Current,3630.89
ACCT01088,7,Current,5543.72
ACCT01089,7,Current,10672.08
ACCT01090,7,Current,10508.16
ACCT01091,7,Current,8283.06
ACCT01092,7,30DPD,10619.08
ACCT01093,7,60DPD,10916.13
ACCT01094,7,Current,4442.38
ACCT01095,7,Current,677.73
ACCT01096,7,Current,1072.65
ACCT01097,7,Current,4169.1
ACCT01098,7,Current,3070.89
ACCT01099,7,Current,1580.18
ACCT01100,7,Current,8428.46
ACCT01101,7,Current,2241.99
ACCT01102,7,Current,11980.36
ACCT01103,7,Current,7863.74
ACCT01104,7,Current,7478.96
ACCT01105,7,Current,5918.6
ACCT01106,7,Current,3706.37
ACCT01107,7,30DPD,7462.84
ACCT01108,7,ChargeOff,2963.04
ACCT01109,7,90DPD,11172.06
ACCT01110,7,Current,4261.54
ACCT01111,7,Current,3014.62
ACCT01112,7,Current,7111.61
ACCT01113,7,Current,9212.79
ACCT01114,7,ChargeOff,5890.53
ACCT01115,7,Current,5547.06
ACCT01116,7,Current,1808.21
ACCT01117,7,30DPD,8339.58
ACCT01118,7,Current,2776.12
ACCT01119,7,Current,2311.7
ACCT01120,7,Current,1543.76
ACCT01121,7,Current,3512.87
ACCT01122,7,Current,3471.01
ACCT01123,7,Current,4348.05
ACCT01124,7,Current,2045.5
ACCT01125,7,Current,2745.13
ACCT01126,7,Current,7682.22
ACCT01127,7,Current,1395.36
ACCT01128,7,30DPD,6193.78
ACCT01129,7,ChargeOff,14170.42
ACCT01130,7,ChargeOff,6516.58
ACCT01131,7,Current,10605.96
ACCT01132,7,30DPD,1039.67
ACCT01133,7,Current,636.82
ACCT01134,7,Current,8346.81
ACCT01135,7,ChargeOff,9023.75
ACCT01136,7,Current,10881.58
ACCT01137,7,Current,732.37
ACCT01138,7,Current,8214.53
ACCT01139,7,Current,5227.17
ACCT01140,7,Current,3822.42
ACCT01141,7,Current,1935.51
ACCT01142,7,30DPD,11212.82
ACCT01143,7,60DPD,814.37
ACCT01144,7,Current,8567.96
ACCT01145,7,Current,7170.72
ACCT01146,7,Current,7037.3
ACCT01147,7,Current,7165.85
ACCT01148,7,Current,7983.39
ACCT01149,7,30DPD,2380.43
ACCT01150,7,Current,183.63
ACCT01151,7,30DPD,5617.06
ACCT01152,7,Current,3351.18
ACCT01153,7,Current,1928.82
ACCT01154,7,Current,2292.64
ACCT01155,7,90DPD,3784.58
ACCT01156,7,30DPD,880.07
ACCT01157,7,Current,848.72
ACCT01158,7,ChargeOff,12064.28
ACCT01159,7,Current,4872.08
ACCT01160,7,Current,9698.15
ACCT01161,7,Current,8725.21
ACCT01162,7,Current,1669.81
ACCT01163,7,Current,6992.45
ACCT01164,7,Current,7269.08
ACCT01165,7,Current,7593.28
ACCT01166,7,Current,1044.77
ACCT01167,7,Current,2414.68
ACCT01168,7,Current,1087.38
ACCT01169,7,Current,6357.19
ACCT01170,7,Current,11700.6
ACCT01171,7,Current,6270.86
ACCT01172,7,Current,9762.48
ACCT01173,7,Current,13091.82
ACCT01174,7,Current,6504.85
ACCT01175,7,Current,631.12
ACCT01176,7,Current,8753.58
ACCT01177,7,Current,4739.53
ACCT01178,7,Current,212.59
ACCT01179,7,Current,5645.85
ACCT01180,7,Current,9047.22
ACCT01181,7,Current,3113.55
ACCT01182,7,Current,5009.73
ACCT01183,7,30DPD,1936.4
ACCT01184,7,30DPD,977.41
ACCT01185,7,Current,1029.38
ACCT01186,7,Current,9911.68
ACCT01187,7,ChargeOff,12988.3
ACCT01188,7,Current,1592.49
ACCT01189,7,60DPD,4171.63
ACCT01190,7,Current,2586.14
ACCT01191,7,Current,478.81
ACCT01192,7,Current,6107.94
ACCT01193,7,ChargeOff,9247.54
ACCT01194,7,Current,5850.49
ACCT01195,7,Current,4343.72
ACCT01196,7,Current,7453.21
ACCT01197,7,Current,981.46
ACCT01198,7,ChargeOff,2054.12
ACCT01199,7,Current,9422.78
ACCT01200,7,Current,7892.41
ACCT01201,7,Current,10821.58
ACCT01202,7,Current,12127.07
ACCT01203,7,30DPD,7522.33
ACCT01204,7,Current,8356.18
ACCT01205,7,Current,4362.66
ACCT01206,7,ChargeOff,221.85
ACCT01207,7,Current,883.27
ACCT01208,7,Current,1108.24
ACCT01209,7,Current,1154.35
ACCT01210,7,30DPD,3369.35
ACCT01211,7,Current,6585.46
ACCT01212,7,Current,9183.71
ACCT01213,7,Current,7859.71
ACCT01214,7,Current,1455.71
ACCT01215,7,Current,5143.9
ACCT01216,7,Current,4131.09
ACCT01217,7,Current,280.71
ACCT01218,7,Current,4290.49
ACCT01219,7,Current,3093.58
ACCT01220,7,Current,3070.96
ACCT01221,7,Current,8808.91
ACCT01222,7,Current,8251.94
ACCT01223,7,Current,7214.62
ACCT01224,7,Current,1094.06
ACCT01225,7,Current,10185.36
ACCT01226,7,60DPD,6553.07
ACCT01227,7,30DPD,1878.28
ACCT01228,7,Current,7908.37
ACCT01229,7,Current,4442.47
ACCT01230,7,Current,4778.22
ACCT01231,7,Current,1472.45
ACCT01232,7,60DPD,6814.18
ACCT01233,7,Current,1402.49
ACCT01234,7,Current,1780.09
ACCT01235,7,Current,1413.19
ACCT01236,7,Current,9763.58
ACCT01237,7,30DPD,3191.33
ACCT01238,7,Current,3590.49
ACCT01239,7,Current,3891.67
ACCT01240,7,Current,8607.16
ACCT01241,7,Current,6865.83
ACCT01242,7,Current,11469.29
ACCT01243,7,Current,3464.28
ACCT01244,7,Current,1679.97
ACCT01245,7,Current,5985.63
ACCT01246,7,Current,3158.22
ACCT01247,7,Current,10186.79
ACCT01248,7,Current,9960.29
ACCT01249,7,Current,4841.49
ACCT01250,7,Current,8554.75
ACCT01251,7,Current,4502.71
ACCT01252,7,Current,3440.96
ACCT01253,7,30DPD,5341.86
ACCT01254,7,Current,601.21
ACCT01255,7,Current,8145.71
ACCT01256,7,Current,1772.91
ACCT01257,7,Current,2894.9
ACCT01258,7,Current,5569.5
ACCT01259,7,ChargeOff,836.03
ACCT01260,7,Current,853.94
ACCT01261,7,Current,7097.27
ACCT01262,7,Current,913.09
ACCT01263,7,60DPD,5017.57
ACCT01264,7,Current,4133.14
ACCT01265,7,Current,2722.51
ACCT01266,7,Current,2366.84
ACCT01267,7,ChargeOff,10307.24
ACCT01268,7,Current,9290.54
ACCT01269,7,Current,1661.35
ACCT01270,7,ChargeOff,13013.99
ACCT01271,7,Current,4960.59
ACCT01272,7,Current,7809.83
ACCT01273,7,30DPD,7245.89
ACCT01274,7,Current,6113.05
ACCT01275,7,Current,8689.9
ACCT01276,7,Current,5649.48
ACCT01277,7,Current,5125.8
ACCT01278,7,Current,3413.68
ACCT01279,7,Current,1069.53
ACCT01280,7,Current,7531.76
ACCT01281,7,Current,543.29
ACCT01282,7,Current,3335.51
ACCT01283,7,60DPD,1465.88
ACCT01284,7,Current,1965.49
ACCT01285,7,Current,7228.93
ACCT01286,7,Current,10277.88
ACCT01287,7,Current,4033.95
ACCT01288,7,Current,1065.09
ACCT01289,7,Current,4532.13
ACCT01290,7,Current,4062.15
ACCT01291,7,Current,9568.5
ACCT01292,7,Current,5206.83
ACCT01293,7,Current,5706.68
ACCT01294,7,Current,4712.01
ACCT01295,7,Current,13113.05
ACCT01296,7,Current,8240.28
ACCT01297,7,Current,6604.62
ACCT01298,7,Current,5997.91
ACCT01299,7,Current,415.11
ACCT01300,7,Current,10978.08
ACCT01301,7,Current,3853.17
ACCT01302,7,ChargeOff,3677.85
ACCT01303,7,Current,14700.01
ACCT01304,7,90DPD,6629.68
ACCT01305,7,Current,513.42
ACCT01306,7,Current,1066.66
ACCT01307,7,Current,449.34
ACCT01308,7,Current,6659.24
ACCT01309,7,ChargeOff,1180.37
ACCT01310,7,Current,9033.42
ACCT01311,7,Current,10825.14
ACCT01312,7,Current,5316.77
ACCT01313,7,Current,6297.37
ACCT01314,7,Current,3218.01
ACCT01315,7,Current,861.44
ACCT01316,7,30DPD,6814.75
ACCT01317,7,90DPD,1343.65
ACCT01318,7,Current,1366.16
ACCT01319,7,Current,3377.18
ACCT01320,7,Current,265.41
ACCT01321,7,Current,4928.28
ACCT01322,7,Current,7537.62
ACCT01323,7,Current,7128.86
ACCT01324,7,Current,6499.54
ACCT01325,7,Current,8731.41
ACCT01326,7,Current,4850.99
ACCT01327,7,Current,12149.69
ACCT01328,7,Current,7237.98
ACCT01329,7,Current,2474.68
ACCT01330,7,Current,10843.42
ACCT01331,7,Current,3089.83
ACCT01332,7,30DPD,447.89
ACCT01333,7,Current,2681.97
ACCT01334,7,ChargeOff,5228.97
ACCT01335,7,Current,3293.25
ACCT01336,7,Current,6029.57
ACCT01337,7,60DPD,10775.15
ACCT01338,7,ChargeOff,4347.88
ACCT01339,7,Current,4874.04
ACCT01340,7,Current,3405.0
ACCT01341,7,Current,10801.64
ACCT01342,7,Current,2129.92
ACCT01343,7,Current,1369.02
ACCT01344,7,ChargeOff,7644.33
ACCT01345,7,Current,7551.61
ACCT01346,7,Current,10019.85
ACCT01347,7,Current,6505.93
ACCT01348,7,Current,9481.95
ACCT01349,7,Current,3939.64
ACCT01350,7,Current,444.59
ACCT01351,7,Current,1325.5
ACCT01352,7,Current,678.57
ACCT01353,7,Current,4306.92
ACCT01354,7,Current,6313.78
ACCT01355,7,Current,3782.77
ACCT01356,7,ChargeOff,8020.12
ACCT01357,7,Current,5176.11
ACCT01358,7,Current,7751.88
ACCT01359,7,90DPD,9843.47
ACCT01360,7,Current,3206.23
ACCT01361,7,Current,4310.8
ACCT01362,7,Current,7972.51
ACCT01363,7,Current,7092.73
ACCT01364,7,Current,2943.46
ACCT01365,7,Current,4308.4
ACCT01366,7,Current,7274.39
ACCT01367,7,Current,6135.64
ACCT01368,7,30DPD,1563.92
ACCT01369,7,Current,4496.93
ACCT01370,7,Current,10244.41
ACCT01371,7,ChargeOff,685.95
ACCT01372,7,Current,9960.57
ACCT01373,7,Current,1904.91
ACCT01374,7,Current,6045.25
ACCT01375,7,Current,4632.64
ACCT01376,7,Current,244.62
ACCT01377,7,Current,10205.04
ACCT01378,7,Current,6794.8
ACCT01379,7,Current,12100.97
ACCT01380,7,Current,3013.75
ACCT01381,7,Current,12629.29
ACCT01382,7,Current,8690.32
ACCT01383,7,ChargeOff,8441.12
ACCT01384,7,Current,2308.31
ACCT01385,7,Current,7087.76
ACCT01386,7,Current,6546.43
ACCT01387,7,Current,11467.27
ACCT01388,7,Current,4814.04
ACCT01389,7,Current,3423.3
ACCT01390,7,Current,1755.87
ACCT01391,7,Current,7613.52
ACCT01392,7,30DPD,10202.77
ACCT01393,7,Current,465.86
ACCT01394,7,Current,8344.78
ACCT01395,7,Current,8024.95
ACCT01396,7,30DPD,867.36
ACCT01397,7,30DPD,1688.16
ACCT01398,7,Current,6945.79
ACCT01399,7,Current,8110.89
ACCT01400,7,Current,805.39
ACCT01401,7,Current,11049.68
ACCT01402,7,ChargeOff,6899.33
ACCT01403,7,Current,12395.09
ACCT01404,7,Current,9640.13
ACCT01405,7,Current,11199.2
ACCT01406,7,30DPD,6832.79
ACCT01407,7,Current,3468.79
ACCT01408,7,Current,6132.92
ACCT01409,7,Current,1108.46
ACCT01410,7,Current,8420.48
ACCT01411,7,ChargeOff,2192.77
ACCT01412,7,Current,5249.43
ACCT01413,7,Current,743.55
ACCT01414,7,30DPD,3907.32
ACCT01415,7,Current,2639.9
ACCT01416,7,Current,6284.56
ACCT01417,7,90DPD,8625.86
ACCT01418,7,30DPD,643.49
ACCT01419,7,Current,11329.19
ACCT01420,7,Current,9948.6
ACCT01421,7,Current,3446.61
ACCT01422,7,Current,6141.52
ACCT01423,7,Current,5621.94
ACCT01424,7,Current,2190.87
ACCT01425,7,Current,4668.95
ACCT01426,7,Current,971.95
ACCT01427,7,60DPD,12096.2
ACCT01428,7,60DPD,12786.26
ACCT01429,7,Current,7217.29
ACCT01430,7,Current,7485.28
ACCT01431,7,Current,6089.7
ACCT01432,7,Current,11409.78
ACCT01433,7,Current,2868.09
ACCT01434,7,Current,984.82
ACCT01435,7,ChargeOff,6819.77
ACCT01436,7,Current,3755.63
ACCT01437,7,Current,3717.9
ACCT01438,7,ChargeOff,290.47
ACCT01439,7,Current,6325.16
ACCT01440,7,90DPD,2676.58
ACCT01441,7,Current,1987.43
ACCT01442,7,Current,586.65
ACCT01443,7,Current,4339.76
ACCT01444,7,Current,8443.92
ACCT01445,7,Current,4152.01
ACCT01446,7,Current,6953.55
ACCT01447,7,Current,8516.81
ACCT01448,7,Current,3654.53
ACCT01449,7,Current,8834.9
ACCT01450,7,Current,7471.75
ACCT01451,7,Current,5652.34
ACCT01452,7,Current,171.66
ACCT01453,7,30DPD,429.71
ACCT01454,7,30DPD,9347.83
ACCT01455,7,Current,11155.35
ACCT01456,7,Current,9585.59
ACCT01457,7,Current,11334.22
ACCT01458,7,Current,414.34
ACCT01459,7,Current,8535.68
ACCT01460,7,Current,4693.23
ACCT01461,7,Current,9060.66
ACCT01462,7,Current,222.69
ACCT01463,7,Current,3662.08
ACCT01464,7,Current,11168.38
ACCT01465,7,Current,8216.04
ACCT01466,7,Current,5844.99
ACCT01467,7,Current,3297.95
ACCT01468,7,Current,3047.18
ACCT01469,7,Current,12378.08
ACCT01470,7,ChargeOff,6304.26
ACCT01471,7,Current,4367.95
ACCT01472,7,60DPD,6230.65
ACCT01473,7,Current,4755.67
ACCT01474,7,Current,5254.85
ACCT01475,7,Current,4620.53
ACCT01476,7,Current,9151.89
ACCT01477,7,ChargeOff,13653.96
ACCT01478,7,Current,8781.34
ACCT01479,7,Current,8444.83
ACCT01480,7,Current,4282.69
ACCT01481,7,Current,8096.75
ACCT01482,7,Current,8755.73
ACCT01483,7,Current,6328.69
ACCT01484,7,Current,7288.64
ACCT01485,7,Current,7878.65
ACCT01486,7,Current,7801.72
ACCT01487,7,Current,8577.17
ACCT01488,7,Current,2277.66
ACCT01489,7,30DPD,5000.91
ACCT01490,7,Current,7433.4
ACCT01491,7,Current,138.0
ACCT01492,7,Current,10024.23
ACCT01493,7,Current,7875.78
ACCT01494,7,Current,1779.84
ACCT01495,7,Current,8412.99
ACCT01496,7,Current,5894.51
ACCT01497,7,Current,5863.25
ACCT01498,7,60DPD,3695.41
ACCT01499,7,Current,10422.91
ACCT01500,7,Current,5848.6
ACCT01501,7,ChargeOff,7451.29
ACCT01502,7,60DPD,145.46
ACCT01503,7,Current,8226.0
ACCT01504,7,60DPD,6766.22
ACCT01505,7,30DPD,6550.48
ACCT01506,7,30DPD,5284.58
ACCT01507,7,30DPD,8431.68
ACCT01508,7,Current,8931.11
ACCT01509,7,60DPD,3592.93
ACCT01510,7,Current,11209.16
ACCT01511,7,Current,8540.16
ACCT01512,7,Current,11736.45
ACCT01513,7,Current,9993.82
ACCT01514,7,Current,9998.31
ACCT01515,7,Current,9976.64
ACCT01516,7,Current,5514.64
ACCT01517,7,ChargeOff,2168.93
ACCT01518,7,Current,5397.36
ACCT01519,7,Current,9039.99
ACCT01520,7,Current,5519.92
ACCT01521,7,Current,11102.59
ACCT01522,7,Current,1140.71
ACCT01523,7,30DPD,3692.11
ACCT01524,7,Current,6716.02
ACCT01525,7,30DPD,5300.99
ACCT01526,7,Current,1186.09
ACCT01527,7,Current,1359.26
ACCT01528,7,Current,10731.56
ACCT01529,7,Current,4993.24
ACCT01530,7,Current,725.88
ACCT01531,7,Current,409.81
ACCT01532,7,Current,6098.26
ACCT01533,7,Current,2442.63
ACCT01534,7,30DPD,9148.16
ACCT01535,7,30DPD,10455.44
ACCT01536,7,ChargeOff,3137.24
ACCT01537,7,Current,5834.41
ACCT01538,7,Current,1505.25
ACCT01539,7,Current,3311.49
ACCT01540,7,Current,10818.72
ACCT01541,7,Current,5496.13
ACCT01542,7,30DPD,8280.75
ACCT01543,7,Current,2326.23
ACCT01544,7,Current,3314.41
ACCT01545,7,Current,5170.48
ACCT01546,7,Current,6670.08
ACCT01547,7,30DPD,12700.05
ACCT01548,7,Current,1328.22
ACCT01549,7,Current,11023.3
ACCT01550,7,Current,12178.2
ACCT01551,7,Current,5705.29
ACCT01552,7,90DPD,3998.71
ACCT01553,7,Current,7421.59
ACCT01554,7,90DPD,4600.4
ACCT01555,7,Current,7634.39
ACCT01556,7,ChargeOff,7338.74
ACCT01557,7,Current,9969.66
ACCT01558,7,Current,8270.84
ACCT01559,7,Current,5589.52
ACCT01560,7,ChargeOff,10723.83
ACCT01561,7,Current,5526.64
ACCT01562,7,30DPD,11916.12
ACCT01563,7,Current,2393.25
ACCT01564,7,Current,8934.78
ACCT01565,7,Current,10021.93
ACCT01566,7,Current,7130.84
ACCT01567,7,Current,5843.95
ACCT01568,7,30DPD,7708.5
ACCT01569,7,Current,4241.78
ACCT01570,7,Current,8241.27
ACCT01571,7,Current,1903.16
ACCT01572,7,30DPD,4233.31
ACCT01573,7,Current,5572.65
ACCT01574,7,Current,3624.2
ACCT01575,7,90DPD,4600.87
ACCT01576,7,Current,10083.6
ACCT01577,7,ChargeOff,2797.09
ACCT01578,7,ChargeOff,11230.16
ACCT01579,7,Current,937.96
ACCT01580,7,Current,9085.35
ACCT01581,7,Current,9150.82
ACCT01582,7,Current,4320.13
ACCT01583,7,Current,8298.65
ACCT01584,7,Current,10013.26
ACCT01585,7,Current,9311.58
ACCT01586,7,Current,3986.0
ACCT01587,7,Current,5278.44
ACCT01588,7,Current,10310.6
ACCT01589,7,Current,3074.88
ACCT01590,7,Current,8355.25
ACCT01591,7,Current,4172.48
ACCT01592,7,Current,8758.95
ACCT01593,7,Current,1246.55
ACCT01594,7,Current,585.09
ACCT01595,7,Current,10641.57
ACCT01596,7,Current,10335.32
ACCT01597,7,Current,8315.89
ACCT01598,7,Current,8207.23
ACCT01599,7,Current,4260.25
ACCT01600,7,Current,2610.48
ACCT01601,7,Current,1478.56
ACCT01602,7,Current,4330.41
ACCT01603,7,Current,3111.12
ACCT01604,7,Current,11448.61
ACCT01605,7,Current,212.91
ACCT01606,7,Current,1729.59
ACCT01607,7,Current,2216.16
ACCT01608,7,Current,2078.13
ACCT01609,7,Current,2657.28
ACCT01610,7,Current,6968.65
ACCT01611,7,Current,3162.17
ACCT01612,7,Current,7204.78
ACCT01613,7,Current,12420.6
ACCT01614,7,60DPD,6399.06
ACCT01615,7,Current,6657.45
ACCT01616,7,Current,4023.27
ACCT01617,7,Current,1690.74
ACCT01618,7,ChargeOff,4944.64
ACCT01619,7,Current,9494.71
ACCT01620,7,Current,4948.2
ACCT01621,7,Current,3536.23
ACCT01622,7,Current,4796.22
ACCT01623,7,Current,10158.97
ACCT01624,7,Current,7149.36
ACCT01625,7,Current,5683.27
ACCT01626,7,Current,10353.79
ACCT01627,7,Current,8043.78
ACCT01628,7,Current,6926.31
ACCT01629,7,Current,1988.61
ACCT01630,7,Current,1332.8
ACCT01631,7,Current,8358.85
ACCT01632,7,Current,6305.14
ACCT01633,7,30DPD,3649.67
ACCT01634,7,ChargeOff,8917.51
ACCT01635,7,Current,695.66
ACCT01636,7,Current,8954.32
ACCT01637,7,Current,2243.0
ACCT01638,7,Current,7667.5
ACCT01639,7,30DPD,5663.59
ACCT01640,7,Current,4045.99
ACCT01641,7,ChargeOff,468.63
ACCT01642,7,Current,7696.48
ACCT01643,7,Current,2652.85
ACCT01644,7,Current,673.62
ACCT01645,7,Current,7041.4
ACCT01646,7,Current,3749.03
ACCT01647,7,Current,3527.55
ACCT01648,7,Current,2783.06
ACCT01649,7,Current,9692.42
ACCT01650,7,Current,2860.19
ACCT01651,7,Current,2372.87
ACCT01652,7,Current,3233.42
ACCT01653,7,Current,2938.32
ACCT01654,7,Current,3390.54
ACCT01655,7,Current,946.1
ACCT01656,7,Current,1753.27
ACCT01657,7,Current,4395.56
ACCT01658,7,Current,10488.06
ACCT01659,7,Current,832.37
ACCT01660,7,Current,1889.55
ACCT01661,7,Current,7067.86
ACCT01662,7,Current,7552.3
ACCT01663,7,Current,9515.22
ACCT01664,7,Current,2486.31
ACCT01665,7,Current,4622.1
ACCT01666,7,30DPD,2199.86
ACCT01667,7,Current,1419.6
ACCT01668,7,Current,4295.67
ACCT01669,7,Current,6260.14
ACCT01670,7,30DPD,3598.39
ACCT01671,7,Current,7079.99
ACCT01672,7,Current,3039.4
ACCT01673,7,Current,3465.01
ACCT01674,7,Current,9432.11
ACCT01675,7,30DPD,9947.0
ACCT01676,7,Current,2844.3
ACCT01677,7,Current,6600.19
ACCT01678,7,Current,3409.95
ACCT01679,7,ChargeOff,790.93
ACCT01680,7,Current,8143.89
ACCT01681,7,60DPD,1885.44
ACCT01682,7,Current,4641.24
ACCT01683,7,Current,5855.19
ACCT01684,7,Current,2333.02
ACCT01685,7,Current,1404.24
ACCT01686,7,30DPD,4039.97
ACCT01687,7,Current,8666.8
ACCT01688,7,Current,6969.65
ACCT01689,7,ChargeOff,5496.26
ACCT01690,7,90DPD,598.1
ACCT01691,7,Current,7692.8
ACCT01692,7,Current,1293.64
ACCT01693,7,Current,6026.24
ACCT01694,7,Current,5982.23
ACCT01695,7,Current,3647.45
ACCT01696,7,Current,2968.79
ACCT01697,7,Current,752.84
ACCT01698,7,Current,326.01
ACCT01699,7,Current,5569.06
ACCT01700,7,Current,10306.59
ACCT01701,7,ChargeOff,3881.01
ACCT01702,7,Current,7443.2
ACCT01703,7,Current,7445.89
ACCT01704,7,Current,854.93
ACCT01705,7,ChargeOff,1976.75
ACCT01706,7,Current,3763.99
ACCT01707,7,30DPD,6923.28
ACCT01708,7,Current,5413.06
ACCT01709,7,Current,6881.33
ACCT01710,7,Current,9387.6
ACCT01711,7,Current,8116.12
ACCT01712,7,Current,14448.95
ACCT01713,7,Current,7320.06
ACCT01714,7,Current,7405.97
ACCT01715,7,Current,10471.81
ACCT01716,7,Current,7986.39
ACCT01717,7,90DPD,7064.16
ACCT01718,7,Current,7942.57
ACCT01719,7,Current,6379.99
ACCT01720,7,Current,7516.36
ACCT01721,7,Current,5950.34
ACCT01722,7,Current,8845.8
ACCT01723,7,Current,5178.9
ACCT01724,7,Current,9449.42
ACCT01725,7,ChargeOff,7213.39
ACCT01726,7,Current,9895.83
ACCT01727,7,Current,3239.62
ACCT01728,7,Current,8288.41
ACCT01729,7,Current,8980.11
ACCT01730,7,Current,9460.04
ACCT01731,7,60DPD,8711.94
ACCT01732,7,Current,5559.04
ACCT01733,7,30DPD,5389.14
ACCT01734,7,Current,1640.49
ACCT01735,7,Current,9918.48
ACCT01736,7,Current,3513.34
ACCT01737,7,30DPD,6490.18
ACCT01738,7,Current,9457.74
ACCT01739,7,30DPD,4155.8
ACCT01740,7,Current,2420.79
ACCT01741,7,Current,2028.14
ACCT01742,7,Current,9261.31
ACCT01743,7,Current,4281.39
ACCT01744,7,Current,1555.46
ACCT01745,7,Current,7303.24
ACCT01746,7,Current,2780.8
ACCT01747,7,Current,11310.6
ACCT01748,7,Current,3561.95
ACCT01749,7,Current,2380.96
ACCT01750,7,60DPD,1020.5
ACCT01751,7,30DPD,6628.83
ACCT01752,7,Current,3732.42
ACCT01753,7,Current,8330.39
ACCT01754,7,Current,4962.25
ACCT01755,7,Current,4334.86
ACCT01756,7,Current,2911.52
ACCT01757,7,Current,4046.8
ACCT01758,7,Current,11028.01
ACCT01759,7,30DPD,2022.38
ACCT01760,7,60DPD,8781.07
ACCT01761,7,Current,3884.35
ACCT01762,7,Current,1071.94
ACCT01763,7,Current,3009.45
ACCT01764,7,Current,996.39
ACCT01765,7,Current,6582.33
ACCT01766,7,30DPD,4819.75
ACCT01767,7,Current,3817.43
ACCT01768,7,Current,7285.62
ACCT01769,7,Current,7981.82
ACCT01770,7,Current,9232.7
ACCT01771,7,Current,10444.73
ACCT01772,7,Current,9988.54
ACCT01773,7,Current,11186.69
ACCT01774,7,Current,8936.28
ACCT01775,7,Current,4226.13
ACCT01776,7,Current,7408.28
ACCT01777,7,Current,901.81
ACCT01778,7,Current,8283.06
ACCT01779,7,Current,11040.72
ACCT01780,7,Current,993.66
ACCT01781,7,Current,7542.26
ACCT01782,7,Current,7791.58
ACCT01783,7,Current,2211.76
ACCT01784,7,Current,6118.23
ACCT01785,7,30DPD,8888.49
ACCT01786,7,30DPD,8090.74
ACCT01787,7,90DPD,1831.84
ACCT01788,7,Current,4274.33
ACCT01789,7,30DPD,6502.59
ACCT01790,7,30DPD,2804.68
ACCT01791,7,Current,4091.57
ACCT01792,7,Current,449.3
ACCT01793,7,Current,1981.77
ACCT01794,7,ChargeOff,7636.69
ACCT01795,7,Current,6260.34
ACCT01796,7,Current,8397.44
ACCT01797,7,Current,8915.42
ACCT01798,7,Current,5375.72
ACCT01799,7,Current,3847.63
ACCT01800,7,Current,357.0
ACCT01801,7,Current,2404.06
ACCT01802,7,Current,3270.72
ACCT01803,7,Current,1916.48
ACCT01804,7,Current,302.61
ACCT01805,7,Current,1770.56
ACCT01806,7,Current,7979.95
ACCT01807,7,Current,6199.23
ACCT01808,7,Current,10660.21
ACCT01809,7,Current,10462.87
ACCT01810,7,Current,5657.45
ACCT01811,7,Current,1620.3
ACCT01812,7,Current,7425.51
ACCT01813,7,Current,801.18
ACCT01814,7,Current,5444.57
ACCT01815,7,Current,4832.27
ACCT01816,7,Current,4371.01
ACCT01817,7,Current,3820.73
ACCT01818,7,Current,9096.04
ACCT01819,7,90DPD,8146.7
ACCT01820,7,Current,8475.14
ACCT01821,7,Current,9246.24
ACCT01822,7,Current,6248.3
ACCT01823,7,Current,477.46
ACCT01824,7,90DPD,7416.56
ACCT01825,7,Current,6934.86
ACCT01826,7,Current,2761.1
ACCT01827,7,Current,3067.84
ACCT01828,7,Current,7791.86
ACCT01829,7,Current,8738.94
ACCT01830,7,Current,5842.87
ACCT01831,7,ChargeOff,9299.43
ACCT01832,7,Current,4345.71
ACCT01833,7,Current,4611.15
ACCT01834,7,Current,3749.13
ACCT01835,7,Current,5175.48
ACCT01836,7,Current,7010.62
ACCT01837,7,Current,592.0
ACCT01838,7,Current,8294.3
ACCT01839,7,Current,3370.72
ACCT01840,7,Current,9652.59
ACCT01841,7,Current,5279.51
ACCT01842,7,Current,6210.84
ACCT01843,7,Current,7178.05
ACCT01844,7,Current,11238.94
ACCT01845,7,Current,5343.5
ACCT01846,7,Current,8851.67
ACCT01847,7,Current,6114.17
ACCT01848,7,Current,2948.52
ACCT01849,7,Current,3529.91
ACCT01850,7,Current,4765.85
ACCT01851,7,ChargeOff,3520.33
ACCT01852,7,Current,4008.24
ACCT01853,7,Current,3836.24
ACCT01854,7,Current,8152.47
ACCT01855,7,ChargeOff,3454.37
ACCT01856,7,Current,9839.53
ACCT01857,7,Current,5007.48
ACCT01858,7,Current,6614.65
ACCT01859,7,ChargeOff,1094.68
ACCT01860,7,Current,5442.07
ACCT01861,7,ChargeOff,617.65
ACCT01862,7,ChargeOff,10203.47
ACCT01863,7,Current,4011.26
ACCT01864,7,Current,8984.72
ACCT01865,7,Current,3541.62
ACCT01866,7,Current,5192.69
ACCT01867,7,Current,2397.41
ACCT01868,7,Current,4541.34
ACCT01869,7,Current,5695.3
ACCT01870,7,Current,3778.6
ACCT01871,7,Current,1925.4
ACCT01872,7,ChargeOff,1850.52
ACCT01873,7,ChargeOff,1985.8
ACCT01874,7,30DPD,11150.03
ACCT01875,7,Current,4354.23
ACCT01876,7,Current,169.17
ACCT01877,7,Current,10240.83
ACCT01878,7,Current,413.68
ACCT01879,7,30DPD,5446.98
ACCT01880,7,Current,6765.79
ACCT01881,7,Current,8739.49
ACCT01882,7,Current,7486.03
ACCT01883,7,90DPD,4767.73
ACCT01884,7,30DPD,10721.08
ACCT01885,7,Current,560.03
ACCT01886,7,Current,10263.13
ACCT01887,7,Current,8432.99
ACCT01888,7,Current,8926.78
ACCT01889,7,Current,3313.6
ACCT01890,7,60DPD,2010.89
ACCT01891,7,Current,6421.32
ACCT01892,7,Current,5081.52
ACCT01893,7,Current,4907.62
ACCT01894,7,Current,12090.65
ACCT01895,7,Current,9761.4
ACCT01896,7,Current,3186.97
ACCT01897,7,Current,4614.11
ACCT01898,7,Current,1898.8
ACCT01899,7,Current,1838.32
ACCT01900,7,Current,1725.49
ACCT01901,7,Current,8269.96
ACCT01902,7,30DPD,7936.27
ACCT01903,7,Current,4501.77
ACCT01904,7,Current,5250.29
ACCT01905,7,Current,6344.39
ACCT01906,7,30DPD,9951.52
ACCT01907,7,Current,9788.05
ACCT01908,7,Current,5997.91
ACCT01909,7,Current,10011.52
ACCT01910,7,Current,6379.28
ACCT01911,7,Current,7081.7
ACCT01912,7,Current,11069.56
ACCT01913,7,Current,3226.19
ACCT01914,7,30DPD,5183.39
ACCT01915,7,Current,3317.81
ACCT01916,7,Current,5315.19
ACCT01917,7,30DPD,5644.69
ACCT01918,7,Current,8629.71
ACCT01919,7,Current,5990.96
ACCT01920,7,Current,2226.79
ACCT01921,7,Current,10770.62
ACCT01922,7,ChargeOff,3725.39
ACCT01923,7,Current,10066.72
ACCT01924,7,30DPD,2507.87
ACCT01925,7,ChargeOff,5180.49
ACCT01926,7,Current,7463.54
ACCT01927,7,60DPD,7143.35
ACCT01928,7,Current,1747.17
ACCT01929,7,Current,8692.96
ACCT01930,7,Current,5315.59
ACCT01931,7,ChargeOff,6184.82
ACCT01932,7,Current,5448.03
ACCT01933,7,Current,616.45
ACCT01934,7,Current,6052.21
ACCT01935,7,Current,3869.52
ACCT01936,7,Current,4208.6
ACCT01937,7,Current,7345.99
ACCT01938,7,Current,5165.81
ACCT01939,7,Current,1166.29
ACCT01940,7,Current,876.03
ACCT01941,7,Current,2163.66
ACCT01942,7,Current,2148.08
ACCT01943,7,Current,6660.93
ACCT01944,7,Current,2254.28
ACCT01945,7,Current,10168.02
ACCT01946,7,Current,2350.9
ACCT01947,7,Current,1623.75
ACCT01948,7,Current,8346.69
ACCT01949,7,Current,3099.48
ACCT01950,7,Current,4558.04
ACCT01951,7,30DPD,9260.99
ACCT01952,7,Current,10491.84
ACCT01953,7,Current,7535.15
ACCT01954,7,Current,640.19
ACCT01955,7,ChargeOff,5850.24
ACCT01956,7,Current,10679.47
ACCT01957,7,Current,12352.86
ACCT01958,7,Current,1078.64
ACCT01959,7,Current,5139.51
ACCT01960,7,Current,3252.61
ACCT01961,7,Current,1298.37
ACCT01962,7,Current,9035.46
ACCT01963,7,Current,2986.76
ACCT01964,7,Current,4860.99
ACCT01965,7,Current,1115.66
ACCT01966,7,Current,5203.34
ACCT01967,7,Current,1967.74
ACCT01968,7,Current,4172.77
ACCT01969,7,Current,1635.63
ACCT01970,7,ChargeOff,10971.21
ACCT01971,7,ChargeOff,2478.94
ACCT01972,7,Current,6345.21
ACCT01973,7,ChargeOff,2289.37
ACCT01974,7,Current,1049.05
ACCT01975,7,Current,1867.46
ACCT01976,7,Current,604.94
ACCT01977,7,ChargeOff,2091.39
ACCT01978,7,30DPD,4644.43
ACCT01979,7,Current,7581.68
ACCT01980,7,Current,1083.32
ACCT01981,7,60DPD,4665.3
ACCT01982,7,Current,7017.49
ACCT01983,7,Current,2397.84
ACCT01984,7,Current,3876.4
ACCT01985,7,Current,951.19
ACCT01986,7,30DPD,2358.72
ACCT01987,7,Current,5562.63
ACCT01988,7,ChargeOff,12177.85
ACCT01989,7,Current,10288.28
ACCT01990,7,Current,10182.26
ACCT01991,7,Current,4004.51
ACCT01992,7,Current,1172.83
ACCT01993,7,Current,3797.44
ACCT01994,7,Current,2968.35
ACCT01995,7,Current,308.48
ACCT01996,7,Current,1351.07
ACCT01997,7,Current,4730.83
ACCT01998,7,Current,4225.66
ACCT01999,7,Current,2599.04
ACCT00000,8,Current,9827.71
ACCT00001,8,Current,4565.8
ACCT00002,8,Current,8370.05
ACCT00003,8,Current,5754.11
ACCT00004,8,Current,1251.72
ACCT00005,8,Current,9302.12
ACCT00006,8,Current,5976.06
ACCT00007,8,Current,1300.34
ACCT00008,8,Current,1921.07
ACCT00009,8,Current,10043.09
ACCT00010,8,90DPD,523.46
ACCT00011,8,ChargeOff,4458.97
ACCT00012,8,Current,1739.43
ACCT00013,8,Current,4522.23
ACCT00014,8,Current,5364.85
ACCT00015,8,Current,5087.53
ACCT00016,8,Current,3130.01
ACCT00017,8,Current,448.07
ACCT00018,8,90DPD,6982.67
ACCT00019,8,60DPD,5262.69
ACCT00020,8,Current,6956.24
ACCT00021,8,Current,1344.84
ACCT00022,8,60DPD,262.64
ACCT00023,8,60DPD,3335.17
ACCT00024,8,Current,5254.4
ACCT00025,8,Current,3547.13
ACCT00026,8,Current,8327.05
ACCT00027,8,Current,4568.73
ACCT00028,8,Current,4555.92
ACCT00029,8,Current,7114.62
ACCT00030,8,Current,445.23
ACCT00031,8,Current,5124.52
ACCT00032,8,Current,3177.58
ACCT00033,8,Current,4117.76
ACCT00034,8,Current,946.69
ACCT00035,8,Current,11243.36
ACCT00036,8,Current,9724.61
ACCT00037,8,Current,448.77
ACCT00038,8,Current,5230.57
ACCT00039,8,ChargeOff,7003.0
ACCT00040,8,Current,3504.79
ACCT00041,8,Current,8031.14
ACCT00042,8,Current,8568.85
ACCT00043,8,Current,8620.32
ACCT00044,8,Current,9816.39
ACCT00045,8,Current,702.48
ACCT00046,8,Current,4530.92
ACCT00047,8,30DPD,7941.21
ACCT00048,8,Current,1565.78
ACCT00049,8,Current,4378.64
ACCT00050,8,Current,8405.39
ACCT00051,8,Current,277.72
ACCT00052,8,Current,4587.0
ACCT00053,8,Current,7884.95
ACCT00054,8,30DPD,3512.97
ACCT00055,8,90DPD,5810.94
ACCT00056,8,Current,9449.85
ACCT00057,8,Current,4405.32
ACCT00058,8,Current,1604.9
ACCT00059,8,Current,688.44
ACCT00060,8,Current,12329.67
ACCT00061,8,Current,2491.68
ACCT00062,8,60DPD,3605.98
ACCT00063,8,Current,746.46
ACCT00064,8,Current,5721.15
ACCT00065,8,Current,11712.82
ACCT00066,8,90DPD,4744.15
ACCT00067,8,Current,10220.45
ACCT00068,8,Current,2938.82
ACCT00069,8,Current,5840.38
ACCT00070,8,Current,8065.9
ACCT00071,8,Current,4038.29
ACCT00072,8,Current,3247.54
ACCT00073,8,Current,6925.69
ACCT00074,8,Current,3455.53
ACCT00075,8,ChargeOff,5994.58
ACCT00076,8,Current,11346.22
ACCT00077,8,Current,1723.2
ACCT00078,8,Current,3602.25
ACCT00079,8,Current,372.0
ACCT00080,8,Current,3206.72
ACCT00081,8,60DPD,2699.97
ACCT00082,8,Current,5367.7
ACCT00083,8,Current,3124.73
ACCT00084,8,Current,7060.16
ACCT00085,8,Current,2510.61
ACCT00086,8,90DPD,3669.03
ACCT00087,8,Current,3861.04
ACCT00088,8,Current,7426.2
ACCT00089,8,Current,4475.3
ACCT00090,8,Current,3767.32
ACCT00091,8,Current,7177.25
ACCT00092,8,Current,6501.81
ACCT00093,8,60DPD,1918.21
ACCT00094,8,Current,12216.37
ACCT00095,8,60DPD,4488.67
ACCT00096,8,Current,610.36
ACCT00097,8,Current,5163.68
ACCT00098,8,30DPD,2019.3
ACCT00099,8,Current,2370.85
ACCT00100,8,Current,8169.21
ACCT00101,8,Current,1876.87
ACCT00102,8,30DPD,8915.18
ACCT00103,8,60DPD,8662.05
ACCT00104,8,Current,5832.58
ACCT00105,8,Current,7644.22
ACCT00106,8,Current,6913.68
ACCT00107,8,Current,7941.21
ACCT00108,8,Current,3814.46
ACCT00109,8,Current,1708.89
ACCT00110,8,Current,5576.1
ACCT00111,8,Current,5566.05
ACCT00112,8,Current,2141.12
ACCT00113,8,Current,5854.85
ACCT00114,8,Current,236.89
ACCT00115,8,ChargeOff,9268.29
ACCT00116,8,Current,3034.1
ACCT00117,8,Current,466.35
ACCT00118,8,Current,1585.19
ACCT00119,8,60DPD,3295.53
ACCT00120,8,Current,2382.31
ACCT00121,8,Current,416.68
ACCT00122,8,Current,2799.21
ACCT00123,8,Current,1900.93
ACCT00124,8,Current,4350.75
ACCT00125,8,Current,3182.1
ACCT00126,8,Current,4190.61
ACCT00127,8,Current,3868.76
ACCT00128,8,Current,1296.57
ACCT00129,8,Current,379.73
ACCT00130,8,Current,2049.96
ACCT00131,8,Current,7632.86
ACCT00132,8,90DPD,9792.41
ACCT00133,8,Current,9633.89
ACCT00134,8,Current,5768.66
ACCT00135,8,Current,5574.82
ACCT00136,8,30DPD,3381.51
ACCT00137,8,Current,4685.77
ACCT00138,8,Current,8028.23
ACCT00139,8,Current,8684.84
ACCT00140,8,60DPD,10416.81
ACCT00141,8,Current,3828.3
ACCT00142,8,ChargeOff,8544.69
ACCT00143,8,Current,7297.67
ACCT00144,8,Current,3786.85
ACCT00145,8,Current,7281.99
ACCT00146,8,30DPD,1115.72
ACCT00147,8,30DPD,10644.92
ACCT00148,8,Current,6421.86
ACCT00149,8,Current,1256.02
ACCT00150,8,Current,9206.24
ACCT00151,8,Current,530.86
ACCT00152,8,Current,7938.14
ACCT00153,8,Current,5758.73
ACCT00154,8,Current,6303.1
ACCT00155,8,Current,9659.94
ACCT00156,8,90DPD,1265.53
ACCT00157,8,30DPD,2561.41
ACCT00158,8,Current,5263.4
ACCT00159,8,Current,525.66
ACCT00160,8,Current,4626.95
ACCT00161,8,Current,2530.85
ACCT00162,8,Current,4271.64
ACCT00163,8,Current,5549.36
ACCT00164,8,Current,9894.08
ACCT00165,8,Current,2712.67
ACCT00166,8,Current,8758.05
ACCT00167,8,Current,4401.33
ACCT00168,8,Current,2258.11
ACCT00169,8,90DPD,5778.82
ACCT00170,8,Current,3379.03
ACCT00171,8,Current,2818.21
ACCT00172,8,Current,5279.68
ACCT00173,8,Current,1688.82
ACCT00174,8,Current,3885.53
ACCT00175,8,30DPD,5122.85
ACCT00176,8,90DPD,4667.79
ACCT00177,8,ChargeOff,12393.9
ACCT00178,8,Current,2312.83
ACCT00179,8,Current,7951.38
ACCT00180,8,Current,10275.11
ACCT00181,8,Current,12879.83
ACCT00182,8,Current,9455.02
ACCT00183,8,Current,1337.09
ACCT00184,8,Current,3695.93
ACCT00185,8,Current,1970.8
ACCT00186,8,Current,10610.33
ACCT00187,8,Current,6288.26
ACCT00188,8,Current,2175.74
ACCT00189,8,Current,10243.76
ACCT00190,8,30DPD,1409.91
ACCT00191,8,Current,6151.01
ACCT00192,8,Current,5346.53
ACCT00193,8,Current,732.76
ACCT00194,8,Current,6279.04
ACCT00195,8,Current,7393.19
ACCT00196,8,Current,837.37
ACCT00197,8,Current,5523.85
ACCT00198,8,Current,2041.35
ACCT00199,8,Current,6262.2
ACCT00200,8,Current,1287.89
ACCT00201,8,ChargeOff,12012.76
ACCT00202,8,Current,9515.98
ACCT00203,8,Current,1844.15
ACCT00204,8,Current,3888.37
ACCT00205,8,Current,5866.59
ACCT00206,8,ChargeOff,7523.14
ACCT00207,8,Current,4520.73
ACCT00208,8,Current,1852.86
ACCT00209,8,Current,946.59
ACCT00210,8,Current,9539.96
ACCT00211,8,Current,4923.22
ACCT00212,8,30DPD,10449.94
ACCT00213,8,ChargeOff,3771.44
ACCT00214,8,90DPD,11819.79
ACCT00215,8,Current,861.01
ACCT00216,8,Current,1573.23
ACCT00217,8,Current,12453.27
ACCT00218,8,Current,10982.38
ACCT00219,8,30DPD,2611.45
ACCT00220,8,Current,4136.8
ACCT00221,8,Current,5982.96
ACCT00222,8,Current,3964.69
ACCT00223,8,Current,2256.49
ACCT00224,8,Current,11638.81
ACCT00225,8,Current,2768.72
ACCT00226,8,Current,10627.39
ACCT00227,8,Current,1029.28
ACCT00228,8,Current,503.26
ACCT00229,8,Current,6285.74
ACCT00230,8,Current,3930.26
ACCT00231,8,Current,6757.77
ACCT00232,8,ChargeOff,1408.46
ACCT00233,8,Current,8571.19
ACCT00234,8,ChargeOff,10068.76
ACCT00235,8,Current,12465.54
ACCT00236,8,Current,1482.83
ACCT00237,8,Current,3691.43
ACCT00238,8,Current,3676.9
ACCT00239,8,Current,5929.12
ACCT00240,8,Current,2889.82
ACCT00241,8,Current,861.73
ACCT00242,8,60DPD,3643.97
ACCT00243,8,Current,2603.37
ACCT00244,8,Current,3483.41
ACCT00245,8,Current,2687.8
ACCT00246,8,90DPD,2522.83
ACCT00247,8,Current,6145.93
ACCT00248,8,Current,4949.12
ACCT00249,8,30DPD,4822.73
ACCT00250,8,Current,5677.84
ACCT00251,8,Current,10019.67
ACCT00252,8,Current,3089.37
ACCT00253,8,Current,4428.74
ACCT00254,8,Current,11506.55
ACCT00255,8,Current,5224.25
ACCT00256,8,30DPD,10705.91
ACCT00257,8,Current,7863.98
ACCT00258,8,Current,533.39
ACCT00259,8,Current,4532.24
ACCT00260,8,Current,6715.69
ACCT00261,8,Current,10882.19
ACCT00262,8,30DPD,6535.58
ACCT00263,8,Current,1224.94
ACCT00264,8,ChargeOff,6809.74
ACCT00265,8,Current,1514.05
ACCT00266,8,Current,9062.47
ACCT00267,8,Current,5545.84
ACCT00268,8,Current,7150.95
ACCT00269,8,60DPD,7909.97
ACCT00270,8,Current,6403.59
ACCT00271,8,Current,7227.79
ACCT00272,8,Current,6278.34
ACCT00273,8,Current,10923.16
ACCT00274,8,Current,9260.56
ACCT00275,8,Current,412.87
ACCT00276,8,Current,4836.31
ACCT00277,8,Current,2763.09
ACCT00278,8,Current,10217.35
ACCT00279,8,Current,5157.96
ACCT00280,8,Current,4010.07
ACCT00281,8,Current,1563.7
ACCT00282,8,Current,3586.4
ACCT00283,8,Current,7056.0
ACCT00284,8,Current,2451.82
ACCT00285,8,Current,1130.42
ACCT00286,8,Current,10502.61
ACCT00287,8,Current,8694.15
ACCT00288,8,Current,2082.41
ACCT00289,8,Current,2711.75
ACCT00290,8,Current,11700.7
ACCT00291,8,Current,9538.83
ACCT00292,8,ChargeOff,8431.7
ACCT00293,8,Current,3114.95
ACCT00294,8,Current,3288.41
ACCT00295,8,Current,741.47
ACCT00296,8,90DPD,7675.18
ACCT00297,8,Current,617.03
ACCT00298,8,ChargeOff,198.51
ACCT00299,8,Current,6902.55
ACCT00300,8,Current,8755.56
ACCT00301,8,Current,9683.12
ACCT00302,8,Current,5561.91
ACCT00303,8,Current,5234.57
ACCT00304,8,Current,4502.99
ACCT00305,8,ChargeOff,4644.82
ACCT00306,8,Current,5697.62
ACCT00307,8,60DPD,3008.37
ACCT00308,8,Current,4659.1
ACCT00309,8,Current,8513.26
ACCT00310,8,Current,11143.97
ACCT00311,8,Current,1145.83
ACCT00312,8,Current,3055.45
ACCT00313,8,90DPD,1775.39
ACCT00314,8,Current,3930.26
ACCT00315,8,Current,3206.0
ACCT00316,8,Current,1689.07
ACCT00317,8,Current,8417.33
ACCT00318,8,Current,4111.76
ACCT00319,8,ChargeOff,10824.36
ACCT00320,8,Current,434.59
ACCT00321,8,90DPD,887.4
ACCT00322,8,Current,3346.14
ACCT00323,8,Current,887.93
ACCT00324,8,60DPD,2652.35
ACCT00325,8,Current,14584.29
ACCT00326,8,ChargeOff,2097.33
ACCT00327,8,Current,2420.88
ACCT00328,8,Current,5728.73
ACCT00329,8,30DPD,7304.86
ACCT00330,8,Current,5267.31
ACCT00331,8,Current,3579.79
ACCT00332,8,Current,7441.62
ACCT00333,8,Current,1837.55
ACCT00334,8,60DPD,6087.63
ACCT00335,8,Current,6345.62
ACCT00336,8,Current,7190.82
ACCT00337,8,Current,3577.93
ACCT00338,8,Current,6666.11
ACCT00339,8,Current,859.7
ACCT00340,8,60DPD,1551.67
ACCT00341,8,Current,822.38
ACCT00342,8,90DPD,6628.89
ACCT00343,8,Current,3595.99
ACCT00344,8,Current,7760.66
ACCT00345,8,Current,1044.92
ACCT00346,8,30DPD,9835.49
ACCT00347,8,ChargeOff,10703.54
ACCT00348,8,Current,1210.78
ACCT00349,8,Current,396.07
ACCT00350,8,30DPD,961.04
ACCT00351,8,Current,6698.69
ACCT00352,8,30DPD,2428.44
ACCT00353,8,Current,6868.79
ACCT00354,8,Current,3666.99
ACCT00355,8,Current,10266.38
ACCT00356,8,Current,4541.92
ACCT00357,8,Current,4738.4
ACCT00358,8,30DPD,11715.82
ACCT00359,8,Current,1561.36
ACCT00360,8,Current,9668.51
ACCT00361,8,Current,569.53
ACCT00362,8,Current,5233.1
ACCT00363,8,Current,8079.33
ACCT00364,8,Current,6213.94
ACCT00365,8,Current,6263.93
ACCT00366,8,Current,2951.51
ACCT00367,8,Current,4878.23
ACCT00368,8,90DPD,3949.92
ACCT00369,8,Current,5059.36
ACCT00370,8,30DPD,5552.58
ACCT00371,8,Current,3180.35
ACCT00372,8,Current,2924.89
ACCT00373,8,Current,1934.79
ACCT00374,8,Current,4201.74
ACCT00375,8,Current,1815.02
ACCT00376,8,Current,8865.21
ACCT00377,8,Current,6841.96
ACCT00378,8,Current,1616.92
ACCT00379,8,Current,6575.5
ACCT00380,8,90DPD,9123.55
ACCT00381,8,Current,2157.32
ACCT00382,8,Current,2002.45
ACCT00383,8,Current,222.76
ACCT00384,8,30DPD,553.29
ACCT00385,8,ChargeOff,11481.32
ACCT00386,8,Current,9966.96
ACCT00387,8,Current,542.14
ACCT00388,8,Current,5985.79
ACCT00389,8,Current,732.02
ACCT00390,8,Current,6115.86
ACCT00391,8,Current,8955.24
ACCT00392,8,Current,3663.08
ACCT00393,8,ChargeOff,282.08
ACCT00394,8,30DPD,7063.38
ACCT00395,8,30DPD,11711.18
ACCT00396,8,30DPD,2307.44
ACCT00397,8,Current,2080.35
ACCT00398,8,30DPD,1520.16
ACCT00399,8,Current,6097.2
ACCT00400,8,Current,7256.87
ACCT00401,8,Current,7517.46
ACCT00402,8,60DPD,7309.72
ACCT00403,8,60DPD,11724.1
ACCT00404,8,ChargeOff,12125.44
ACCT00405,8,Current,2488.74
ACCT00406,8,Current,5577.3
ACCT00407,8,Current,3153.38
ACCT00408,8,Current,4025.96
ACCT00409,8,ChargeOff,13992.78
ACCT00410,8,Current,7482.12
ACCT00411,8,Current,8503.09
ACCT00412,8,90DPD,4124.69
ACCT00413,8,Current,5599.62
ACCT00414,8,Current,4656.95
ACCT00415,8,Current,1488.55
ACCT00416,8,Current,3190.43
ACCT00417,8,Current,6881.44
ACCT00418,8,Current,963.73
ACCT00419,8,Current,10499.08
ACCT00420,8,Current,1192.28
ACCT00421,8,Current,2176.57
ACCT00422,8,Current,7683.96
ACCT00423,8,Current,1028.3
ACCT00424,8,Current,10960.81
ACCT00425,8,Current,9957.97
ACCT00426,8,Current,942.26
ACCT00427,8,Current,8778.91
ACCT00428,8,Current,6149.43
ACCT00429,8,Current,8815.08
ACCT00430,8,Current,9131.97
ACCT00431,8,Current,8341.89
ACCT00432,8,Current,6873.06
ACCT00433,8,60DPD,3362.76
ACCT00434,8,60DPD,6764.04
ACCT00435,8,Current,8110.1
ACCT00436,8,Current,6863.64
ACCT00437,8,30DPD,7117.4
ACCT00438,8,Current,3957.43
ACCT00439,8,Current,9104.78
ACCT00440,8,90DPD,11004.97
ACCT00441,8,Current,1698.8
ACCT00442,8,Current,2520.35
ACCT00443,8,Current,4893.57
ACCT00444,8,Current,5855.28
ACCT00445,8,Current,6775.0
ACCT00446,8,ChargeOff,855.84
ACCT00447,8,Current,4145.32
ACCT00448,8,Current,5340.95
ACCT00449,8,Current,7473.91
ACCT00450,8,ChargeOff,6134.47
ACCT00451,8,Current,7460.19
ACCT00452,8,30DPD,7249.53
ACCT00453,8,90DPD,8646.25
ACCT00454,8,Current,7009.67
ACCT00455,8,Current,5804.46
ACCT00456,8,ChargeOff,9171.71
ACCT00457,8,Current,836.03
ACCT00458,8,Current,2765.49
ACCT00459,8,Current,6552.98
ACCT00460,8,Current,8245.42
ACCT00461,8,Current,8248.15
ACCT00462,8,Current,911.88
ACCT00463,8,Current,6675.21
ACCT00464,8,Current,2578.41
ACCT00465,8,Current,7484.98
ACCT00466,8,Current,9014.53
ACCT00467,8,Current,8102.67
ACCT00468,8,Current,6168.96
ACCT00469,8,Current,3832.81
ACCT00470,8,Current,4318.18
ACCT00471,8,Current,8518.08
ACCT00472,8,Current,8888.84
ACCT00473,8,Current,7122.23
ACCT00474,8,Current,4027.73
ACCT00475,8,Current,749.26
ACCT00476,8,Current,1515.22
ACCT00477,8,Current,1828.14
ACCT00478,8,Current,4192.96
ACCT00479,8,Current,10002.86
ACCT00480,8,Current,4371.86
ACCT00481,8,Current,2053.6
ACCT00482,8,Current,933.37
ACCT00483,8,Current,2944.33
ACCT00484,8,Current,10207.57
ACCT00485,8,Current,4908.73
ACCT00486,8,Current,7572.8
ACCT00487,8,Current,7509.89
ACCT00488,8,Current,1742.23
ACCT00489,8,Current,5965.89
ACCT00490,8,Current,11918.71
ACCT00491,8,Current,3511.17
ACCT00492,8,Current,631.56
ACCT00493,8,60DPD,10470.09
ACCT00494,8,Current,7846.86
ACCT00495,8,Current,5050.37
ACCT00496,8,60DPD,5852.95
ACCT00497,8,Current,1827.49
ACCT00498,8,90DPD,8905.45
ACCT00499,8,Current,6249.05
ACCT00500,8,Current,318.57
ACCT00501,8,Current,6905.89
ACCT00502,8,Current,7579.06
ACCT00503,8,30DPD,8401.3
ACCT00504,8,Current,2363.01
ACCT00505,8,Current,684.5
ACCT00506,8,30DPD,13334.47
ACCT00507,8,Current,10302.37
ACCT00508,8,30DPD,4962.91
ACCT00509,8,30DPD,5123.0
ACCT00510,8,Current,4353.95
ACCT00511,8,Current,5280.59
ACCT00512,8,Current,1571.47
ACCT00513,8,Current,1277.2
ACCT00514,8,Current,3052.54
ACCT00515,8,Current,9457.45
ACCT00516,8,Current,2191.48
ACCT00517,8,Current,1967.27
ACCT00518,8,Current,4863.96
ACCT00519,8,Current,2622.51
ACCT00520,8,Current,1690.17
ACCT00521,8,90DPD,6867.04
ACCT00522,8,Current,3282.0
ACCT00523,8,90DPD,6270.65
ACCT00524,8,Current,6848.75
ACCT00525,8,Current,1733.41
ACCT00526,8,Current,7755.84
ACCT00527,8,ChargeOff,13556.85
ACCT00528,8,Current,10751.69
ACCT00529,8,ChargeOff,8209.31
ACCT00530,8,Current,5939.94
ACCT00531,8,Current,7342.22
ACCT00532,8,Current,6889.91
ACCT00533,8,Current,295.07
ACCT00534,8,Current,9212.31
ACCT00535,8,Current,5926.71
ACCT00536,8,Current,7771.91
ACCT00537,8,Current,4018.94
ACCT00538,8,Current,255.18
ACCT00539,8,Current,4781.55
ACCT00540,8,ChargeOff,7706.41
ACCT00541,8,Current,4483.36
ACCT00542,8,Current,2924.92
ACCT00543,8,ChargeOff,3897.43
ACCT00544,8,Current,5351.59
ACCT00545,8,Current,3089.32
ACCT00546,8,Current,8169.76
ACCT00547,8,90DPD,1971.35
ACCT00548,8,Current,3504.76
ACCT00549,8,Current,3717.42
ACCT00550,8,Current,4586.67
ACCT00551,8,Current,5459.46
ACCT00552,8,Current,7841.7
ACCT00553,8,ChargeOff,14629.09
ACCT00554,8,Current,3518.84
ACCT00555,8,Current,6384.28
ACCT00556,8,Current,342.95
ACCT00557,8,Current,2700.13
ACCT00558,8,Current,5137.55
ACCT00559,8,Current,372.66
ACCT00560,8,Current,6083.71
ACCT00561,8,Current,7978.23
ACCT00562,8,Current,8413.0
ACCT00563,8,Current,4785.38
ACCT00564,8,Current,4540.23
ACCT00565,8,Current,3538.61
ACCT00566,8,Current,639.68
ACCT00567,8,90DPD,1284.85
ACCT00568,8,Current,7444.23
ACCT00569,8,Current,9331.82
ACCT00570,8,ChargeOff,391.13
ACCT00571,8,90DPD,6706.78
ACCT00572,8,Current,5787.22
ACCT00573,8,Current,8656.2
ACCT00574,8,Current,4984.25
ACCT00575,8,Current,8758.5
ACCT00576,8,Current,6686.09
ACCT00577,8,Current,8983.73
ACCT00578,8,Current,1158.74
ACCT00579,8,Current,11645.38
ACCT00580,8,Current,394.68
ACCT00581,8,Current,7779.9
ACCT00582,8,Current,1032.74
ACCT00583,8,Current,1887.45
ACCT00584,8,30DPD,225.98
ACCT00585,8,Current,5733.97
ACCT00586,8,Current,3674.09
ACCT00587,8,Current,2270.84
ACCT00588,8,Current,4962.28
ACCT00589,8,90DPD,4377.56
ACCT00590,8,Current,8696.43
ACCT00591,8,Current,7187.09
ACCT00592,8,Current,4992.14
ACCT00593,8,Current,1706.43
ACCT00594,8,Current,4213.28
ACCT00595,8,Current,10135.74
ACCT00596,8,Current,1115.23
ACCT00597,8,Current,4577.65
ACCT00598,8,ChargeOff,14149.07
ACCT00599,8,60DPD,9845.9
ACCT00600,8,ChargeOff,4338.27
ACCT00601,8,Current,6937.87
ACCT00602,8,Current,6340.93
ACCT00603,8,Current,6508.91
ACCT00604,8,ChargeOff,601.64
ACCT00605,8,Current,1233.55
ACCT00606,8,Current,5680.35
ACCT00607,8,Current,2321.25
ACCT00608,8,Current,6816.26
ACCT00609,8,Current,3247.21
ACCT00610,8,Current,10921.8
ACCT00611,8,Current,7331.03
ACCT00612,8,ChargeOff,6731.28
ACCT00613,8,Current,8628.46
ACCT00614,8,30DPD,2628.15
ACCT00615,8,Current,5382.14
ACCT00616,8,Current,2507.05
ACCT00617,8,60DPD,9449.31
ACCT00618,8,Current,8146.65
ACCT00619,8,Current,9735.4
ACCT00620,8,Current,8621.86
ACCT00621,8,Current,8507.78
ACCT00622,8,ChargeOff,3579.38
ACCT00623,8,Current,8955.91
ACCT00624,8,Current,6382.23
ACCT00625,8,ChargeOff,4735.62
ACCT00626,8,Current,6125.78
ACCT00627,8,Current,3549.92
ACCT00628,8,Current,3207.34
ACCT00629,8,Current,2215.6
ACCT00630,8,Current,954.56
ACCT00631,8,Current,4501.35
ACCT00632,8,Current,10541.95
ACCT00633,8,Current,6828.7
ACCT00634,8,Current,6191.6
ACCT00635,8,Current,5869.12
ACCT00636,8,Current,4019.17
ACCT00637,8,Current,2052.51
ACCT00638,8,Current,10118.1
ACCT00639,8,Current,2342.86
ACCT00640,8,ChargeOff,9620.32
ACCT00641,8,Current,6323.47
ACCT00642,8,Current,6294.4
ACCT00643,8,Current,9581.38
ACCT00644,8,ChargeOff,3876.11
ACCT00645,8,Current,8373.45
ACCT00646,8,Current,7065.35
ACCT00647,8,Current,6687.7
ACCT00648,8,Current,6994.66
ACCT00649,8,Current,7690.05
ACCT00650,8,Current,11291.99
ACCT00651,8,30DPD,3842.45
ACCT00652,8,Current,9850.49
ACCT00653,8,ChargeOff,8957.2
ACCT00654,8,Current,6024.22
ACCT00655,8,Current,12982.1
ACCT00656,8,Current,4516.67
ACCT00657,8,30DPD,6535.43
ACCT00658,8,Current,1137.23
ACCT00659,8,Current,1869.5
ACCT00660,8,Current,8943.54
ACCT00661,8,Current,5461.41
ACCT00662,8,30DPD,5836.91
ACCT00663,8,Current,2273.2
ACCT00664,8,Current,5452.72
ACCT00665,8,Current,10567.06
ACCT00666,8,Current,8640.05
ACCT00667,8,ChargeOff,1237.69
ACCT00668,8,30DPD,5990.09
ACCT00669,8,Current,3941.66
ACCT00670,8,Current,6431.36
ACCT00671,8,Current,4196.66
ACCT00672,8,ChargeOff,6099.94
ACCT00673,8,Current,6179.58
ACCT00674,8,Current,7431.77
ACCT00675,8,60DPD,7152.16
ACCT00676,8,30DPD,4029.51
ACCT00677,8,Current,5865.26
ACCT00678,8,Current,6433.82
ACCT00679,8,Current,3710.5
ACCT00680,8,Current,8361.54
ACCT00681,8,Current,7637.08
ACCT00682,8,Current,1482.49
ACCT00683,8,Current,7938.66
ACCT00684,8,Current,3813.51
ACCT00685,8,Current,8211.41
ACCT00686,8,Current,1800.69
ACCT00687,8,Current,7608.13
ACCT00688,8,Current,3095.08
ACCT00689,8,Current,5746.34
ACCT00690,8,Current,9815.03
ACCT00691,8,60DPD,3856.46
ACCT00692,8,Current,11467.2
ACCT00693,8,Current,10804.07
ACCT00694,8,Current,10160.85
ACCT00695,8,Current,1591.9
ACCT00696,8,Current,9895.21
ACCT00697,8,Current,368.64
ACCT00698,8,Current,4969.42
ACCT00699,8,Current,7310.97
ACCT00700,8,Current,7456.1
ACCT00701,8,Current,5648.84
ACCT00702,8,Current,5119.42
ACCT00703,8,Current,9832.84
ACCT00704,8,Current,6218.45
ACCT00705,8,Current,4034.63
ACCT00706,8,Current,8909.16
ACCT00707,8,Current,1951.57
ACCT00708,8,Current,2210.47
ACCT00709,8,Current,6390.17
ACCT00710,8,ChargeOff,14585.52
ACCT00711,8,30DPD,1743.74
ACCT00712,8,Current,3090.15
ACCT00713,8,Current,1570.44
ACCT00714,8,Current,7999.76
ACCT00715,8,Current,2175.03
ACCT00716,8,Current,4653.19
ACCT00717,8,Current,12810.66
ACCT00718,8,Current,244.96
ACCT00719,8,Current,7603.63
ACCT00720,8,Current,4092.97
ACCT00721,8,Current,9834.2
ACCT00722,8,Current,3351.29
ACCT00723,8,90DPD,4547.78
ACCT00724,8,Current,1990.11
ACCT00725,8,Current,10441.87
ACCT00726,8,Current,7571.55
ACCT00727,8,Current,1881.48
ACCT00728,8,Current,4830.89
ACCT00729,8,30DPD,8452.49
ACCT00730,8,Current,142.76
ACCT00731,8,Current,2438.64
ACCT00732,8,Current,6926.13
ACCT00733,8,Current,3640.68
ACCT00734,8,60DPD,2212.73
ACCT00735,8,Current,5734.59
ACCT00736,8,Current,2088.9
ACCT00737,8,Current,4534.28
ACCT00738,8,Current,7835.6
ACCT00739,8,Current,7559.8
ACCT00740,8,Current,927.36
ACCT00741,8,Current,8674.78
ACCT00742,8,Current,2139.6
ACCT00743,8,Current,7058.68
ACCT00744,8,Current,4293.48
ACCT00745,8,Current,9201.23
ACCT00746,8,ChargeOff,2448.81
ACCT00747,8,Current,2187.02
ACCT00748,8,Current,6078.62
ACCT00749,8,Current,441.67
ACCT00750,8,Current,2539.49
ACCT00751,8,Current,6990.79
ACCT00752,8,Current,11193.44
ACCT00753,8,Current,937.11
ACCT00754,8,Current,9321.08
ACCT00755,8,60DPD,6776.43
ACCT00756,8,Current,7365.85
ACCT00757,8,Current,5095.54
ACCT00758,8,Current,5989.15
ACCT00759,8,Current,3872.18
ACCT00760,8,Current,7301.64
ACCT00761,8,Current,7919.66
ACCT00762,8,ChargeOff,1088.13
ACCT00763,8,Current,3343.73
ACCT00764,8,ChargeOff,1127.35
ACCT00765,8,30DPD,9649.8
ACCT00766,8,Current,3835.12
ACCT00767,8,Current,8142.0
ACCT00768,8,Current,8852.31
ACCT00769,8,Current,11207.4
ACCT00770,8,Current,2012.07
ACCT00771,8,Current,11402.87
ACCT00772,8,Current,7700.04
ACCT00773,8,Current,734.32
ACCT00774,8,Current,6178.92
ACCT00775,8,Current,4236.66
ACCT00776,8,Current,6972.18
ACCT00777,8,Current,4576.3
ACCT00778,8,Current,2981.61
ACCT00779,8,30DPD,1384.03
ACCT00780,8,ChargeOff,1311.62
ACCT00781,8,Current,1104.97
ACCT00782,8,Current,8774.08
ACCT00783,8,Current,4063.35
ACCT00784,8,ChargeOff,3406.17
ACCT00785,8,Current,6644.64
ACCT00786,8,Current,7631.97
ACCT00787,8,Current,5896.78
ACCT00788,8,Current,8841.87
ACCT00789,8,Current,3087.16
ACCT00790,8,Current,9844.85
ACCT00791,8,Current,1092.49
ACCT00792,8,Current,6540.74
ACCT00793,8,Current,9435.55
ACCT00794,8,Current,9906.44
ACCT00795,8,30DPD,6785.88
ACCT00796,8,Current,7850.76
ACCT00797,8,Current,3537.07
ACCT00798,8,Current,8212.36
ACCT00799,8,Current,7928.97
ACCT00800,8,Current,8303.86
ACCT00801,8,30DPD,6134.94
ACCT00802,8,Current,785.12
ACCT00803,8,Current,5204.94
ACCT00804,8,Current,1393.55
ACCT00805,8,Current,3635.19
ACCT00806,8,Current,3975.16
ACCT00807,8,60DPD,6509.16
ACCT00808,8,Current,1951.34
ACCT00809,8,ChargeOff,2653.14
ACCT00810,8,Current,582.75
ACCT00811,8,Current,9512.27
ACCT00812,8,ChargeOff,10463.88
ACCT00813,8,Current,509.06
ACCT00814,8,Current,475.35
ACCT00815,8,Current,5551.8
ACCT00816,8,Current,2432.38
ACCT00817,8,30DPD,6569.89
ACCT00818,8,ChargeOff,3364.82
ACCT00819,8,Current,12681.61
ACCT00820,8,Current,3117.2
ACCT00821,8,Current,7967.79
ACCT00822,8,Current,794.46
ACCT00823,8,Current,12016.02
ACCT00824,8,Current,7807.66
ACCT00825,8,Current,7890.43
ACCT00826,8,Current,5675.2
ACCT00827,8,Current,2087.9
ACCT00828,8,Current,11236.76
ACCT00829,8,Current,5893.57
ACCT00830,8,ChargeOff,2248.29
ACCT00831,8,Current,5637.73
ACCT00832,8,Current,5032.21
ACCT00833,8,Current,7531.19
ACCT00834,8,Current,5590.65
ACCT00835,8,Current,5919.51
ACCT00836,8,Current,6913.35
ACCT00837,8,ChargeOff,3829.15
ACCT00838,8,Current,3787.52
ACCT00839,8,60DPD,651.16
ACCT00840,8,Current,7684.17
ACCT00841,8,Current,5677.9
ACCT00842,8,Current,4329.5
ACCT00843,8,Current,2316.67
ACCT00844,8,Current,2415.09
ACCT00845,8,Current,7082.74
ACCT00846,8,Current,2925.26
ACCT00847,8,Current,919.74
ACCT00848,8,Current,8313.69
ACCT00849,8,30DPD,4090.11
ACCT00850,8,Current,4154.59
ACCT00851,8,Current,5117.03
ACCT00852,8,Current,13081.23
ACCT00853,8,Current,2282.96
ACCT00854,8,Current,8308.78
ACCT00855,8,Current,7033.58
ACCT00856,8,Current,9324.81
ACCT00857,8,Current,4512.54
ACCT00858,8,Current,7113.23
ACCT00859,8,30DPD,3364.74
ACCT00860,8,Current,4867.79
ACCT00861,8,30DPD,7735.19
ACCT00862,8,Current,3215.48
ACCT00863,8,Current,1328.63
ACCT00864,8,Current,4246.68
ACCT00865,8,Current,1401.84
ACCT00866,8,Current,4247.33
ACCT00867,8,Current,5527.0
ACCT00868,8,Current,9899.07
ACCT00869,8,ChargeOff,396.92
ACCT00870,8,Current,6506.2
ACCT00871,8,Current,3680.17
ACCT00872,8,ChargeOff,338.81
ACCT00873,8,Current,3480.01
ACCT00874,8,Current,1469.37
ACCT00875,8,Current,2338.82
ACCT00876,8,Current,3038.21
ACCT00877,8,Current,3895.26
ACCT00878,8,Current,6612.95
ACCT00879,8,Current,159.39
ACCT00880,8,Current,1556.99
ACCT00881,8,90DPD,1258.36
ACCT00882,8,ChargeOff,8807.6
ACCT00883,8,Current,3646.61
ACCT00884,8,Current,7238.38
ACCT00885,8,Current,2643.64
ACCT00886,8,Current,471.8
ACCT00887,8,Current,10159.59
ACCT00888,8,60DPD,1441.72
ACCT00889,8,Current,1302.52
ACCT00890,8,Current,1885.54
ACCT00891,8,60DPD,12323.31
ACCT00892,8,90DPD,6637.67
ACCT00893,8,Current,6802.78
ACCT00894,8,Current,8400.12
ACCT00895,8,Current,903.06
ACCT00896,8,Current,10100.72
ACCT00897,8,30DPD,1682.69
ACCT00898,8,Current,5859.75
ACCT00899,8,Current,4877.25
ACCT00900,8,Current,3684.06
ACCT00901,8,Current,9945.83
ACCT00902,8,Current,1655.63
ACCT00903,8,Current,9393.59
ACCT00904,8,Current,3138.75
ACCT00905,8,Current,5368.89
ACCT00906,8,Current,10464.8
ACCT00907,8,30DPD,808.78
ACCT00908,8,Current,8565.61
ACCT00909,8,Current,5459.89
ACCT00910,8,Current,7763.26
ACCT00911,8,Current,1476.86
ACCT00912,8,30DPD,5940.77
ACCT00913,8,ChargeOff,8794.7
ACCT00914,8,ChargeOff,6952.46
ACCT00915,8,ChargeOff,2102.5
ACCT00916,8,Current,2821.53
ACCT00917,8,Current,9102.48
ACCT00918,8,Current,384.96
ACCT00919,8,60DPD,6918.95
ACCT00920,8,Current,9471.0
ACCT00921,8,Current,192.5
ACCT00922,8,Current,1690.16
ACCT00923,8,30DPD,7402.89
ACCT00924,8,Current,584.41
ACCT00925,8,Current,5537.82
ACCT00926,8,Current,6716.41
ACCT00927,8,Current,5643.03
ACCT00928,8,Current,3105.76
ACCT00929,8,Current,6910.18
ACCT00930,8,Current,6771.11
ACCT00931,8,Current,2735.97
ACCT00932,8,60DPD,5699.41
ACCT00933,8,Current,7510.08
ACCT00934,8,Current,8456.82
ACCT00935,8,Current,5515.01
ACCT00936,8,Current,3479.03
ACCT00937,8,Current,1124.81
ACCT00938,8,Current,2415.54
ACCT00939,8,Current,281.13
ACCT00940,8,Current,12110.42
ACCT00941,8,Current,3013.8
ACCT00942,8,Current,7717.38
ACCT00943,8,Current,2154.93
ACCT00944,8,Current,3390.7
ACCT00945,8,Current,4795.39
ACCT00946,8,Current,3501.11
ACCT00947,8,30DPD,9207.08
ACCT00948,8,Current,9560.88
ACCT00949,8,Current,9667.49
ACCT00950,8,Current,1565.3
ACCT00951,8,Current,6269.87
ACCT00952,8,Current,1796.35
ACCT00953,8,Current,9669.37
ACCT00954,8,Current,5589.41
ACCT00955,8,Current,2890.49
ACCT00956,8,Current,1618.56
ACCT00957,8,Current,228.23
ACCT00958,8,Current,2932.82
ACCT00959,8,Current,7295.0
ACCT00960,8,Current,7465.6
ACCT00961,8,Current,9620.44
ACCT00962,8,90DPD,1053.99
ACCT00963,8,Current,6568.8
ACCT00964,8,Current,3596.98
ACCT00965,8,Current,5030.34
ACCT00966,8,Current,3057.81
ACCT00967,8,Current,2916.51
ACCT00968,8,Current,5332.33
ACCT00969,8,30DPD,2321.59
ACCT00970,8,Current,4135.82
ACCT00971,8,Current,7131.55
ACCT00972,8,Current,1701.67
ACCT00973,8,Current,11084.46
ACCT00974,8,Current,5015.2
ACCT00975,8,60DPD,10475.88
ACCT00976,8,90DPD,7285.7
ACCT00977,8,Current,7296.36
ACCT00978,8,Current,8676.12
ACCT00979,8,Current,9569.41
ACCT00980,8,ChargeOff,9281.36
ACCT00981,8,Current,2778.15
ACCT00982,8,Current,1230.99
ACCT00983,8,Current,5415.07
ACCT00984,8,Current,775.08
ACCT00985,8,Current,2503.39
ACCT00986,8,Current,708.69
ACCT00987,8,30DPD,4901.04
ACCT00988,8,Current,2217.29
ACCT00989,8,Current,7760.25
ACCT00990,8,Current,6997.81
ACCT00991,8,Current,11920.11
ACCT00992,8,Current,3775.64
ACCT00993,8,Current,6986.15
ACCT00994,8,90DPD,5547.69
ACCT00995,8,30DPD,5832.5
ACCT00996,8,ChargeOff,7145.27
ACCT00997,8,Current,2119.89
ACCT00998,8,ChargeOff,14692.8
ACCT00999,8,Current,1628.21
ACCT01000,8,Current,10466.15
ACCT01001,8,Current,5363.51
ACCT01002,8,Current,1926.16
ACCT01003,8,90DPD,8569.09
ACCT01004,8,Current,781.05
ACCT01005,8,Current,9498.52
ACCT01006,8,60DPD,6052.31
ACCT01007,8,Current,1124.96
ACCT01008,8,Current,1008.13
ACCT01009,8,Current,7872.96
ACCT01010,8,Current,3747.83
ACCT01011,8,Current,8413.23
ACCT01012,8,Current,11128.68
ACCT01013,8,ChargeOff,9392.98
ACCT01014,8,Current,3806.67
ACCT01015,8,Current,8089.95
ACCT01016,8,Current,9194.51
ACCT01017,8,Current,1236.18
ACCT01018,8,Current,4050.78
ACCT01019,8,Current,2787.69
ACCT01020,8,Current,4718.65
ACCT01021,8,Current,8643.71
ACCT01022,8,ChargeOff,7218.79
ACCT01023,8,Current,5542.09
ACCT01024,8,60DPD,2930.01
ACCT01025,8,60DPD,1755.29
ACCT01026,8,30DPD,2971.11
ACCT01027,8,Current,8993.18
ACCT01028,8,Current,4781.5
ACCT01029,8,Current,3616.78
ACCT01030,8,Current,8512.69
ACCT01031,8,Current,907.01
ACCT01032,8,Current,2695.9
ACCT01033,8,30DPD,2983.6
ACCT01034,8,Current,10134.34
ACCT01035,8,Current,7010.13
ACCT01036,8,Current,7728.34
ACCT01037,8,Current,169.41
ACCT01038,8,90DPD,2763.63
ACCT01039,8,Current,8801.74
ACCT01040,8,Current,3458.19
ACCT01041,8,60DPD,12228.58
ACCT01042,8,30DPD,7509.73
ACCT01043,8,Current,4111.14
ACCT01044,8,Current,6788.87
ACCT01045,8,ChargeOff,11628.21
ACCT01046,8,Current,3828.76
ACCT01047,8,Current,7292.66
ACCT01048,8,Current,11773.14
ACCT01049,8,Current,2795.69
ACCT01050,8,Current,9439.86
ACCT01051,8,Current,1063.76
ACCT01052,8,Current,8781.78
ACCT01053,8,30DPD,7414.85
ACCT01054,8,Current,7629.01
ACCT01055,8,Current,3459.83
ACCT01056,8,90DPD,6670.74
ACCT01057,8,ChargeOff,1970.99
ACCT01058,8,Current,1821.9
ACCT01059,8,Current,2689.59
ACCT01060,8,ChargeOff,7967.52
ACCT01061,8,Current,4052.07
ACCT01062,8,Current,3396.8
ACCT01063,8,ChargeOff,12827.31
ACCT01064,8,Current,3159.13
ACCT01065,8,60DPD,4676.58
ACCT01066,8,Current,4975.09
ACCT01067,8,Current,2625.99
ACCT01068,8,Current,5504.48
ACCT01069,8,Current,3887.31
ACCT01070,8,30DPD,354.1
ACCT01071,8,Current,10529.26
ACCT01072,8,Current,9273.34
ACCT01073,8,Current,8571.14
ACCT01074,8,Current,10633.56
ACCT01075,8,Current,9032.44
ACCT01076,8,Current,3613.19
ACCT01077,8,Current,7109.39
ACCT01078,8,Current,9712.21
ACCT01079,8,Current,3689.78
ACCT01080,8,ChargeOff,2514.16
ACCT01081,8,Current,1337.35
ACCT01082,8,ChargeOff,9206.12
ACCT01083,8,60DPD,9500.09
ACCT01084,8,ChargeOff,11423.6
ACCT01085,8,Current,3329.42
ACCT01086,8,Current,2184.06
ACCT01087,8,Current,3102.21
ACCT01088,8,Current,4794.02
ACCT01089,8,Current,10619.15
ACCT01090,8,Current,10800.38
ACCT01091,8,Current,8158.39
ACCT01092,8,60DPD,10167.58
ACCT01093,8,90DPD,11173.89
ACCT01094,8,Current,4460.09
ACCT01095,8,Current,647.62
ACCT01096,8,Current,1062.04
ACCT01097,8,Current,3698.38
ACCT01098,8,Current,2913.09
ACCT01099,8,Current,1476.99
ACCT01100,8,Current,7410.69
ACCT01101,8,Current,2148.84
ACCT01102,8,Current,10210.95
ACCT01103,8,Current,6711.98
ACCT01104,8,Current,6405.0
ACCT01105,8,Current,5138.32
ACCT01106,8,Current,3533.05
ACCT01107,8,Current,7595.17
ACCT01108,8,ChargeOff,2963.04
ACCT01109,8,90DPD,10765.28
ACCT01110,8,Current,4098.58
ACCT01111,8,Current,2775.85
ACCT01112,8,Current,7266.44
ACCT01113,8,Current,9611.28
ACCT01114,8,ChargeOff,5890.53
ACCT01115,8,Current,5419.17
ACCT01116,8,Current,1583.14
ACCT01117,8,Current,7558.14
ACCT01118,8,Current,2731.26
ACCT01119,8,Current,2001.68
ACCT01120,8,Current,1435.28
ACCT01121,8,Current,3069.94
ACCT01122,8,Current,3406.45
ACCT01123,8,Current,4261.48
ACCT01124,8,Current,1889.76
ACCT01125,8,Current,2347.12
ACCT01126,8,Current,7967.58
ACCT01127,8,Current,1296.96
ACCT01128,8,30DPD,6073.18
ACCT01129,8,ChargeOff,14170.42
ACCT01130,8,ChargeOff,6516.58
ACCT01131,8,30DPD,9848.24
ACCT01132,8,30DPD,1084.16
ACCT01133,8,Current,662.06
ACCT01134,8,30DPD,8686.48
ACCT01135,8,ChargeOff,9023.75
ACCT01136,8,Current,11073.47
ACCT01137,8,Current,709.02
ACCT01138,8,Current,7195.29
ACCT01139,8,Current,5468.89
ACCT01140,8,Current,3341.8
ACCT01141,8,Current,1678.59
ACCT01142,8,30DPD,11144.39
ACCT01143,8,60DPD,815.38
ACCT01144,8,Current,7798.96
ACCT01145,8,Current,6221.82
ACCT01146,8,Current,6855.97
ACCT01147,8,Current,6780.15
ACCT01148,8,Current,7216.45
ACCT01149,8,Current,2032.05
ACCT01150,8,Current,169.13
ACCT01151,8,60DPD,4873.99
ACCT01152,8,Current,3393.94
ACCT01153,8,Current,1922.79
ACCT01154,8,Current,2139.83
ACCT01155,8,90DPD,3399.34
ACCT01156,8,30DPD,870.84
ACCT01157,8,Current,886.83
ACCT01158,8,ChargeOff,12064.28
ACCT01159,8,Current,4534.89
ACCT01160,8,Current,9080.89
ACCT01161,8,Current,8325.68
ACCT01162,8,Current,1539.05
ACCT01163,8,Current,6247.6
ACCT01164,8,Current,6533.98
ACCT01165,8,Current,7424.28
ACCT01166,8,Current,1095.31
ACCT01167,8,Current,2121.28
ACCT01168,8,Current,1088.19
ACCT01169,8,Current,5700.45
ACCT01170,8,Current,10236.9
ACCT01171,8,Current,6355.29
ACCT01172,8,Current,9527.97
ACCT01173,8,Current,12000.29
ACCT01174,8,Current,6467.6
ACCT01175,8,Current,544.4
ACCT01176,8,30DPD,7841.54
ACCT01177,8,Current,4825.39
ACCT01178,8,Current,208.05
ACCT01179,8,Current,5776.92
ACCT01180,8,Current,7867.09
ACCT01181,8,Current,3172.48
ACCT01182,8,Current,4658.97
ACCT01183,8,60DPD,1797.29
ACCT01184,8,Current,835.53
ACCT01185,8,Current,910.01
ACCT01186,8,Current,8997.28
ACCT01187,8,ChargeOff,12988.3
ACCT01188,8,Current,1614.56
ACCT01189,8,90DPD,3932.82
ACCT01190,8,Current,2363.01
ACCT01191,8,Current,474.94
ACCT01192,8,Current,5755.35
ACCT01193,8,ChargeOff,9247.54
ACCT01194,8,Current,5470.89
ACCT01195,8,Current,4453.26
ACCT01196,8,30DPD,7281.07
ACCT01197,8,Current,933.57
ACCT01198,8,ChargeOff,2054.12
ACCT01199,8,Current,9306.59
ACCT01200,8,Current,7785.21
ACCT01201,8,Current,9324.71
ACCT01202,8,Current,10320.66
ACCT01203,8,Current,6628.65
ACCT01204,8,Current,8620.76
ACCT01205,8,Current,4020.11
ACCT01206,8,ChargeOff,221.85
ACCT01207,8,Current,880.81
ACCT01208,8,30DPD,1096.26
ACCT01209,8,Current,1078.64
ACCT01210,8,Current,3175.19
ACCT01211,8,Current,6454.1
ACCT01212,8,Current,8958.87
ACCT01213,8,Current,6925.46
ACCT01214,8,Current,1400.74
ACCT01215,8,Current,5310.87
ACCT01216,8,Current,3584.55
ACCT01217,8,Current,249.48
ACCT01218,8,Current,3860.56
ACCT01219,8,Current,3084.3
ACCT01220,8,Current,2963.13
ACCT01221,8,Current,8460.81
ACCT01222,8,Current,7098.68
ACCT01223,8,Current,6929.45
ACCT01224,8,Current,1106.74
ACCT01225,8,Current,8745.27
ACCT01226,8,90DPD,6289.69
ACCT01227,8,60DPD,1813.57
ACCT01228,8,Current,8011.04
ACCT01229,8,Current,3864.42
ACCT01230,8,Current,4564.25
ACCT01231,8,Current,1513.49
ACCT01232,8,30DPD,5809.98
ACCT01233,8,Current,1448.8
ACCT01234,8,Current,1753.22
ACCT01235,8,Current,1431.06
ACCT01236,8,Current,8317.4
ACCT01237,8,60DPD,3049.27
ACCT01238,8,Current,3071.16
ACCT01239,8,Current,4012.28
ACCT01240,8,Current,7955.96
ACCT01241,8,Current,5866.7
ACCT01242,8,Current,10336.34
ACCT01243,8,Current,3159.97
ACCT01244,8,Current,1558.87
ACCT01245,8,Current,5684.2
ACCT01246,8,Current,2819.52
ACCT01247,8,Current,9717.14
ACCT01248,8,Current,8837.56
ACCT01249,8,Current,4202.62
ACCT01250,8,Current,7698.76
ACCT01251,8,Current,3896.72
ACCT01252,8,Current,3249.77
ACCT01253,8,Current,4708.05
ACCT01254,8,Current,588.15
ACCT01255,8,Current,7298.24
ACCT01256,8,Current,1858.02
ACCT01257,8,Current,2655.88
ACCT01258,8,30DPD,5240.82
ACCT01259,8,ChargeOff,836.03
ACCT01260,8,30DPD,851.58
ACCT01261,8,Current,6885.34
ACCT01262,8,30DPD,804.05
ACCT01263,8,60DPD,4687.43
ACCT01264,8,30DPD,3582.77
ACCT01265,8,Current,2551.19
ACCT01266,8,Current,2335.99
ACCT01267,8,ChargeOff,10307.24
ACCT01268,8,Current,9287.96
ACCT01269,8,Current,1692.91
ACCT01270,8,ChargeOff,13013.99
ACCT01271,8,Current,4816.87
ACCT01272,8,Current,6715.87
ACCT01273,8,30DPD,6903.42
ACCT01274,8,Current,5456.42
ACCT01275,8,Current,9086.01
ACCT01276,8,Current,5931.29
ACCT01277,8,Current,5002.09
ACCT01278,8,Current,3494.11
ACCT01279,8,Current,1063.52
ACCT01280,8,Current,7144.86
ACCT01281,8,Current,570.35
ACCT01282,8,Current,3165.67
ACCT01283,8,60DPD,1473.55
ACCT01284,8,Current,1917.55
ACCT01285,8,Current,6487.02
ACCT01286,8,Current,10748.56
ACCT01287,8,Current,4209.18
ACCT01288,8,Current,1089.0
ACCT01289,8,Current,4606.2
ACCT01290,8,Current,4077.45
ACCT01291,8,Current,8631.15
ACCT01292,8,Current,5096.08
ACCT01293,8,Current,5199.97
ACCT01294,8,Current,4836.24
ACCT01295,8,Current,11938.24
ACCT01296,8,Current,7006.97
ACCT01297,8,Current,6722.97
ACCT01298,8,Current,5522.15
ACCT01299,8,Current,354.77
ACCT01300,8,Current,9555.02
ACCT01301,8,Current,3968.77
ACCT01302,8,ChargeOff,3677.85
ACCT01303,8,Current,14459.39
ACCT01304,8,60DPD,6019.4
ACCT01305,8,Current,517.46
ACCT01306,8,Current,971.6
ACCT01307,8,Current,397.1
ACCT01308,8,Current,5780.72
ACCT01309,8,ChargeOff,1180.37
ACCT01310,8,Current,8920.96
ACCT01311,8,Current,10196.64
ACCT01312,8,Current,5407.46
ACCT01313,8,Current,5865.11
ACCT01314,8,Current,3182.27
ACCT01315,8,Current,855.74
ACCT01316,8,60DPD,6985.5
ACCT01317,8,ChargeOff,1343.65
ACCT01318,8,Current,1211.08
ACCT01319,8,Current,3352.22
ACCT01320,8,30DPD,251.97
ACCT01321,8,30DPD,4310.0
ACCT01322,8,Current,7155.82
ACCT01323,8,Current,6334.56
ACCT01324,8,Current,5603.65
ACCT01325,8,30DPD,9107.51
ACCT01326,8,Current,5082.75
ACCT01327,8,Current,12592.38
ACCT01328,8,Current,6524.14
ACCT01329,8,Current,2340.78
ACCT01330,8,Current,10435.51
ACCT01331,8,Current,2802.38
ACCT01332,8,60DPD,428.37
ACCT01333,8,Current,2610.65
ACCT01334,8,ChargeOff,5228.97
ACCT01335,8,Current,3245.77
ACCT01336,8,Current,6270.68
ACCT01337,8,60DPD,11231.63
ACCT01338,8,ChargeOff,4347.88
ACCT01339,8,Current,4886.98
ACCT01340,8,Current,3256.99
ACCT01341,8,Current,9616.6
ACCT01342,8,Current,1824.98
ACCT01343,8,Current,1197.86
ACCT01344,8,ChargeOff,7644.33
ACCT01345,8,Current,6519.37
ACCT01346,8,Current,10266.53
ACCT01347,8,Current,6726.13
ACCT01348,8,Current,8942.88
ACCT01349,8,Current,3597.51
ACCT01350,8,Current,381.04
ACCT01351,8,Current,1300.19
ACCT01352,8,Current,699.09
ACCT01353,8,Current,3950.46
ACCT01354,8,Current,5736.14
ACCT01355,8,Current,3589.07
ACCT01356,8,ChargeOff,8020.12
ACCT01357,8,Current,4706.72
ACCT01358,8,Current,7507.92
ACCT01359,8,ChargeOff,9843.47
ACCT01360,8,Current,2935.89
ACCT01361,8,Current,3985.38
ACCT01362,8,Current,8312.24
ACCT01363,8,Current,6196.21
ACCT01364,8,Current,2995.66
ACCT01365,8,Current,4467.24
ACCT01366,8,Current,7322.13
ACCT01367,8,Current,5461.56
ACCT01368,8,60DPD,1478.67
ACCT01369,8,30DPD,3960.3
ACCT01370,8,Current,10214.8
ACCT01371,8,ChargeOff,685.95
ACCT01372,8,Current,9864.17
ACCT01373,8,Current,1839.12
ACCT01374,8,Current,5886.57
ACCT01375,8,Current,4676.79
ACCT01376,8,Current,232.24
ACCT01377,8,Current,9015.01
ACCT01378,8,Current,6592.83
ACCT01379,8,Current,12609.1
ACCT01380,8,Current,3001.0
ACCT01381,8,Current,11821.72
ACCT01382,8,Current,8083.17
ACCT01383,8,ChargeOff,8441.12
ACCT01384,8,Current,2222.38
ACCT01385,8,Current,6767.06
ACCT01386,8,30DPD,5695.45
ACCT01387,8,30DPD,12012.29
ACCT01388,8,Current,4412.0
ACCT01389,8,Current,2920.42
ACCT01390,8,Current,1767.48
ACCT01391,8,30DPD,6707.17
ACCT01392,8,30DPD,9696.16
ACCT01393,8,Current,446.29
ACCT01394,8,Current,7824.94
ACCT01395,8,Current,7889.25
ACCT01396,8,Current,900.34
ACCT01397,8,60DPD,1466.05
ACCT01398,8,Current,7011.62
ACCT01399,8,Current,7670.91
ACCT01400,8,30DPD,721.71
ACCT01401,8,Current,9646.3
ACCT01402,8,ChargeOff,6899.33
ACCT01403,8,Current,12311.91
ACCT01404,8,Current,8413.69
ACCT01405,8,Current,10187.04
ACCT01406,8,30DPD,6126.92
ACCT01407,8,Current,3338.46
ACCT01408,8,Current,5833.53
ACCT01409,8,Current,1096.82
ACCT01410,8,Current,8636.17
ACCT01411,8,ChargeOff,2192.77
ACCT01412,8,Current,4659.97
ACCT01413,8,Current,710.22
ACCT01414,8,Current,3333.76
ACCT01415,8,Current,2512.76
ACCT01416,8,Current,5892.9
ACCT01417,8,ChargeOff,8625.86
ACCT01418,8,Current,613.12
ACCT01419,8,Current,11457.59
ACCT01420,8,Current,10369.62
ACCT01421,8,Current,3313.48
ACCT01422,8,Current,5665.52
ACCT01423,8,Current,5807.6
ACCT01424,8,Current,1921.33
ACCT01425,8,Current,4256.31
ACCT01426,8,Current,923.97
ACCT01427,8,90DPD,10296.76
ACCT01428,8,90DPD,11292.02
ACCT01429,8,Current,7501.87
ACCT01430,8,Current,7127.59
ACCT01431,8,Current,5250.85
ACCT01432,8,Current,10052.38
ACCT01433,8,Current,2844.59
ACCT01434,8,Current,921.01
ACCT01435,8,ChargeOff,6819.77
ACCT01436,8,Current,3256.48
ACCT01437,8,Current,3730.11
ACCT01438,8,ChargeOff,290.47
ACCT01439,8,30DPD,6459.41
ACCT01440,8,ChargeOff,2676.58
ACCT01441,8,Current,1920.31
ACCT01442,8,Current,567.86
ACCT01443,8,Current,3858.83
ACCT01444,8,Current,7804.1
ACCT01445,8,Current,4345.49
ACCT01446,8,Current,6384.39
ACCT01447,8,Current,8048.98
ACCT01448,8,Current,3334.97
ACCT01449,8,Current,8458.66
ACCT01450,8,Current,6386.12
ACCT01451,8,Current,5712.43
ACCT01452,8,Current,146.39
ACCT01453,8,Current,423.9
ACCT01454,8,60DPD,8719.46
ACCT01455,8,Current,11145.33
ACCT01456,8,Current,9374.51
ACCT01457,8,Current,9857.77
ACCT01458,8,Current,425.85
ACCT01459,8,Current,7784.47
ACCT01460,8,Current,4835.98
ACCT01461,8,Current,9279.0
ACCT01462,8,Current,227.63
ACCT01463,8,Current,3680.75
ACCT01464,8,Current,11640.04
ACCT01465,8,Current,7826.81
ACCT01466,8,Current,5091.23
ACCT01467,8,Current,3233.55
ACCT01468,8,Current,3164.42
ACCT01469,8,Current,10739.05
ACCT01470,8,ChargeOff,6304.26
ACCT01471,8,Current,3857.85
ACCT01472,8,90DPD,5656.39
ACCT01473,8,Current,4427.28
ACCT01474,8,Current,5211.01
ACCT01475,8,Current,3979.73
ACCT01476,8,Current,9061.93
ACCT01477,8,ChargeOff,13653.96
ACCT01478,8,Current,8042.77
ACCT01479,8,Current,7564.48
ACCT01480,8,Current,3974.95
ACCT01481,8,Current,7103.35
ACCT01482,8,Current,7861.33
ACCT01483,8,Current,6451.46
ACCT01484,8,Current,6428.68
ACCT01485,8,Current,7052.19
ACCT01486,8,Current,7436.36
ACCT01487,8,Current,7924.59
ACCT01488,8,Current,2206.93
ACCT01489,8,30DPD,4721.01
ACCT01490,8,Current,6955.41
ACCT01491,8,30DPD,124.81
ACCT01492,8,Current,10414.63
ACCT01493,8,Current,7465.19
ACCT01494,8,Current,1781.01
ACCT01495,8,Current,8801.14
ACCT01496,8,Current,6094.99
ACCT01497,8,Current,5709.82
ACCT01498,8,30DPD,3324.68
ACCT01499,8,Current,9870.15
ACCT01500,8,30DPD,5280.66
ACCT01501,8,ChargeOff,7451.29
ACCT01502,8,60DPD,127.56
ACCT01503,8,Current,8235.37
ACCT01504,8,90DPD,5804.83
ACCT01505,8,Current,6215.33
ACCT01506,8,30DPD,5179.54
ACCT01507,8,60DPD,7627.96
ACCT01508,8,Current,7924.55
ACCT01509,8,90DPD,3446.83
ACCT01510,8,Current,11289.56
ACCT01511,8,Current,7886.55
ACCT01512,8,Current,11813.41
ACCT01513,8,Current,9018.64
ACCT01514,8,Current,9041.44
ACCT01515,8,Current,9067.12
ACCT01516,8,Current,5102.83
ACCT01517,8,ChargeOff,2168.93
ACCT01518,8,Current,4995.12
ACCT01519,8,Current,8984.31
ACCT01520,8,Current,5785.76
ACCT01521,8,Current,10458.95
ACCT01522,8,Current,1147.35
ACCT01523,8,60DPD,3406.61
ACCT01524,8,Current,5985.07
ACCT01525,8,60DPD,4773.15
ACCT01526,8,Current,1024.33
ACCT01527,8,Current,1208.35
ACCT01528,8,Current,10612.37
ACCT01529,8,Current,4630.79
ACCT01530,8,Current,745.35
ACCT01531,8,Current,402.26
ACCT01532,8,Current,6065.06
ACCT01533,8,Current,2322.14
ACCT01534,8,Current,9256.81
ACCT01535,8,60DPD,10934.49
ACCT01536,8,ChargeOff,3137.24
ACCT01537,8,Current,5804.09
ACCT01538,8,Current,1536.37
ACCT01539,8,Current,3465.35
ACCT01540,8,30DPD,11292.71
ACCT01541,8,Current,5586.2
ACCT01542,8,Current,7461.72
ACCT01543,8,Current,2212.51
ACCT01544,8,30DPD,3247.57
ACCT01545,8,Current,5214.77
ACCT01546,8,Current,6280.08
ACCT01547,8,30DPD,12095.02
ACCT01548,8,Current,1342.2
ACCT01549,8,Current,10284.79
ACCT01550,8,Current,12555.12
ACCT01551,8,Current,5816.83
ACCT01552,8,ChargeOff,3998.71
ACCT01553,8,Current,7015.19
ACCT01554,8,60DPD,4048.69
ACCT01555,8,Current,7577.01
ACCT01556,8,ChargeOff,7338.74
ACCT01557,8,Current,9461.74
ACCT01558,8,Current,8496.75
ACCT01559,8,Current,5605.66
ACCT01560,8,ChargeOff,10723.83
ACCT01561,8,Current,5603.06
ACCT01562,8,Current,10943.0
ACCT01563,8,Current,2383.7
ACCT01564,8,Current,8071.47
ACCT01565,8,Current,9435.66
ACCT01566,8,Current,6786.74
ACCT01567,8,Current,5691.99
ACCT01568,8,60DPD,6824.59
ACCT01569,8,Current,3924.2
ACCT01570,8,Current,8448.11
ACCT01571,8,30DPD,1750.99
ACCT01572,8,Current,3676.01
ACCT01573,8,Current,4766.34
ACCT01574,8,Current,3191.33
ACCT01575,8,ChargeOff,4600.87
ACCT01576,8,Current,8750.11
ACCT01577,8,ChargeOff,2797.09
ACCT01578,8,ChargeOff,11230.16
ACCT01579,8,Current,970.35
ACCT01580,8,Current,8694.57
ACCT01581,8,Current,8305.48
ACCT01582,8,Current,4054.05
ACCT01583,8,Current,8578.56
ACCT01584,8,Current,9039.27
ACCT01585,8,Current,9657.03
ACCT01586,8,Current,4114.41
ACCT01587,8,Current,4505.82
ACCT01588,8,Current,9780.2
ACCT01589,8,Current,3171.87
ACCT01590,8,Current,7298.76
ACCT01591,8,Current,3871.19
ACCT01592,8,Current,8822.32
ACCT01593,8,30DPD,1203.33
ACCT01594,8,Current,548.07
ACCT01595,8,Current,10004.22
ACCT01596,8,Current,9296.26
ACCT01597,8,30DPD,8611.96
ACCT01598,8,Current,8584.08
ACCT01599,8,Current,3623.55
ACCT01600,8,Current,2720.31
ACCT01601,8,Current,1489.9
ACCT01602,8,Current,4176.53
ACCT01603,8,Current,2993.68
ACCT01604,8,Current,11217.8
ACCT01605,8,Current,216.57
ACCT01606,8,Current,1624.23
ACCT01607,8,Current,2164.2
ACCT01608,8,Current,2153.09
ACCT01609,8,Current,2471.6
ACCT01610,8,Current,6212.4
ACCT01611,8,Current,2743.11
ACCT01612,8,Current,7404.89
ACCT01613,8,Current,12445.56
ACCT01614,8,Current,5891.41
ACCT01615,8,Current,6758.97
ACCT01616,8,30DPD,3928.78
ACCT01617,8,Current,1457.63
ACCT01618,8,ChargeOff,4944.64
ACCT01619,8,Current,9177.39
ACCT01620,8,Current,4452.21
ACCT01621,8,Current,3537.37
ACCT01622,8,Current,4975.17
ACCT01623,8,Current,10297.9
ACCT01624,8,Current,6292.73
ACCT01625,8,Current,5048.15
ACCT01626,8,30DPD,10474.19
ACCT01627,8,Current,7673.48
ACCT01628,8,Current,6728.5
ACCT01629,8,Current,1829.11
ACCT01630,8,Current,1377.87
ACCT01631,8,Current,8320.42
ACCT01632,8,Current,5749.58
ACCT01633,8,Current,3347.63
ACCT01634,8,ChargeOff,8917.51
ACCT01635,8,Current,601.74
ACCT01636,8,Current,8863.99
ACCT01637,8,Current,1955.67
ACCT01638,8,Current,7047.29
ACCT01639,8,Current,5192.22
ACCT01640,8,Current,3969.75
ACCT01641,8,ChargeOff,468.63
ACCT01642,8,Current,7185.33
ACCT01643,8,Current,2461.86
ACCT01644,8,Current,633.91
ACCT01645,8,Current,6393.83
ACCT01646,8,Current,3638.13
ACCT01647,8,Current,3472.46
ACCT01648,8,Current,2557.58
ACCT01649,8,Current,8417.06
ACCT01650,8,Current,2506.06
ACCT01651,8,Current,2191.01
ACCT01652,8,Current,3343.24
ACCT01653,8,30DPD,2745.81
ACCT01654,8,Current,3219.73
ACCT01655,8,Current,892.37
ACCT01656,8,Current,1535.3
ACCT01657,8,Current,4045.46
ACCT01658,8,Current,10756.22
ACCT01659,8,Current,835.9
ACCT01660,8,Current,1618.45
ACCT01661,8,Current,6311.08
ACCT01662,8,Current,7829.35
ACCT01663,8,Current,8458.5
ACCT01664,8,Current,2566.59
ACCT01665,8,Current,4623.18
ACCT01666,8,Current,2126.14
ACCT01667,8,Current,1435.65
ACCT01668,8,Current,3669.49
ACCT01669,8,Current,5905.0
ACCT01670,8,30DPD,3654.0
ACCT01671,8,Current,7330.4
ACCT01672,8,Current,3104.88
ACCT01673,8,Current,3379.56
ACCT01674,8,30DPD,8791.83
ACCT01675,8,60DPD,8475.04
ACCT01676,8,Current,2739.84
ACCT01677,8,Current,6868.06
ACCT01678,8,Current,3482.15
ACCT01679,8,ChargeOff,790.93
ACCT01680,8,Current,7103.84
ACCT01681,8,60DPD,1785.98
ACCT01682,8,Current,4489.1
ACCT01683,8,Current,6096.95
ACCT01684,8,Current,2352.48
ACCT01685,8,Current,1369.33
ACCT01686,8,30DPD,4209.32
ACCT01687,8,Current,8670.16
ACCT01688,8,Current,6600.84
ACCT01689,8,ChargeOff,5496.26
ACCT01690,8,ChargeOff,598.1
ACCT01691,8,30DPD,7668.85
ACCT01692,8,Current,1123.88
ACCT01693,8,Current,5540.21
ACCT01694,8,Current,5098.36
ACCT01695,8,Current,3453.32
ACCT01696,8,Current,2880.32
ACCT01697,8,Current,757.33
ACCT01698,8,Current,313.19
ACCT01699,8,Current,5694.81
ACCT01700,8,30DPD,10364.32
ACCT01701,8,ChargeOff,3881.01
ACCT01702,8,Current,6728.12
ACCT01703,8,30DPD,6423.58
ACCT01704,8,Current,757.7
ACCT01705,8,ChargeOff,1976.75
ACCT01706,8,Current,3746.86
ACCT01707,8,Current,7102.7
ACCT01708,8,Current,4746.29
ACCT01709,8,Current,6577.91
ACCT01710,8,Current,8702.53
ACCT01711,8,Current,6956.44
ACCT01712,8,Current,13516.01
ACCT01713,8,Current,6611.29
ACCT01714,8,Current,6768.81
ACCT01715,8,Current,9340.6
ACCT01716,8,Current,7318.11
ACCT01717,8,90DPD,6792.33
ACCT01718,8,Current,7865.09
ACCT01719,8,Current,6388.71
ACCT01720,8,Current,6941.24
ACCT01721,8,Current,5577.71
ACCT01722,8,Current,7733.05
ACCT01723,8,Current,5091.11
ACCT01724,8,Current,9763.49
ACCT01725,8,ChargeOff,7213.39
ACCT01726,8,Current,9847.32
ACCT01727,8,Current,2999.02
ACCT01728,8,Current,7068.98
ACCT01729,8,Current,7923.25
ACCT01730,8,Current,8564.29
ACCT01731,8,90DPD,7906.78
ACCT01732,8,Current,5556.08
ACCT01733,8,60DPD,5433.53
ACCT01734,8,Current,1395.13
ACCT01735,8,Current,8933.78
ACCT01736,8,Current,3240.83
ACCT01737,8,30DPD,6051.48
ACCT01738,8,Current,8137.88
ACCT01739,8,60DPD,4233.15
ACCT01740,8,Current,2249.79
ACCT01741,8,30DPD,2103.51
ACCT01742,8,Current,7982.54
ACCT01743,8,30DPD,4198.97
ACCT01744,8,Current,1407.57
ACCT01745,8,Current,7022.04
ACCT01746,8,Current,2775.9
ACCT01747,8,Current,10585.37
ACCT01748,8,Current,3483.29
ACCT01749,8,30DPD,2291.84
ACCT01750,8,60DPD,926.09
ACCT01751,8,30DPD,5793.01
ACCT01752,8,Current,3463.87
ACCT01753,8,Current,7401.52
ACCT01754,8,Current,4255.26
ACCT01755,8,Current,3932.19
ACCT01756,8,Current,2781.29
ACCT01757,8,Current,4128.7
ACCT01758,8,Current,11294.07
ACCT01759,8,Current,1841.7
ACCT01760,8,90DPD,8408.08
ACCT01761,8,Current,3828.2
ACCT01762,8,Current,947.23
ACCT01763,8,Current,2934.44
ACCT01764,8,Current,985.18
ACCT01765,8,Current,5687.23
ACCT01766,8,Current,4454.67
ACCT01767,8,Current,3757.49
ACCT01768,8,Current,6927.54
ACCT01769,8,Current,7589.52
ACCT01770,8,Current,7959.56
ACCT01771,8,Current,9742.02
ACCT01772,8,Current,9931.16
ACCT01773,8,Current,9673.81
ACCT01774,8,Current,7743.87
ACCT01775,8,Current,4118.15
ACCT01776,8,Current,7404.44
ACCT01777,8,Current,804.94
ACCT01778,8,Current,7607.55
ACCT01779,8,Current,10424.83
ACCT01780,8,Current,938.07
ACCT01781,8,Current,7590.83
ACCT01782,8,Current,7664.05
ACCT01783,8,Current,2126.74
ACCT01784,8,Current,6143.14
ACCT01785,8,60DPD,8891.78
ACCT01786,8,60DPD,7642.28
ACCT01787,8,ChargeOff,1831.84
ACCT01788,8,Current,3693.19
ACCT01789,8,Current,6253.24
ACCT01790,8,Current,2472.27
ACCT01791,8,Current,3988.71
ACCT01792,8,Current,433.56
ACCT01793,8,Current,1987.19
ACCT01794,8,ChargeOff,7636.69
ACCT01795,8,Current,6570.06
ACCT01796,8,Current,7765.14
ACCT01797,8,Current,8520.84
ACCT01798,8,Current,5453.07
ACCT01799,8,Current,4016.56
ACCT01800,8,Current,315.05
ACCT01801,8,Current,2116.25
ACCT01802,8,Current,2820.27
ACCT01803,8,Current,1929.46
ACCT01804,8,Current,305.86
ACCT01805,8,Current,1558.8
ACCT01806,8,Current,7548.02
ACCT01807,8,Current,6182.91
ACCT01808,8,Current,10496.61
ACCT01809,8,Current,9460.63
ACCT01810,8,Current,5367.73
ACCT01811,8,Current,1669.4
ACCT01812,8,Current,7559.87
ACCT01813,8,Current,716.4
ACCT01814,8,Current,4656.2
ACCT01815,8,Current,4383.26
ACCT01816,8,Current,4515.59
ACCT01817,8,Current,3610.33
ACCT01818,8,30DPD,8943.18
ACCT01819,8,Current,7562.47
ACCT01820,8,Current,7723.22
ACCT01821,8,Current,9220.38
ACCT01822,8,Current,5750.37
ACCT01823,8,Current,456.84
ACCT01824,8,ChargeOff,7416.56
ACCT01825,8,Current,6456.02
ACCT01826,8,Current,2541.21
ACCT01827,8,Current,2949.5
ACCT01828,8,Current,7458.84
ACCT01829,8,Current,8608.08
ACCT01830,8,Current,5961.45
ACCT01831,8,ChargeOff,9299.43
ACCT01832,8,Current,4429.66
ACCT01833,8,Current,4533.66
ACCT01834,8,30DPD,3407.69
ACCT01835,8,Current,4587.71
ACCT01836,8,30DPD,6557.64
ACCT01837,8,Current,509.03
ACCT01838,8,Current,7154.97
ACCT01839,8,Current,2936.95
ACCT01840,8,Current,9486.1
ACCT01841,8,Current,4919.3
ACCT01842,8,Current,5313.46
ACCT01843,8,Current,6949.38
ACCT01844,8,Current,11758.71
ACCT01845,8,Current,4827.8
ACCT01846,8,Current,8404.91
ACCT01847,8,Current,6403.68
ACCT01848,8,Current,2841.4
ACCT01849,8,Current,3040.06
ACCT01850,8,Current,4817.99
ACCT01851,8,ChargeOff,3520.33
ACCT01852,8,Current,3420.41
ACCT01853,8,30DPD,3423.37
ACCT01854,8,Current,6954.91
ACCT01855,8,ChargeOff,3454.37
ACCT01856,8,Current,8584.63
ACCT01857,8,Current,4654.01
ACCT01858,8,Current,5776.18
ACCT01859,8,ChargeOff,1094.68
ACCT01860,8,Current,4876.98
ACCT01861,8,ChargeOff,617.65
ACCT01862,8,ChargeOff,10203.47
ACCT01863,8,Current,3729.37
ACCT01864,8,Current,8346.01
ACCT01865,8,Current,3325.85
ACCT01866,8,Current,4931.72
ACCT01867,8,Current,2512.26
ACCT01868,8,Current,3909.08
ACCT01869,8,Current,5144.02
ACCT01870,8,Current,3872.67
ACCT01871,8,Current,1873.72
ACCT01872,8,ChargeOff,1850.52
ACCT01873,8,ChargeOff,1985.8
ACCT01874,8,Current,11174.32
ACCT01875,8,Current,4203.95
ACCT01876,8,Current,177.11
ACCT01877,8,Current,9843.21
ACCT01878,8,Current,416.33
ACCT01879,8,60DPD,5423.38
ACCT01880,8,Current,5824.12
ACCT01881,8,Current,8475.15
ACCT01882,8,Current,7236.54
ACCT01883,8,90DPD,4517.38
ACCT01884,8,60DPD,9818.59
ACCT01885,8,Current,544.07
ACCT01886,8,Current,9574.1
ACCT01887,8,Current,8516.97
ACCT01888,8,Current,9213.61
ACCT01889,8,Current,3047.87
ACCT01890,8,Current,1751.58
ACCT01891,8,Current,5591.14
ACCT01892,8,Current,5295.09
ACCT01893,8,Current,4976.95
ACCT01894,8,Current,11775.05
ACCT01895,8,Current,8808.62
ACCT01896,8,Current,3282.14
ACCT01897,8,Current,4331.77
ACCT01898,8,Current,1805.33
ACCT01899,8,Current,1654.84
ACCT01900,8,Current,1555.66
ACCT01901,8,Current,7204.04
ACCT01902,8,60DPD,8146.59
ACCT01903,8,Current,4325.04
ACCT01904,8,Current,4986.83
ACCT01905,8,Current,5994.67
ACCT01906,8,Current,9679.85
ACCT01907,8,Current,10227.84
ACCT01908,8,Current,5190.24
ACCT01909,8,Current,8941.38
ACCT01910,8,30DPD,6135.05
ACCT01911,8,Current,6929.78
ACCT01912,8,Current,9871.44
ACCT01913,8,Current,2927.03
ACCT01914,8,30DPD,5252.4
ACCT01915,8,Current,3232.42
ACCT01916,8,Current,4911.25
ACCT01917,8,30DPD,5203.07
ACCT01918,8,Current,8105.39
ACCT01919,8,Current,5677.43
ACCT01920,8,Current,2068.38
ACCT01921,8,30DPD,9624.62
ACCT01922,8,ChargeOff,3725.39
ACCT01923,8,Current,9650.49
ACCT01924,8,60DPD,2294.36
ACCT01925,8,ChargeOff,5180.49
ACCT01926,8,Current,7234.21
ACCT01927,8,90DPD,7206.94
ACCT01928,8,Current,1752.13
ACCT01929,8,Current,8407.43
ACCT01930,8,Current,5482.56
ACCT01931,8,ChargeOff,6184.82
ACCT01932,8,Current,4963.4
ACCT01933,8,Current,637.12
ACCT01934,8,Current,6208.6
ACCT01935,8,Current,3594.91
ACCT01936,8,Current,3619.85
ACCT01937,8,Current,7314.29
ACCT01938,8,Current,4571.82
ACCT01939,8,Current,1043.79
ACCT01940,8,Current,804.4
ACCT01941,8,Current,2118.06
ACCT01942,8,Current,1882.89
ACCT01943,8,Current,6858.99
ACCT01944,8,Current,2281.18
ACCT01945,8,Current,9816.62
ACCT01946,8,Current,2094.85
ACCT01947,8,Current,1488.58
ACCT01948,8,Current,7316.69
ACCT01949,8,Current,3124.98
ACCT01950,8,Current,4766.01
ACCT01951,8,Current,9488.96
ACCT01952,8,Current,10863.8
ACCT01953,8,Current,7150.64
ACCT01954,8,Current,650.36
ACCT01955,8,ChargeOff,5850.24
ACCT01956,8,Current,10577.21
ACCT01957,8,Current,11039.43
ACCT01958,8,Current,1057.87
ACCT01959,8,Current,5052.41
ACCT01960,8,Current,2987.46
ACCT01961,8,Current,1120.68
ACCT01962,8,Current,8815.54
ACCT01963,8,Current,3080.92
ACCT01964,8,Current,4923.24
ACCT01965,8,Current,1015.55
ACCT01966,8,Current,5452.43
ACCT01967,8,Current,1919.51
ACCT01968,8,Current,3717.96
ACCT01969,8,Current,1400.8
ACCT01970,8,ChargeOff,10971.21
ACCT01971,8,ChargeOff,2478.94
ACCT01972,8,Current,6497.0
ACCT01973,8,ChargeOff,2289.37
ACCT01974,8,Current,917.79
ACCT01975,8,Current,1655.05
ACCT01976,8,Current,583.02
ACCT01977,8,ChargeOff,2091.39
ACCT01978,8,Current,4158.9
ACCT01979,8,Current,7877.19
ACCT01980,8,Current,1041.47
ACCT01981,8,90DPD,4085.51
ACCT01982,8,Current,6257.63
ACCT01983,8,Current,2144.61
ACCT01984,8,Current,3879.06
ACCT01985,8,Current,890.06
ACCT01986,8,30DPD,2287.01
ACCT01987,8,Current,5283.39
ACCT01988,8,ChargeOff,12177.85
ACCT01989,8,Current,9095.15
ACCT01990,8,Current,8956.79
ACCT01991,8,Current,3715.32
ACCT01992,8,Current,1017.64
ACCT01993,8,Current,3354.82
ACCT01994,8,Current,2597.45
ACCT01995,8,Current,268.71
ACCT01996,8,Current,1224.62
ACCT01997,8,Current,4182.19
ACCT01998,8,Current,3687.9
ACCT01999,8,Current,2210.98
ACCT00000,9,30DPD,9171.76
ACCT00001,9,Current,4142.8
ACCT00002,9,Current,8530.98
ACCT00003,9,Current,5631.31
ACCT00004,9,Current,1107.85
ACCT00005,9,Current,8752.82
ACCT00006,9,Current,5959.39
ACCT00007,9,Current,1253.35
ACCT00008,9,30DPD,1647.16
ACCT00009,9,Current,9783.05
ACCT00010,9,90DPD,478.23
ACCT00011,9,ChargeOff,4458.97
ACCT00012,9,Current,1665.55
ACCT00013,9,30DPD,3935.49
ACCT00014,9,Current,4654.24
ACCT00015,9,Current,4962.09
ACCT00016,9,Current,2941.3
ACCT00017,9,Current,438.17
ACCT00018,9,ChargeOff,6982.67
ACCT00019,9,90DPD,5511.73
ACCT00020,9,Current,7175.6
ACCT00021,9,30DPD,1374.34
ACCT00022,9,Current,251.04
ACCT00023,9,60DPD,2899.65
ACCT00024,9,Current,4689.89
ACCT00025,9,Current,3594.94
ACCT00026,9,Current,8659.84
ACCT00027,9,Current,4618.33
ACCT00028,9,Current,4730.75
ACCT00029,9,Current,7248.22
ACCT00030,9,Current,392.91
ACCT00031,9,Current,5111.98
ACCT00032,9,Current,3124.51
ACCT00033,9,Current,3738.74
ACCT00034,9,30DPD,881.88
ACCT00035,9,Current,11309.14
ACCT00036,9,Current,8933.29
ACCT00037,9,Current,465.86
ACCT00038,9,Current,5342.95
ACCT00039,9,ChargeOff,7003.0
ACCT00040,9,Current,3356.53
ACCT00041,9,Current,7175.3
ACCT00042,9,Current,7732.11
ACCT00043,9,Current,8230.38
ACCT00044,9,Current,9348.26
ACCT00045,9,Current,622.55
ACCT00046,9,Current,4215.68
ACCT00047,9,30DPD,8093.78
ACCT00048,9,Current,1416.86
ACCT00049,9,Current,4217.79
ACCT00050,9,Current,7713.71
ACCT00051,9,Current,260.85
ACCT00052,9,Current,4381.43
ACCT00053,9,Current,7629.33
ACCT00054,9,Current,3618.84
ACCT00055,9,90DPD,5906.37
ACCT00056,9,Current,8732.82
ACCT00057,9,Current,3900.43
ACCT00058,9,30DPD,1547.87
ACCT00059,9,Current,643.19
ACCT00060,9,Current,10648.17
ACCT00061,9,Current,2578.58
ACCT00062,9,60DPD,3179.87
ACCT00063,9,Current,726.91
ACCT00064,9,Current,5604.15
ACCT00065,9,30DPD,10096.73
ACCT00066,9,60DPD,4254.38
ACCT00067,9,Current,8934.77
ACCT00068,9,Current,2977.73
ACCT00069,9,Current,6034.96
ACCT00070,9,Current,7683.56
ACCT00071,9,Current,4007.2
ACCT00072,9,Current,3125.28
ACCT00073,9,Current,6573.54
ACCT00074,9,Current,3341.66
ACCT00075,9,ChargeOff,5994.58
ACCT00076,9,Current,11861.01
ACCT00077,9,Current,1578.58
ACCT00078,9,Current,3751.34
ACCT00079,9,Current,325.85
ACCT00080,9,Current,3046.65
ACCT00081,9,Current,2761.81
ACCT00082,9,Current,4568.17
ACCT00083,9,30DPD,2755.55
ACCT00084,9,Current,6604.46
ACCT00085,9,Current,2420.3
ACCT00086,9,90DPD,3254.56
ACCT00087,9,30DPD,3538.82
ACCT00088,9,Current,6749.29
ACCT00089,9,Current,3980.14
ACCT00090,9,Current,3866.37
ACCT00091,9,Current,7332.18
ACCT00092,9,Current,6597.21
ACCT00093,9,Current,2000.16
ACCT00094,9,Current,10527.16
ACCT00095,9,90DPD,3975.57
ACCT00096,9,Current,591.39
ACCT00097,9,Current,4597.67
ACCT00098,9,30DPD,1886.79
ACCT00099,9,Current,2360.72
ACCT00100,9,Current,7604.57
ACCT00101,9,Current,1722.86
ACCT00102,9,Current,8612.29
ACCT00103,9,Current,8603.64
ACCT00104,9,Current,5027.54
ACCT00105,9,Current,7167.84
ACCT00106,9,Current,6833.74
ACCT00107,9,30DPD,7308.53
ACCT00108,9,Current,3899.34
ACCT00109,9,Current,1475.84
ACCT00110,9,Current,5271.24
ACCT00111,9,Current,5395.03
ACCT00112,9,Current,2230.77
ACCT00113,9,Current,5855.69
ACCT00114,9,Current,230.58
ACCT00115,9,ChargeOff,9268.29
ACCT00116,9,Current,2906.66
ACCT00117,9,Current,441.02
ACCT00118,9,Current,1566.19
ACCT00119,9,90DPD,2940.73
ACCT00120,9,Current,2317.51
ACCT00121,9,Current,426.07
ACCT00122,9,Current,2395.44
ACCT00123,9,Current,1620.74
ACCT00124,9,Current,3712.89
ACCT00125,9,Current,2733.23
ACCT00126,9,Current,3743.89
ACCT00127,9,Current,3513.29
ACCT00128,9,Current,1301.42
ACCT00129,9,Current,377.45
ACCT00130,9,Current,1818.66
ACCT00131,9,Current,7032.41
ACCT00132,9,ChargeOff,9792.41
ACCT00133,9,Current,9562.56
ACCT00134,9,Current,5436.66
ACCT00135,9,30DPD,4978.96
ACCT00136,9,Current,3016.18
ACCT00137,9,Current,4485.44
ACCT00138,9,30DPD,8220.72
ACCT00139,9,Current,8633.65
ACCT00140,9,30DPD,10787.59
ACCT00141,9,Current,3378.49
ACCT00142,9,ChargeOff,8544.69
ACCT00143,9,Current,6429.99
ACCT00144,9,Current,3395.89
ACCT00145,9,Current,6579.41
ACCT00146,9,30DPD,1013.65
ACCT00147,9,Current,9873.15
ACCT00148,9,Current,6115.47
ACCT00149,9,Current,1087.23
ACCT00150,9,Current,8343.59
ACCT00151,9,Current,538.53
ACCT00152,9,Current,6998.56
ACCT00153,9,Current,5593.45
ACCT00154,9,Current,6202.44
ACCT00155,9,Current,8297.31
ACCT00156,9,90DPD,1320.7
ACCT00157,9,Current,2448.48
ACCT00158,9,Current,4748.17
ACCT00159,9,Current,447.19
ACCT00160,9,Current,4481.23
ACCT00161,9,Current,2156.05
ACCT00162,9,Current,3633.77
ACCT00163,9,Current,5173.78
ACCT00164,9,Current,10324.49
ACCT00165,9,Current,2412.33
ACCT00166,9,30DPD,7893.95
ACCT00167,9,Current,4339.97
ACCT00168,9,Current,2099.53
ACCT00169,9,ChargeOff,5778.82
ACCT00170,9,Current,3167.11
ACCT00171,9,Current,2537.48
ACCT00172,9,Current,5153.38
ACCT00173,9,Current,1715.84
ACCT00174,9,Current,3629.94
ACCT00175,9,60DPD,5261.27
ACCT00176,9,ChargeOff,4667.79
ACCT00177,9,ChargeOff,12393.9
ACCT00178,9,Current,2312.86
ACCT00179,9,Current,7766.63
ACCT00180,9,Current,9513.15
ACCT00181,9,Current,12061.26
ACCT00182,9,Current,8078.09
ACCT00183,9,Current,1272.87
ACCT00184,9,Current,3801.45
ACCT00185,9,Current,1951.29
ACCT00186,9,Current,10801.79
ACCT00187,9,Current,6343.83
ACCT00188,9,Current,2120.88
ACCT00189,9,Current,9568.27
ACCT00190,9,60DPD,1243.41
ACCT00191,9,Current,5401.88
ACCT00192,9,Current,4947.5
ACCT00193,9,Current,675.72
ACCT00194,9,Current,6477.5
ACCT00195,9,Current,6532.39
ACCT00196,9,Current,807.01
ACCT00197,9,Current,5415.32
ACCT00198,9,Current,1840.47
ACCT00199,9,Current,5348.88
ACCT00200,9,30DPD,1301.19
ACCT00201,9,ChargeOff,12012.76
ACCT00202,9,30DPD,8507.7
ACCT00203,9,Current,1851.35
ACCT00204,9,Current,3837.9
ACCT00205,9,Current,5093.76
ACCT00206,9,ChargeOff,7523.14
ACCT00207,9,Current,4206.09
ACCT00208,9,Current,1584.33
ACCT00209,9,Current,882.08
ACCT00210,9,Current,8824.99
ACCT00211,9,Current,4228.02
ACCT00212,9,60DPD,10144.42
ACCT00213,9,ChargeOff,3771.44
ACCT00214,9,ChargeOff,11819.79
ACCT00215,9,Current,837.86
ACCT00216,9,Current,1392.62
ACCT00217,9,Current,12787.86
ACCT00218,9,Current,9783.43
ACCT00219,9,60DPD,2265.33
ACCT00220,9,Current,4095.53
ACCT00221,9,Current,5285.21
ACCT00222,9,Current,3968.68
ACCT00223,9,Current,2285.97
ACCT00224,9,Current,10411.56
ACCT00225,9,Current,2746.52
ACCT00226,9,Current,9336.32
ACCT00227,9,Current,945.11
ACCT00228,9,Current,522.71
ACCT00229,9,Current,5979.11
ACCT00230,9,Current,3653.82
ACCT00231,9,Current,6133.79
ACCT00232,9,ChargeOff,1408.46
ACCT00233,9,Current,8385.81
ACCT00234,9,ChargeOff,10068.76
ACCT00235,9,Current,11448.56
ACCT00236,9,Current,1263.75
ACCT00237,9,Current,3300.05
ACCT00238,9,30DPD,3839.01
ACCT00239,9,Current,5763.5
ACCT00240,9,Current,2803.44
ACCT00241,9,Current,770.25
ACCT00242,9,90DPD,3648.81
ACCT00243,9,Current,2480.31
ACCT00244,9,Current,3595.69
ACCT00245,9,Current,2544.67
ACCT00246,9,90DPD,2334.41
ACCT00247,9,Current,5260.81
ACCT00248,9,Current,4672.54
ACCT00249,9,60DPD,4603.41
ACCT00250,9,Current,5352.21
ACCT00251,9,Current,9480.52
ACCT00252,9,Current,2732.85
ACCT00253,9,Current,4587.88
ACCT00254,9,Current,10580.45
ACCT00255,9,Current,4976.62
ACCT00256,9,60DPD,10569.02
ACCT00257,9,Current,7135.1
ACCT00258,9,Current,556.39
ACCT00259,9,Current,4608.85
ACCT00260,9,Current,5951.26
ACCT00261,9,30DPD,9955.99
ACCT00262,9,30DPD,5887.93
ACCT00263,9,Current,1173.76
ACCT00264,9,ChargeOff,6809.74
ACCT00265,9,30DPD,1329.54
ACCT00266,9,Current,7759.98
ACCT00267,9,Current,5226.51
ACCT00268,9,Current,7077.31
ACCT00269,9,90DPD,8251.41
ACCT00270,9,Current,5857.76
ACCT00271,9,Current,6253.43
ACCT00272,9,Current,5913.71
ACCT00273,9,Current,10389.57
ACCT00274,9,Current,9059.38
ACCT00275,9,30DPD,365.2
ACCT00276,9,Current,4182.7
ACCT00277,9,Current,2894.23
ACCT00278,9,Current,9121.39
ACCT00279,9,Current,4686.19
ACCT00280,9,Current,4202.91
ACCT00281,9,Current,1456.07
ACCT00282,9,Current,3674.09
ACCT00283,9,Current,7009.33
ACCT00284,9,Current,2443.88
ACCT00285,9,Current,1126.56
ACCT00286,9,Current,10370.77
ACCT00287,9,Current,7670.57
ACCT00288,9,Current,2039.8
ACCT00289,9,30DPD,2551.62
ACCT00290,9,Current,11746.86
ACCT00291,9,Current,9105.2
ACCT00292,9,ChargeOff,8431.7
ACCT00293,9,Current,2782.09
ACCT00294,9,Current,2986.19
ACCT00295,9,Current,668.57
ACCT00296,9,ChargeOff,7675.18
ACCT00297,9,Current,608.94
ACCT00298,9,ChargeOff,198.51
ACCT00299,9,Current,6635.0
ACCT00300,9,30DPD,9095.59
ACCT00301,9,Current,9269.63
ACCT00302,9,Current,5249.37
ACCT00303,9,Current,5422.47
ACCT00304,9,Current,3994.08
ACCT00305,9,ChargeOff,4644.82
ACCT00306,9,Current,4996.44
ACCT00307,9,90DPD,2892.58
ACCT00308,9,Current,4143.17
ACCT00309,9,Current,7521.05
ACCT00310,9,Current,10080.78
ACCT00311,9,Current,1195.77
ACCT00312,9,30DPD,3080.67
ACCT00313,9,ChargeOff,1775.39
ACCT00314,9,30DPD,3967.06
ACCT00315,9,Current,2763.77
ACCT00316,9,Current,1585.88
ACCT00317,9,Current,7708.9
ACCT00318,9,Current,3949.04
ACCT00319,9,ChargeOff,10824.36
ACCT00320,9,Current,422.46
ACCT00321,9,90DPD,838.82
ACCT00322,9,Current,3299.64
ACCT00323,9,Current,769.25
ACCT00324,9,90DPD,2706.3
ACCT00325,9,30DPD,14811.33
ACCT00326,9,ChargeOff,2097.33
ACCT00327,9,Current,2093.79
ACCT00328,9,Current,5381.69
ACCT00329,9,60DPD,6465.32
ACCT00330,9,Current,5528.64
ACCT00331,9,Current,3076.45
ACCT00332,9,Current,6660.47
ACCT00333,9,Current,1716.44
ACCT00334,9,90DPD,5353.56
ACCT00335,9,Current,5666.25
ACCT00336,9,Current,6160.16
ACCT00337,9,Current,3489.99
ACCT00338,9,Current,6468.46
ACCT00339,9,Current,872.82
ACCT00340,9,90DPD,1357.57
ACCT00341,9,Current,741.46
ACCT00342,9,ChargeOff,6628.89
ACCT00343,9,Current,3448.25
ACCT00344,9,Current,7200.79
ACCT00345,9,Current,918.88
ACCT00346,9,60DPD,9917.03
ACCT00347,9,ChargeOff,10703.54
ACCT00348,9,Current,1155.19
ACCT00349,9,Current,346.88
ACCT00350,9,60DPD,963.48
ACCT00351,9,30DPD,6094.8
ACCT00352,9,Current,2180.8
ACCT00353,9,Current,6038.06
ACCT00354,9,Current,3608.89
ACCT00355,9,Current,9000.4
ACCT00356,9,Current,4500.13
ACCT00357,9,Current,4577.52
ACCT00358,9,Current,11301.62
ACCT00359,9,Current,1407.75
ACCT00360,9,Current,10008.16
ACCT00361,9,Current,515.67
ACCT00362,9,Current,5381.7
ACCT00363,9,Current,8413.14
ACCT00364,9,Current,6219.99
ACCT00365,9,Current,5755.74
ACCT00366,9,Current,3089.36
ACCT00367,9,Current,5071.81
ACCT00368,9,ChargeOff,3949.92
ACCT00369,9,Current,4821.29
ACCT00370,9,30DPD,4891.68
ACCT00371,9,Current,2760.78
ACCT00372,9,Current,2668.57
ACCT00373,9,Current,1882.05
ACCT00374,9,Current,4200.85
ACCT00375,9,Current,1703.25
ACCT00376,9,Current,7653.49
ACCT00377,9,Current,6842.29
ACCT00378,9,Current,1650.82
ACCT00379,9,Current,6264.1
ACCT00380,9,ChargeOff,9123.55
ACCT00381,9,Current,2082.31
ACCT00382,9,Current,1745.69
ACCT00383,9,Current,216.61
ACCT00384,9,Current,484.05
ACCT00385,9,ChargeOff,11481.32
ACCT00386,9,Current,10257.54
ACCT00387,9,Current,503.77
ACCT00388,9,Current,5837.18
ACCT00389,9,Current,673.23
ACCT00390,9,Current,6055.55
ACCT00391,9,Current,8588.52
ACCT00392,9,Current,3355.33
ACCT00393,9,ChargeOff,282.08
ACCT00394,9,Current,7078.59
ACCT00395,9,60DPD,10022.41
ACCT00396,9,Current,2406.31
ACCT00397,9,Current,1930.14
ACCT00398,9,60DPD,1399.37
ACCT00399,9,Current,6280.99
ACCT00400,9,Current,7136.23
ACCT00401,9,Current,6782.93
ACCT00402,9,90DPD,7554.72
ACCT00403,9,90DPD,10251.71
ACCT00404,9,ChargeOff,12125.44
ACCT00405,9,Current,2412.37
ACCT00406,9,Current,5216.34
ACCT00407,9,Current,3148.24
ACCT00408,9,Current,3574.52
ACCT00409,9,ChargeOff,13992.78
ACCT00410,9,Current,6705.11
ACCT00411,9,Current,7573.68
ACCT00412,9,60DPD,3899.58
ACCT00413,9,30DPD,5687.05
ACCT00414,9,Current,4034.0
ACCT00415,9,Current,1399.58
ACCT00416,9,Current,3027.05
ACCT00417,9,Current,6124.55
ACCT00418,9,Current,969.4
ACCT00419,9,Current,10947.7
ACCT00420,9,Current,1018.21
ACCT00421,9,Current,2111.52
ACCT00422,9,Current,6776.5
ACCT00423,9,Current,908.37
ACCT00424,9,Current,9428.41
ACCT00425,9,Current,9669.93
ACCT00426,9,Current,979.2
ACCT00427,9,Current,7523.8
ACCT00428,9,Current,5641.87
ACCT00429,9,Current,7500.38
ACCT00430,9,Current,9509.81
ACCT00431,9,Current,7105.28
ACCT00432,9,Current,6900.62
ACCT00433,9,Current,3273.52
ACCT00434,9,30DPD,6605.59
ACCT00435,9,Current,7254.88
ACCT00436,9,Current,6673.62
ACCT00437,9,30DPD,7311.23
ACCT00438,9,Current,3996.82
ACCT00439,9,Current,8951.27
ACCT00440,9,60DPD,9962.49
ACCT00441,9,Current,1466.39
ACCT00442,9,Current,2167.41
ACCT00443,9,Current,4833.75
ACCT00444,9,Current,6105.21
ACCT00445,9,Current,6457.01
ACCT00446,9,ChargeOff,855.84
ACCT00447,9,Current,4243.06
ACCT00448,9,Current,5066.37
ACCT00449,9,Current,7065.22
ACCT00450,9,ChargeOff,6134.47
ACCT00451,9,Current,6422.55
ACCT00452,9,Current,7220.54
ACCT00453,9,60DPD,8907.67
ACCT00454,9,Current,6029.89
ACCT00455,9,Current,5192.28
ACCT00456,9,ChargeOff,9171.71
ACCT00457,9,Current,798.79
ACCT00458,9,Current,2658.06
ACCT00459,9,Current,5602.04
ACCT00460,9,Current,7194.41
ACCT00461,9,Current,7750.81
ACCT00462,9,Current,934.68
ACCT00463,9,Current,6837.22
ACCT00464,9,Current,2567.59
ACCT00465,9,Current,6550.67
ACCT00466,9,Current,8534.12
ACCT00467,9,Current,7272.94
ACCT00468,9,Current,6444.64
ACCT00469,9,Current,3435.74
ACCT00470,9,Current,4183.1
ACCT00471,9,Current,7552.2
ACCT00472,9,30DPD,7607.37
ACCT00473,9,Current,7010.01
ACCT00474,9,Current,3570.13
ACCT00475,9,Current,741.17
ACCT00476,9,Current,1524.7
ACCT00477,9,Current,1781.74
ACCT00478,9,Current,4248.57
ACCT00479,9,Current,9523.99
ACCT00480,9,Current,3909.81
ACCT00481,9,30DPD,1747.09
ACCT00482,9,Current,822.18
ACCT00483,9,Current,2999.83
ACCT00484,9,Current,10385.56
ACCT00485,9,Current,5064.87
ACCT00486,9,Current,6707.72
ACCT00487,9,Current,6672.63
ACCT00488,9,Current,1549.19
ACCT00489,9,Current,6247.01
ACCT00490,9,Current,11451.67
ACCT00491,9,Current,3237.09
ACCT00492,9,Current,641.54
ACCT00493,9,Current,10584.41
ACCT00494,9,Current,7116.13
ACCT00495,9,Current,4614.55
ACCT00496,9,30DPD,5101.64
ACCT00497,9,Current,1836.52
ACCT00498,9,90DPD,7858.07
ACCT00499,9,Current,5659.69
ACCT00500,9,Current,300.19
ACCT00501,9,Current,7223.46
ACCT00502,9,Current,7111.12
ACCT00503,9,60DPD,7662.31
ACCT00504,9,Current,2186.51
ACCT00505,9,Current,697.06
ACCT00506,9,Current,13706.56
ACCT00507,9,Current,10235.38
ACCT00508,9,Current,5107.56
ACCT00509,9,Current,4688.43
ACCT00510,9,Current,4536.67
ACCT00511,9,Current,4721.38
ACCT00512,9,30DPD,1589.84
ACCT00513,9,Current,1190.26
ACCT00514,9,Current,3175.05
ACCT00515,9,Current,9471.64
ACCT00516,9,Current,2287.22
ACCT00517,9,Current,1782.56
ACCT00518,9,Current,5093.17
ACCT00519,9,Current,2383.72
ACCT00520,9,Current,1691.8
ACCT00521,9,90DPD,5852.93
ACCT00522,9,Current,2845.81
ACCT00523,9,60DPD,5712.45
ACCT00524,9,30DPD,6748.03
ACCT00525,9,Current,1683.96
ACCT00526,9,Current,7762.11
ACCT00527,9,ChargeOff,13556.85
ACCT00528,9,Current,11246.12
ACCT00529,9,ChargeOff,8209.31
ACCT00530,9,Current,6121.86
ACCT00531,9,Current,6462.31
ACCT00532,9,Current,5913.17
ACCT00533,9,Current,254.41
ACCT00534,9,Current,8866.13
ACCT00535,9,Current,5541.55
ACCT00536,9,Current,6629.65
ACCT00537,9,Current,4024.71
ACCT00538,9,Current,241.17
ACCT00539,9,Current,4570.9
ACCT00540,9,ChargeOff,7706.41
ACCT00541,9,Current,4561.87
ACCT00542,9,Current,2729.23
ACCT00543,9,ChargeOff,3897.43
ACCT00544,9,Current,5283.96
ACCT00545,9,Current,2684.84
ACCT00546,9,Current,8282.87
ACCT00547,9,90DPD,2054.4
ACCT00548,9,Current,3526.99
ACCT00549,9,Current,3349.02
ACCT00550,9,Current,4007.31
ACCT00551,9,Current,4679.66
ACCT00552,9,Current,7924.13
ACCT00553,9,ChargeOff,14629.09
ACCT00554,9,Current,3463.94
ACCT00555,9,Current,6664.47
ACCT00556,9,Current,308.43
ACCT00557,9,Current,2347.61
ACCT00558,9,Current,4503.92
ACCT00559,9,Current,360.9
ACCT00560,9,Current,5310.51
ACCT00561,9,Current,8138.68
ACCT00562,9,Current,8728.17
ACCT00563,9,Current,4802.59
ACCT00564,9,Current,4593.46
ACCT00565,9,30DPD,3458.87
ACCT00566,9,Current,575.44
ACCT00567,9,ChargeOff,1284.85
ACCT00568,9,30DPD,6640.72
ACCT00569,9,30DPD,8432.77
ACCT00570,9,ChargeOff,391.13
ACCT00571,9,ChargeOff,6706.78
ACCT00572,9,30DPD,5575.35
ACCT00573,9,30DPD,8816.2
ACCT00574,9,Current,5102.13
ACCT00575,9,Current,7498.44
ACCT00576,9,Current,5782.76
ACCT00577,9,Current,7735.52
ACCT00578,9,Current,1121.42
ACCT00579,9,Current,10633.96
ACCT00580,9,Current,342.99
ACCT00581,9,Current,8002.45
ACCT00582,9,Current,1019.15
ACCT00583,9,30DPD,1880.38
ACCT00584,9,Current,201.95
ACCT00585,9,Current,5606.73
ACCT00586,9,Current,3239.69
ACCT00587,9,30DPD,2164.7
ACCT00588,9,Current,4743.28
ACCT00589,9,60DPD,4028.24
ACCT00590,9,Current,7851.53
ACCT00591,9,Current,6651.5
ACCT00592,9,Current,4607.29
ACCT00593,9,Current,1519.03
ACCT00594,9,Current,4316.19
ACCT00595,9,Current,10513.53
ACCT00596,9,Current,1093.11
ACCT00597,9,Current,4033.85
ACCT00598,9,ChargeOff,14149.07
ACCT00599,9,60DPD,9120.79
ACCT00600,9,ChargeOff,4338.27
ACCT00601,9,30DPD,6133.24
ACCT00602,9,Current,5585.99
ACCT00603,9,Current,5727.23
ACCT00604,9,ChargeOff,601.64
ACCT00605,9,Current,1173.61
ACCT00606,9,30DPD,5696.45
ACCT00607,9,Current,2069.59
ACCT00608,9,Current,6248.2
ACCT00609,9,Current,2775.9
ACCT00610,9,Current,10427.3
ACCT00611,9,Current,7350.3
ACCT00612,9,ChargeOff,6731.28
ACCT00613,9,Current,7948.44
ACCT00614,9,30DPD,2347.42
ACCT00615,9,30DPD,5151.18
ACCT00616,9,Current,2494.04
ACCT00617,9,60DPD,9915.59
ACCT00618,9,Current,7471.25
ACCT00619,9,30DPD,9173.08
ACCT00620,9,Current,8371.61
ACCT00621,9,Current,7389.53
ACCT00622,9,ChargeOff,3579.38
ACCT00623,9,Current,8052.82
ACCT00624,9,Current,5852.13
ACCT00625,9,ChargeOff,4735.62
ACCT00626,9,Current,5732.75
ACCT00627,9,Current,3316.08
ACCT00628,9,Current,3337.01
ACCT00629,9,Current,2263.75
ACCT00630,9,Current,966.17
ACCT00631,9,Current,4549.95
ACCT00632,9,Current,9523.58
ACCT00633,9,Current,5811.01
ACCT00634,9,Current,6325.3
ACCT00635,9,Current,5294.68
ACCT00636,9,Current,3428.57
ACCT00637,9,Current,2056.39
ACCT00638,9,Current,8727.68
ACCT00639,9,30DPD,2022.84
ACCT00640,9,ChargeOff,9620.32
ACCT00641,9,Current,5822.02
ACCT00642,9,Current,5974.71
ACCT00643,9,Current,9370.9
ACCT00644,9,ChargeOff,3876.11
ACCT00645,9,Current,8498.45
ACCT00646,9,Current,6975.88
ACCT00647,9,Current,6506.05
ACCT00648,9,Current,7252.99
ACCT00649,9,Current,7951.66
ACCT00650,9,Current,11224.42
ACCT00651,9,30DPD,3283.48
ACCT00652,9,Current,9682.75
ACCT00653,9,ChargeOff,8957.2
ACCT00654,9,Current,5744.41
ACCT00655,9,Current,11829.87
ACCT00656,9,Current,3944.2
ACCT00657,9,Current,5829.72
ACCT00658,9,Current,1178.9
ACCT00659,9,Current,1858.22
ACCT00660,9,Current,8738.76
ACCT00661,9,Current,5565.59
ACCT00662,9,60DPD,5756.04
ACCT00663,9,Current,2312.49
ACCT00664,9,Current,5216.61
ACCT00665,9,Current,10316.99
ACCT00666,9,Current,8568.94
ACCT00667,9,ChargeOff,1237.69
ACCT00668,9,Current,5545.76
ACCT00669,9,Current,3812.5
ACCT00670,9,Current,6181.28
ACCT00671,9,Current,3693.69
ACCT00672,9,ChargeOff,6099.94
ACCT00673,9,Current,5520.78
ACCT00674,9,Current,7424.05
ACCT00675,9,Current,6733.91
ACCT00676,9,60DPD,3815.83
ACCT00677,9,Current,6015.59
ACCT00678,9,Current,6705.14
ACCT00679,9,Current,3327.5
ACCT00680,9,Current,8065.18
ACCT00681,9,Current,7058.39
ACCT00682,9,Current,1330.38
ACCT00683,9,Current,8215.27
ACCT00684,9,Current,3632.31
ACCT00685,9,Current,7031.4
ACCT00686,9,Current,1755.23
ACCT00687,9,Current,7008.58
ACCT00688,9,Current,3150.91
ACCT00689,9,Current,5922.12
ACCT00690,9,Current,10155.25
ACCT00691,9,90DPD,3595.7
ACCT00692,9,Current,11037.84
ACCT00693,9,Current,10991.9
ACCT00694,9,Current,10362.09
ACCT00695,9,Current,1486.05
ACCT00696,9,Current,10049.44
ACCT00697,9,Current,345.13
ACCT00698,9,Current,5079.75
ACCT00699,9,Current,6788.15
ACCT00700,9,Current,6451.05
ACCT00701,9,Current,5662.17
ACCT00702,9,Current,5181.79
ACCT00703,9,30DPD,8798.37
ACCT00704,9,Current,5449.02
ACCT00705,9,Current,3818.53
ACCT00706,9,Current,8960.29
ACCT00707,9,Current,1860.23
ACCT00708,9,Current,2290.9
ACCT00709,9,Current,5480.73
ACCT00710,9,ChargeOff,14585.52
ACCT00711,9,60DPD,1676.31
ACCT00712,9,Current,2846.67
ACCT00713,9,Current,1585.55
ACCT00714,9,Current,6984.14
ACCT00715,9,Current,2011.29
ACCT00716,9,Current,4674.9
ACCT00717,9,Current,12846.54
ACCT00718,9,Current,242.4
ACCT00719,9,Current,7665.57
ACCT00720,9,Current,3762.13
ACCT00721,9,Current,9233.23
ACCT00722,9,Current,3460.9
ACCT00723,9,ChargeOff,4547.78
ACCT00724,9,Current,1986.17
ACCT00725,9,Current,9776.25
ACCT00726,9,Current,6607.39
ACCT00727,9,Current,1808.13
ACCT00728,9,Current,4178.72
ACCT00729,9,Current,7599.9
ACCT00730,9,Current,129.4
ACCT00731,9,Current,2302.25
ACCT00732,9,Current,6913.96
ACCT00733,9,Current,3589.91
ACCT00734,9,60DPD,2020.92
ACCT00735,9,Current,5974.4
ACCT00736,9,Current,2053.51
ACCT00737,9,Current,4699.87
ACCT00738,9,Current,7378.63
ACCT00739,9,Current,7527.51
ACCT00740,9,Current,925.4
ACCT00741,9,Current,8188.57
ACCT00742,9,Current,2191.13
ACCT00743,9,Current,6155.61
ACCT00744,9,Current,4074.3
ACCT00745,9,Current,9042.1
ACCT00746,9,ChargeOff,2448.81
ACCT00747,9,Current,1988.76
ACCT00748,9,Current,6098.91
ACCT00749,9,Current,377.36
ACCT00750,9,Current,2595.9
ACCT00751,9,Current,6883.96
ACCT00752,9,Current,10988.79
ACCT00753,9,Current,887.18
ACCT00754,9,Current,8699.08
ACCT00755,9,90DPD,6713.75
ACCT00756,9,Current,7713.08
ACCT00757,9,Current,4492.52
ACCT00758,9,Current,6053.29
ACCT00759,9,Current,3889.81
ACCT00760,9,Current,6853.19
ACCT00761,9,Current,7682.67
ACCT00762,9,ChargeOff,1088.13
ACCT00763,9,Current,2935.94
ACCT00764,9,ChargeOff,1127.35
ACCT00765,9,30DPD,8371.09
ACCT00766,9,30DPD,3288.84
ACCT00767,9,Current,7051.29
ACCT00768,9,Current,8495.11
ACCT00769,9,Current,10044.81
ACCT00770,9,Current,2029.79
ACCT00771,9,Current,10244.87
ACCT00772,9,Current,7490.58
ACCT00773,9,Current,633.06
ACCT00774,9,Current,5535.35
ACCT00775,9,Current,3833.77
ACCT00776,9,30DPD,6749.9
ACCT00777,9,Current,4655.71
ACCT00778,9,30DPD,2999.0
ACCT00779,9,30DPD,1415.45
ACCT00780,9,ChargeOff,1311.62
ACCT00781,9,Current,1089.47
ACCT00782,9,Current,8978.96
ACCT00783,9,Current,4036.32
ACCT00784,9,ChargeOff,3406.17
ACCT00785,9,Current,5987.39
ACCT00786,9,Current,7270.51
ACCT00787,9,Current,5837.38
ACCT00788,9,Current,8031.63
ACCT00789,9,Current,3085.24
ACCT00790,9,30DPD,8759.37
ACCT00791,9,Current,1068.52
ACCT00792,9,Current,6752.58
ACCT00793,9,Current,8465.81
ACCT00794,9,Current,9843.64
ACCT00795,9,Current,7070.02
ACCT00796,9,Current,7974.55
ACCT00797,9,Current,3132.39
ACCT00798,9,Current,8050.85
ACCT00799,9,Current,7909.95
ACCT00800,9,Current,8130.59
ACCT00801,9,Current,5713.47
ACCT00802,9,30DPD,692.01
ACCT00803,9,Current,4850.11
ACCT00804,9,Current,1229.73
ACCT00805,9,Current,3394.43
ACCT00806,9,Current,3501.87
ACCT00807,9,90DPD,6634.02
ACCT00808,9,Current,1670.53
ACCT00809,9,ChargeOff,2653.14
ACCT00810,9,Current,547.33
ACCT00811,9,Current,8188.96
ACCT00812,9,ChargeOff,10463.88
ACCT00813,9,Current,437.32
ACCT00814,9,Current,442.48
ACCT00815,9,Current,4752.7
ACCT00816,9,Current,2519.67
ACCT00817,9,30DPD,6670.76
ACCT00818,9,ChargeOff,3364.82
ACCT00819,9,Current,11253.51
ACCT00820,9,Current,3188.34
ACCT00821,9,Current,7557.38
ACCT00822,9,Current,678.21
ACCT00823,9,Current,12597.33
ACCT00824,9,Current,7181.43
ACCT00825,9,Current,7377.29
ACCT00826,9,30DPD,4861.08
ACCT00827,9,Current,1830.99
ACCT00828,9,Current,10738.53
ACCT00829,9,Current,5497.61
ACCT00830,9,ChargeOff,2248.29
ACCT00831,9,Current,4898.44
ACCT00832,9,Current,5198.49
ACCT00833,9,Current,7071.29
ACCT00834,9,Current,5369.11
ACCT00835,9,Current,5498.54
ACCT00836,9,Current,7048.57
ACCT00837,9,ChargeOff,3829.15
ACCT00838,9,Current,3792.76
ACCT00839,9,90DPD,682.34
ACCT00840,9,Current,7203.86
ACCT00841,9,Current,5760.98
ACCT00842,9,Current,4205.32
ACCT00843,9,Current,2074.37
ACCT00844,9,Current,2243.54
ACCT00845,9,Current,6816.02
ACCT00846,9,Current,2942.34
ACCT00847,9,Current,931.38
ACCT00848,9,Current,8375.26
ACCT00849,9,Current,4013.1
ACCT00850,9,Current,3977.61
ACCT00851,9,Current,4353.49
ACCT00852,9,Current,11462.23
ACCT00853,9,Current,2188.77
ACCT00854,9,Current,8632.69
ACCT00855,9,Current,7151.66
ACCT00856,9,Current,8985.5
ACCT00857,9,Current,3880.92
ACCT00858,9,Current,6257.62
ACCT00859,9,60DPD,2968.18
ACCT00860,9,Current,4288.95
ACCT00861,9,30DPD,8099.87
ACCT00862,9,30DPD,3212.71
ACCT00863,9,Current,1361.58
ACCT00864,9,Current,3803.84
ACCT00865,9,Current,1231.26
ACCT00866,9,Current,3960.29
ACCT00867,9,Current,5630.31
ACCT00868,9,Current,10344.18
ACCT00869,9,ChargeOff,396.92
ACCT00870,9,Current,6456.91
ACCT00871,9,Current,3449.85
ACCT00872,9,ChargeOff,338.81
ACCT00873,9,Current,3160.28
ACCT00874,9,Current,1447.35
ACCT00875,9,Current,2018.49
ACCT00876,9,Current,3084.08
ACCT00877,9,Current,3534.2
ACCT00878,9,Current,6618.66
ACCT00879,9,Current,145.11
ACCT00880,9,Current,1325.31
ACCT00881,9,ChargeOff,1258.36
ACCT00882,9,ChargeOff,8807.6
ACCT00883,9,Current,3419.89
ACCT00884,9,Current,6954.11
ACCT00885,9,Current,2584.44
ACCT00886,9,Current,468.7
ACCT00887,9,Current,9655.63
ACCT00888,9,Current,1299.35
ACCT00889,9,Current,1226.5
ACCT00890,9,30DPD,1729.2
ACCT00891,9,Current,11766.83
ACCT00892,9,90DPD,6807.3
ACCT00893,9,Current,6946.54
ACCT00894,9,Current,7455.93
ACCT00895,9,Current,856.54
ACCT00896,9,Current,9387.8
ACCT00897,9,30DPD,1671.5
ACCT00898,9,Current,5686.81
ACCT00899,9,Current,4631.19
ACCT00900,9,Current,3313.99
ACCT00901,9,Current,9035.3
ACCT00902,9,Current,1660.35
ACCT00903,9,Current,9303.69
ACCT00904,9,Current,2767.37
ACCT00905,9,Current,5068.04
ACCT00906,9,Current,9129.56
ACCT00907,9,30DPD,754.11
ACCT00908,9,Current,7808.32
ACCT00909,9,Current,4841.91
ACCT00910,9,Current,7440.73
ACCT00911,9,Current,1522.92
ACCT00912,9,60DPD,5058.09
ACCT00913,9,ChargeOff,8794.7
ACCT00914,9,ChargeOff,6952.46
ACCT00915,9,ChargeOff,2102.5
ACCT00916,9,Current,2779.2
ACCT00917,9,Current,7745.97
ACCT00918,9,Current,334.95
ACCT00919,9,Current,6085.04
ACCT00920,9,Current,8820.47
ACCT00921,9,Current,166.8
ACCT00922,9,30DPD,1488.95
ACCT00923,9,Current,7142.74
ACCT00924,9,Current,519.84
ACCT00925,9,Current,5793.46
ACCT00926,9,Current,6420.55
ACCT00927,9,Current,5467.44
ACCT00928,9,Current,2933.24
ACCT00929,9,Current,6423.82
ACCT00930,9,Current,5903.98
ACCT00931,9,Current,2529.24
ACCT00932,9,Current,5970.01
ACCT00933,9,Current,6458.83
ACCT00934,9,Current,8509.43
ACCT00935,9,Current,5217.79
ACCT00936,9,Current,3119.87
ACCT00937,9,Current,1098.03
ACCT00938,9,Current,2483.69
ACCT00939,9,30DPD,246.06
ACCT00940,9,Current,11929.81
ACCT00941,9,Current,3117.96
ACCT00942,9,Current,7754.98
ACCT00943,9,Current,1907.98
ACCT00944,9,Current,3548.19
ACCT00945,9,Current,4342.12
ACCT00946,9,Current,3029.29
ACCT00947,9,30DPD,9609.77
ACCT00948,9,Current,9547.01
ACCT00949,9,Current,8772.88
ACCT00950,9,Current,1503.02
ACCT00951,9,Current,6007.53
ACCT00952,9,Current,1568.91
ACCT00953,9,30DPD,9283.86
ACCT00954,9,Current,4836.01
ACCT00955,9,Current,2710.08
ACCT00956,9,Current,1620.64
ACCT00957,9,Current,208.97
ACCT00958,9,Current,2991.52
ACCT00959,9,Current,6516.09
ACCT00960,9,Current,6543.42
ACCT00961,9,Current,8350.31
ACCT00962,9,60DPD,1069.03
ACCT00963,9,Current,6892.17
ACCT00964,9,Current,3248.02
ACCT00965,9,Current,4806.19
ACCT00966,9,Current,2886.38
ACCT00967,9,Current,2926.99
ACCT00968,9,Current,4552.66
ACCT00969,9,Current,2202.92
ACCT00970,9,Current,4208.33
ACCT00971,9,Current,6352.5
ACCT00972,9,Current,1653.44
ACCT00973,9,Current,10602.83
ACCT00974,9,Current,4712.72
ACCT00975,9,60DPD,10349.48
ACCT00976,9,ChargeOff,7285.7
ACCT00977,9,Current,6543.56
ACCT00978,9,Current,7763.64
ACCT00979,9,30DPD,8445.57
ACCT00980,9,ChargeOff,9281.36
ACCT00981,9,30DPD,2553.99
ACCT00982,9,Current,1072.37
ACCT00983,9,Current,5672.32
ACCT00984,9,30DPD,722.65
ACCT00985,9,Current,2541.74
ACCT00986,9,Current,719.0
ACCT00987,9,Current,5125.39
ACCT00988,9,Current,2111.12
ACCT00989,9,Current,8064.37
ACCT00990,9,Current,6645.66
ACCT00991,9,Current,11041.18
ACCT00992,9,Current,3399.12
ACCT00993,9,30DPD,7067.12
ACCT00994,9,ChargeOff,5547.69
ACCT00995,9,30DPD,5729.64
ACCT00996,9,ChargeOff,7145.27
ACCT00997,9,Current,2168.0
ACCT00998,9,ChargeOff,14692.8
ACCT00999,9,30DPD,1681.49
ACCT01000,9,Current,10940.92
ACCT01001,9,Current,4601.97
ACCT01002,9,Current,1909.7
ACCT01003,9,ChargeOff,8569.09
ACCT01004,9,Current,741.8
ACCT01005,9,Current,8920.25
ACCT01006,9,Current,5409.43
ACCT01007,9,Current,972.66
ACCT01008,9,Current,984.77
ACCT01009,9,30DPD,8246.85
ACCT01010,9,30DPD,3591.41
ACCT01011,9,Current,7617.85
ACCT01012,9,Current,9546.45
ACCT01013,9,ChargeOff,9392.98
ACCT01014,9,Current,3530.57
ACCT01015,9,Current,8385.81
ACCT01016,9,Current,7903.77
ACCT01017,9,Current,1139.26
ACCT01018,9,Current,3792.74
ACCT01019,9,Current,2773.12
ACCT01020,9,Current,4534.71
ACCT01021,9,Current,7995.77
ACCT01022,9,ChargeOff,7218.79
ACCT01023,9,Current,4982.99
ACCT01024,9,Current,2835.96
ACCT01025,9,90DPD,1602.86
ACCT01026,9,60DPD,2903.08
ACCT01027,9,Current,8184.86
ACCT01028,9,Current,4459.72
ACCT01029,9,Current,3108.81
ACCT01030,9,Current,8715.85
ACCT01031,9,Current,790.03
ACCT01032,9,Current,2346.53
ACCT01033,9,30DPD,2679.17
ACCT01034,9,Current,8626.0
ACCT01035,9,Current,7201.36
ACCT01036,9,Current,7909.8
ACCT01037,9,Current,162.15
ACCT01038,9,90DPD,2660.17
ACCT01039,9,Current,9124.26
ACCT01040,9,Current,3491.88
ACCT01041,9,90DPD,11099.66
ACCT01042,9,30DPD,7704.82
ACCT01043,9,Current,3775.12
ACCT01044,9,30DPD,6224.12
ACCT01045,9,ChargeOff,11628.21
ACCT01046,9,Current,3860.71
ACCT01047,9,Current,6374.07
ACCT01048,9,Current,10709.57
ACCT01049,9,Current,2577.69
ACCT01050,9,Current,9122.42
ACCT01051,9,30DPD,930.12
ACCT01052,9,Current,9067.02
ACCT01053,9,30DPD,7732.49
ACCT01054,9,Current,7510.92
ACCT01055,9,Current,3079.06
ACCT01056,9,90DPD,6489.65
ACCT01057,9,ChargeOff,1970.99
ACCT01058,9,Current,1829.44
ACCT01059,9,Current,2508.58
ACCT01060,9,ChargeOff,7967.52
ACCT01061,9,Current,3859.66
ACCT01062,9,Current,3175.98
ACCT01063,9,ChargeOff,12827.31
ACCT01064,9,Current,3243.13
ACCT01065,9,30DPD,4036.64
ACCT01066,9,Current,4257.08
ACCT01067,9,Current,2533.5
ACCT01068,9,Current,5616.74
ACCT01069,9,Current,3622.1
ACCT01070,9,30DPD,332.27
ACCT01071,9,Current,9268.96
ACCT01072,9,Current,8349.5
ACCT01073,9,Current,7994.88
ACCT01074,9,Current,9880.82
ACCT01075,9,30DPD,8223.29
ACCT01076,9,30DPD,3211.08
ACCT01077,9,Current,6276.29
ACCT01078,9,Current,8560.56
ACCT01079,9,Current,3284.36
ACCT01080,9,ChargeOff,2514.16
ACCT01081,9,Current,1318.2
ACCT01082,9,ChargeOff,9206.12
ACCT01083,9,Current,8195.64
ACCT01084,9,ChargeOff,11423.6
ACCT01085,9,Current,3137.33
ACCT01086,9,Current,1961.5
ACCT01087,9,Current,3088.94
ACCT01088,9,Current,4401.39
ACCT01089,9,Current,10059.48
ACCT01090,9,Current,10672.46
ACCT01091,9,Current,7203.67
ACCT01092,9,60DPD,9181.29
ACCT01093,9,90DPD,10536.78
ACCT01094,9,Current,4299.17
ACCT01095,9,Current,632.46
ACCT01096,9,Current,950.76
ACCT01097,9,Current,3720.16
ACCT01098,9,Current,2660.29
ACCT01099,9,Current,1430.29
ACCT01100,9,Current,7601.28
ACCT01101,9,Current,2058.68
ACCT01102,9,Current,10297.56
ACCT01103,9,Current,5993.62
ACCT01104,9,Current,6001.62
ACCT01105,9,30DPD,4401.68
ACCT01106,9,30DPD,3168.7
ACCT01107,9,Current,7582.75
ACCT01108,9,ChargeOff,2963.04
ACCT01109,9,ChargeOff,10765.28
ACCT01110,9,Current,3898.13
ACCT01111,9,Current,2886.75
ACCT01112,9,Current,7050.72
ACCT01113,9,Current,8364.26
ACCT01114,9,ChargeOff,5890.53
ACCT01115,9,Current,5475.76
ACCT01116,9,Current,1488.55
ACCT01117,9,Current,7513.83
ACCT01118,9,Current,2709.0
ACCT01119,9,Current,2037.5
ACCT01120,9,Current,1268.97
ACCT01121,9,Current,2729.99
ACCT01122,9,Current,3489.13
ACCT01123,9,Current,4321.64
ACCT01124,9,Current,1797.73
ACCT01125,9,30DPD,2032.88
ACCT01126,9,Current,7215.53
ACCT01127,9,Current,1259.5
ACCT01128,9,Current,5724.54
ACCT01129,9,ChargeOff,14170.42
ACCT01130,9,ChargeOff,6516.58
ACCT01131,9,Current,10137.66
ACCT01132,9,30DPD,1094.9
ACCT01133,9,Current,568.36
ACCT01134,9,60DPD,7466.59
ACCT01135,9,ChargeOff,9023.75
ACCT01136,9,Current,11139.53
ACCT01137,9,Current,631.71
ACCT01138,9,Current,6792.68
ACCT01139,9,Current,5676.54
ACCT01140,9,Current,3032.2
ACCT01141,9,Current,1603.64
ACCT01142,9,60DPD,10734.44
ACCT01143,9,90DPD,695.94
ACCT01144,9,Current,7169.64
ACCT01145,9,Current,6461.17
ACCT01146,9,Current,6849.09
ACCT01147,9,Current,5994.36
ACCT01148,9,Current,6755.47
ACCT01149,9,Current,2023.25
ACCT01150,9,Current,146.86
ACCT01151,9,Current,4512.16
ACCT01152,9,Current,3491.39
ACCT01153,9,Current,1666.71
ACCT01154,9,Current,1872.31
ACCT01155,9,ChargeOff,3399.34
ACCT01156,9,Current,898.63
ACCT01157,9,Current,753.83
ACCT01158,9,ChargeOff,12064.28
ACCT01159,9,Current,4111.82
ACCT01160,9,Current,8702.01
ACCT01161,9,Current,7220.74
ACCT01162,9,Current,1570.05
ACCT01163,9,Current,5959.33
ACCT01164,9,Current,6485.49
ACCT01165,9,Current,7746.63
ACCT01166,9,Current,942.95
ACCT01167,9,Current,1870.06
ACCT01168,9,Current,957.62
ACCT01169,9,Current,5325.67
ACCT01170,9,Current,9214.0
ACCT01171,9,Current,5673.3
ACCT01172,9,Current,9411.58
ACCT01173,9,Current,11865.43
ACCT01174,9,Current,6361.72
ACCT01175,9,Current,559.09
ACCT01176,9,Current,8126.69
ACCT01177,9,Current,4579.61
ACCT01178,9,Current,188.03
ACCT01179,9,Current,5595.74
ACCT01180,9,Current,6763.44
ACCT01181,9,Current,2816.31
ACCT01182,9,Current,4602.09
ACCT01183,9,90DPD,1792.36
ACCT01184,9,Current,843.88
ACCT01185,9,Current,836.76
ACCT01186,9,Current,8846.96
ACCT01187,9,ChargeOff,12988.3
ACCT01188,9,Current,1431.2
ACCT01189,9,ChargeOff,3932.82
ACCT01190,9,Current,2302.84
ACCT01191,9,Current,497.89
ACCT01192,9,Current,5896.31
ACCT01193,9,ChargeOff,9247.54
ACCT01194,9,Current,5078.38
ACCT01195,9,Current,3891.82
ACCT01196,9,Current,6358.5
ACCT01197,9,Current,861.1
ACCT01198,9,ChargeOff,2054.12
ACCT01199,9,Current,9506.84
ACCT01200,9,Current,8009.87
ACCT01201,9,Current,8575.1
ACCT01202,9,Current,9538.99
ACCT01203,9,Current,5757.41
ACCT01204,9,Current,7753.35
ACCT01205,9,Current,3689.83
ACCT01206,9,ChargeOff,221.85
ACCT01207,9,Current,778.99
ACCT01208,9,60DPD,1008.55
ACCT01209,9,Current,976.03
ACCT01210,9,Current,2916.83
ACCT01211,9,Current,6490.87
ACCT01212,9,Current,7623.54
ACCT01213,9,Current,6265.89
ACCT01214,9,30DPD,1300.95
ACCT01215,9,Current,5508.51
ACCT01216,9,Current,3449.26
ACCT01217,9,Current,242.74
ACCT01218,9,Current,3875.68
ACCT01219,9,Current,3095.88
ACCT01220,9,Current,2966.51
ACCT01221,9,Current,7611.02
ACCT01222,9,Current,6216.9
ACCT01223,9,Current,6388.08
ACCT01224,9,Current,1118.94
ACCT01225,9,Current,7715.33
ACCT01226,9,ChargeOff,6289.69
ACCT01227,9,30DPD,1582.2
ACCT01228,9,Current,8391.61
ACCT01229,9,30DPD,3727.93
ACCT01230,9,Current,4107.53
ACCT01231,9,Current,1500.33
ACCT01232,9,60DPD,5800.5
ACCT01233,9,Current,1334.72
ACCT01234,9,Current,1765.9
ACCT01235,9,Current,1339.39
ACCT01236,9,Current,7070.71
ACCT01237,9,60DPD,3035.42
ACCT01238,9,Current,2960.9
ACCT01239,9,30DPD,3505.25
ACCT01240,9,Current,7850.89
ACCT01241,9,Current,6134.22
ACCT01242,9,Current,10600.93
ACCT01243,9,Current,2829.37
ACCT01244,9,Current,1453.55
ACCT01245,9,Current,5080.99
ACCT01246,9,Current,2707.98
ACCT01247,9,Current,8432.23
ACCT01248,9,Current,8762.07
ACCT01249,9,30DPD,3582.31
ACCT01250,9,30DPD,7600.28
ACCT01251,9,Current,3730.21
ACCT01252,9,Current,3272.62
ACCT01253,9,Current,4846.81
ACCT01254,9,Current,562.33
ACCT01255,9,Current,6869.5
ACCT01256,9,Current,1832.88
ACCT01257,9,Current,2290.62
ACCT01258,9,60DPD,4806.46
ACCT01259,9,ChargeOff,836.03
ACCT01260,9,Current,735.64
ACCT01261,9,Current,5909.78
ACCT01262,9,Current,684.29
ACCT01263,9,Current,4917.34
ACCT01264,9,30DPD,3093.47
ACCT01265,9,Current,2475.06
ACCT01266,9,Current,2142.56
ACCT01267,9,ChargeOff,10307.24
ACCT01268,9,Current,8302.62
ACCT01269,9,30DPD,1579.68
ACCT01270,9,ChargeOff,13013.99
ACCT01271,9,Current,4791.95
ACCT01272,9,Current,6183.94
ACCT01273,9,Current,6182.68
ACCT01274,9,Current,4758.14
ACCT01275,9,Current,7782.38
ACCT01276,9,30DPD,5759.13
ACCT01277,9,Current,4442.58
ACCT01278,9,Current,3481.3
ACCT01279,9,Current,935.56
ACCT01280,9,Current,6468.09
ACCT01281,9,Current,524.27
ACCT01282,9,Current,2915.04
ACCT01283,9,Current,1288.0
ACCT01284,9,Current,1830.17
ACCT01285,9,Current,6255.76
ACCT01286,9,Current,10157.65
ACCT01287,9,30DPD,4303.71
ACCT01288,9,Current,1067.97
ACCT01289,9,Current,3934.57
ACCT01290,9,Current,4081.34
ACCT01291,9,Current,8515.45
ACCT01292,9,Current,4364.4
ACCT01293,9,Current,4510.24
ACCT01294,9,30DPD,4247.87
ACCT01295,9,Current,11493.21
ACCT01296,9,Current,5996.3
ACCT01297,9,Current,6707.18
ACCT01298,9,Current,5283.05
ACCT01299,9,Current,312.97
ACCT01300,9,Current,9339.02
ACCT01301,9,Current,3705.93
ACCT01302,9,ChargeOff,3677.85
ACCT01303,9,Current,14335.29
ACCT01304,9,90DPD,5755.21
ACCT01305,9,Current,530.44
ACCT01306,9,Current,942.57
ACCT01307,9,Current,351.35
ACCT01308,9,Current,5534.25
ACCT01309,9,ChargeOff,1180.37
ACCT01310,9,Current,8942.8
ACCT01311,9,Current,10096.03
ACCT01312,9,Current,5141.82
ACCT01313,9,Current,5845.8
ACCT01314,9,Current,2992.22
ACCT01315,9,30DPD,783.18
ACCT01316,9,60DPD,6968.08
ACCT01317,9,ChargeOff,1343.65
ACCT01318,9,Current,1265.89
ACCT01319,9,Current,2950.43
ACCT01320,9,Current,258.01
ACCT01321,9,Current,4102.41
ACCT01322,9,Current,7193.36
ACCT01323,9,Current,6322.48
ACCT01324,9,Current,5773.2
ACCT01325,9,30DPD,8740.97
ACCT01326,9,Current,4574.13
ACCT01327,9,Current,12526.69
ACCT01328,9,Current,6657.94
ACCT01329,9,Current,2140.83
ACCT01330,9,Current,10245.07
ACCT01331,9,Current,2605.57
ACCT01332,9,Current,423.77
ACCT01333,9,Current,2641.38
ACCT01334,9,ChargeOff,5228.97
ACCT01335,9,Current,3260.08
ACCT01336,9,Current,5338.79
ACCT01337,9,60DPD,11496.82
ACCT01338,9,ChargeOff,4347.88
ACCT01339,9,Current,4456.01
ACCT01340,9,Current,2919.28
ACCT01341,9,Current,9204.5
ACCT01342,9,Current,1679.47
ACCT01343,9,Current,1188.06
ACCT01344,9,ChargeOff,7644.33
ACCT01345,9,Current,6453.97
ACCT01346,9,Current,10542.58
ACCT01347,9,Current,6483.62
ACCT01348,9,Current,8025.93
ACCT01349,9,Current,3365.57
ACCT01350,9,Current,326.33
ACCT01351,9,Current,1185.08
ACCT01352,9,Current,610.24
ACCT01353,9,Current,3785.72
ACCT01354,9,Current,5220.94
ACCT01355,9,Current,3748.54
ACCT01356,9,ChargeOff,8020.12
ACCT01357,9,Current,4378.99
ACCT01358,9,Current,7664.19
ACCT01359,9,ChargeOff,9843.47
ACCT01360,9,Current,2550.5
ACCT01361,9,Current,3607.96
ACCT01362,9,Current,8597.3
ACCT01363,9,Current,5673.27
ACCT01364,9,Current,2776.95
ACCT01365,9,Current,4123.45
ACCT01366,9,30DPD,7038.12
ACCT01367,9,Current,4969.16
ACCT01368,9,90DPD,1262.57
ACCT01369,9,60DPD,3824.18
ACCT01370,9,Current,10145.81
ACCT01371,9,ChargeOff,685.95
ACCT01372,9,Current,9598.28
ACCT01373,9,Current,1567.75
ACCT01374,9,Current,5931.8
ACCT01375,9,Current,4813.68
ACCT01376,9,Current,234.7
ACCT01377,9,Current,8597.04
ACCT01378,9,Current,5734.13
ACCT01379,9,Current,11079.97
ACCT01380,9,30DPD,2605.76
ACCT01381,9,Current,10184.54
ACCT01382,9,Current,7825.91
ACCT01383,9,ChargeOff,8441.12
ACCT01384,9,Current,2123.87
ACCT01385,9,Current,6193.41
ACCT01386,9,60DPD,5876.03
ACCT01387,9,Current,11066.58
ACCT01388,9,Current,3950.87
ACCT01389,9,Current,2544.02
ACCT01390,9,Current,1551.06
ACCT01391,9,Current,5793.08
ACCT01392,9,Current,9710.98
ACCT01393,9,Current,418.11
ACCT01394,9,Current,7786.84
ACCT01395,9,Current,7781.4
ACCT01396,9,Current,867.08
ACCT01397,9,Current,1319.44
ACCT01398,9,Current,6018.47
ACCT01399,9,Current,6867.99
ACCT01400,9,Current,746.88
ACCT01401,9,Current,9143.48
ACCT01402,9,ChargeOff,6899.33
ACCT01403,9,Current,10732.36
ACCT01404,9,Current,7399.87
ACCT01405,9,Current,9863.41
ACCT01406,9,Current,5990.72
ACCT01407,9,Current,2990.88
ACCT01408,9,Current,4971.8
ACCT01409,9,Current,1019.31
ACCT01410,9,Current,7656.5
ACCT01411,9,ChargeOff,2192.77
ACCT01412,9,Current,4595.9
ACCT01413,9,Current,707.99
ACCT01414,9,Current,3085.26
ACCT01415,9,Current,2139.45
ACCT01416,9,Current,5446.28
ACCT01417,9,ChargeOff,8625.86
ACCT01418,9,Current,589.63
ACCT01419,9,Current,9992.5
ACCT01420,9,Current,8986.63
ACCT01421,9,Current,2941.88
ACCT01422,9,Current,5502.46
ACCT01423,9,Current,5542.59
ACCT01424,9,Current,1974.78
ACCT01425,9,Current,4231.6
ACCT01426,9,Current,836.76
ACCT01427,9,ChargeOff,10296.76
ACCT01428,9,60DPD,11663.65
ACCT01429,9,Current,7694.87
ACCT01430,9,Current,6891.96
ACCT01431,9,Current,4884.26
ACCT01432,9,Current,9324.1
ACCT01433,9,Current,2984.76
ACCT01434,9,Current,934.38
ACCT01435,9,ChargeOff,6819.77
ACCT01436,9,Current,3154.5
ACCT01437,9,Current,3757.46
ACCT01438,9,ChargeOff,290.47
ACCT01439,9,Current,6601.1
ACCT01440,9,ChargeOff,2676.58
ACCT01441,9,Current,1718.71
ACCT01442,9,Current,586.54
ACCT01443,9,Current,3448.11
ACCT01444,9,30DPD,8026.45
ACCT01445,9,Current,4238.07
ACCT01446,9,Current,5689.84
ACCT01447,9,Current,7918.8
ACCT01448,9,Current,3377.95
ACCT01449,9,Current,8646.3
ACCT01450,9,Current,6656.64
ACCT01451,9,Current,5038.5
ACCT01452,9,Current,127.15
ACCT01453,9,Current,422.13
ACCT01454,9,60DPD,8806.87
ACCT01455,9,Current,10332.39
ACCT01456,9,Current,8869.03
ACCT01457,9,Current,9141.67
ACCT01458,9,Current,363.26
ACCT01459,9,Current,7353.98
ACCT01460,9,Current,4315.06
ACCT01461,9,Current,8328.64
ACCT01462,9,Current,203.38
ACCT01463,9,30DPD,3437.71
ACCT01464,9,Current,10589.67
ACCT01465,9,Current,7095.11
ACCT01466,9,Current,4348.41
ACCT01467,9,Current,3228.1
ACCT01468,9,Current,3096.9
ACCT01469,9,Current,10202.61
ACCT01470,9,ChargeOff,6304.26
ACCT01471,9,Current,3843.02
ACCT01472,9,90DPD,5522.94
ACCT01473,9,Current,4586.92
ACCT01474,9,Current,4917.39
ACCT01475,9,Current,4017.28
ACCT01476,9,Current,8259.16
ACCT01477,9,ChargeOff,13653.96
ACCT01478,9,Current,7346.75
ACCT01479,9,Current,6644.71
ACCT01480,9,Current,3585.66
ACCT01481,9,Current,6762.7
ACCT01482,9,Current,6788.37
ACCT01483,9,Current,6241.8
ACCT01484,9,Current,6728.76
ACCT01485,9,Current,7117.04
ACCT01486,9,Current,7359.57
ACCT01487,9,Current,7807.93
ACCT01488,9,Current,2288.95
ACCT01489,9,Current,4745.37
ACCT01490,9,30DPD,7126.95
ACCT01491,9,Current,116.12
ACCT01492,9,Current,9973.1
ACCT01493,9,Current,7320.92
ACCT01494,9,Current,1624.1
ACCT01495,9,Current,8670.44
ACCT01496,9,Current,6284.66
ACCT01497,9,Current,5306.82
ACCT01498,9,30DPD,3399.39
ACCT01499,9,Current,8416.92
ACCT01500,9,30DPD,4515.94
ACCT01501,9,ChargeOff,7451.29
ACCT01502,9,Current,117.97
ACCT01503,9,30DPD,7131.72
ACCT01504,9,Current,5054.42
ACCT01505,9,30DPD,6490.95
ACCT01506,9,Current,5172.17
ACCT01507,9,90DPD,6636.04
ACCT01508,9,Current,8144.83
ACCT01509,9,60DPD,3288.87
ACCT01510,9,Current,10855.17
ACCT01511,9,Current,7043.87
ACCT01512,9,Current,12380.86
ACCT01513,9,Current,8415.51
ACCT01514,9,Current,8234.27
ACCT01515,9,Current,8319.43
ACCT01516,9,Current,4891.58
ACCT01517,9,ChargeOff,2168.93
ACCT01518,9,Current,4463.59
ACCT01519,9,Current,9060.8
ACCT01520,9,Current,6032.49
ACCT01521,9,Current,9831.27
ACCT01522,9,Current,1173.66
ACCT01523,9,90DPD,2962.09
ACCT01524,9,Current,5241.96
ACCT01525,9,30DPD,4422.98
ACCT01526,9,Current,1017.37
ACCT01527,9,Current,1175.43
ACCT01528,9,Current,10691.31
ACCT01529,9,Current,4244.22
ACCT01530,9,Current,739.64
ACCT01531,9,Current,379.07
ACCT01532,9,30DPD,5551.02
ACCT01533,9,Current,2416.35
ACCT01534,9,Current,8307.17
ACCT01535,9,90DPD,9846.07
ACCT01536,9,ChargeOff,3137.24
ACCT01537,9,Current,5493.66
ACCT01538,9,Current,1554.62
ACCT01539,9,Current,3434.56
ACCT01540,9,60DPD,10820.96
ACCT01541,9,Current,5010.23
ACCT01542,9,30DPD,6994.31
ACCT01543,9,Current,2145.32
ACCT01544,9,Current,2813.24
ACCT01545,9,Current,4500.69
ACCT01546,9,Current,5523.99
ACCT01547,9,Current,11580.53
ACCT01548,9,Current,1154.03
ACCT01549,9,Current,10217.63
ACCT01550,9,Current,12164.7
ACCT01551,9,Current,5952.72
ACCT01552,9,ChargeOff,3998.71
ACCT01553,9,Current,7315.08
ACCT01554,9,90DPD,3466.5
ACCT01555,9,Current,7294.34
ACCT01556,9,ChargeOff,7338.74
ACCT01557,9,Current,8361.99
ACCT01558,9,Current,8573.7
ACCT01559,9,Current,5620.6
ACCT01560,9,ChargeOff,10723.83
ACCT01561,9,Current,5018.78
ACCT01562,9,Current,10596.65
ACCT01563,9,Current,2424.6
ACCT01564,9,30DPD,8091.31
ACCT01565,9,Current,8455.58
ACCT01566,9,Current,6651.21
ACCT01567,9,Current,4915.0
ACCT01568,9,60DPD,6916.18
ACCT01569,9,Current,3833.97
ACCT01570,9,Current,8119.77
ACCT01571,9,60DPD,1560.91
ACCT01572,9,Current,3621.99
ACCT01573,9,Current,4904.54
ACCT01574,9,Current,3045.25
ACCT01575,9,ChargeOff,4600.87
ACCT01576,9,Current,8014.84
ACCT01577,9,ChargeOff,2797.09
ACCT01578,9,ChargeOff,11230.16
ACCT01579,9,Current,853.24
ACCT01580,9,Current,8471.49
ACCT01581,9,Current,8463.59
ACCT01582,9,Current,3915.85
ACCT01583,9,Current,7779.4
ACCT01584,9,Current,7696.58
ACCT01585,9,Current,8501.34
ACCT01586,9,Current,3813.75
ACCT01587,9,Current,3968.98
ACCT01588,9,Current,9587.22
ACCT01589,9,30DPD,3279.89
ACCT01590,9,Current,7212.57
ACCT01591,9,Current,3428.45
ACCT01592,9,30DPD,9192.2
ACCT01593,9,30DPD,1154.81
ACCT01594,9,Current,482.14
ACCT01595,9,Current,8867.33
ACCT01596,9,Current,9379.77
ACCT01597,9,60DPD,8804.28
ACCT01598,9,Current,8037.95
ACCT01599,9,Current,3501.14
ACCT01600,9,30DPD,2462.58
ACCT01601,9,Current,1381.99
ACCT01602,9,Current,3873.51
ACCT01603,9,Current,2698.66
ACCT01604,9,Current,11081.4
ACCT01605,9,Current,221.58
ACCT01606,9,Current,1415.48
ACCT01607,9,Current,1861.8
ACCT01608,9,Current,2107.25
ACCT01609,9,30DPD,2166.75
ACCT01610,9,Current,6356.34
ACCT01611,9,Current,2565.98
ACCT01612,9,Current,6443.91
ACCT01613,9,Current,12973.29
ACCT01614,9,Current,5345.02
ACCT01615,9,30DPD,6282.46
ACCT01616,9,Current,4097.97
ACCT01617,9,Current,1458.45
ACCT01618,9,ChargeOff,4944.64
ACCT01619,9,Current,9536.1
ACCT01620,9,Current,4562.16
ACCT01621,9,Current,3274.55
ACCT01622,9,Current,5147.02
ACCT01623,9,Current,9592.45
ACCT01624,9,Current,5734.1
ACCT01625,9,Current,5201.73
ACCT01626,9,60DPD,9025.79
ACCT01627,9,Current,7979.26
ACCT01628,9,Current,5782.61
ACCT01629,9,Current,1739.16
ACCT01630,9,Current,1248.03
ACCT01631,9,Current,8396.96
ACCT01632,9,Current,5972.25
ACCT01633,9,Current,3243.13
ACCT01634,9,ChargeOff,8917.51
ACCT01635,9,Current,583.88
ACCT01636,9,Current,8341.83
ACCT01637,9,Current,2013.86
ACCT01638,9,Current,6422.9
ACCT01639,9,30DPD,5239.02
ACCT01640,9,Current,3940.28
ACCT01641,9,ChargeOff,468.63
ACCT01642,9,Current,7254.96
ACCT01643,9,Current,2264.94
ACCT01644,9,Current,568.74
ACCT01645,9,Current,5807.5
ACCT01646,9,Current,3376.73
ACCT01647,9,Current,3392.07
ACCT01648,9,Current,2334.5
ACCT01649,9,Current,8203.82
ACCT01650,9,Current,2589.69
ACCT01651,9,Current,2208.95
ACCT01652,9,Current,3266.17
ACCT01653,9,60DPD,2429.69
ACCT01654,9,Current,2818.93
ACCT01655,9,Current,920.82
ACCT01656,9,Current,1520.45
ACCT01657,9,Current,3817.48
ACCT01658,9,Current,9425.25
ACCT01659,9,Current,748.03
ACCT01660,9,Current,1687.2
ACCT01661,9,Current,5497.15
ACCT01662,9,Current,6972.68
ACCT01663,9,Current,7523.25
ACCT01664,9,Current,2251.73
ACCT01665,9,Current,4410.58
ACCT01666,9,Current,1882.35
ACCT01667,9,Current,1502.35
ACCT01668,9,Current,3441.01
ACCT01669,9,Current,5027.91
ACCT01670,9,30DPD,3507.84
ACCT01671,9,Current,6923.21
ACCT01672,9,Current,2927.4
ACCT01673,9,Current,3355.21
ACCT01674,9,Current,7894.26
ACCT01675,9,90DPD,7584.34
ACCT01676,9,Current,2785.22
ACCT01677,9,Current,6938.8
ACCT01678,9,Current,2977.14
ACCT01679,9,ChargeOff,790.93
ACCT01680,9,Current,6733.06
ACCT01681,9,90DPD,1545.17
ACCT01682,9,Current,4674.35
ACCT01683,9,Current,5708.79
ACCT01684,9,Current,2419.49
ACCT01685,9,Current,1420.67
ACCT01686,9,Current,3683.17
ACCT01687,9,Current,8270.44
ACCT01688,9,Current,6112.32
ACCT01689,9,ChargeOff,5496.26
ACCT01690,9,ChargeOff,598.1
ACCT01691,9,30DPD,7137.8
ACCT01692,9,Current,1065.35
ACCT01693,9,Current,5155.16
ACCT01694,9,Current,4466.3
ACCT01695,9,Current,3014.56
ACCT01696,9,Current,2694.48
ACCT01697,9,Current,707.11
ACCT01698,9,Current,269.91
ACCT01699,9,Current,5931.06
ACCT01700,9,Current,8830.09
ACCT01701,9,ChargeOff,3881.01
ACCT01702,9,Current,6348.61
ACCT01703,9,Current,6028.93
ACCT01704,9,Current,664.56
ACCT01705,9,ChargeOff,1976.75
ACCT01706,9,Current,3380.44
ACCT01707,9,Current,7100.25
ACCT01708,9,Current,4298.48
ACCT01709,9,Current,6173.08
ACCT01710,9,Current,8684.4
ACCT01711,9,Current,7114.51
ACCT01712,9,Current,14140.44
ACCT01713,9,30DPD,5666.6
ACCT01714,9,Current,6789.85
ACCT01715,9,Current,7948.18
ACCT01716,9,Current,7067.74
ACCT01717,9,ChargeOff,6792.33
ACCT01718,9,Current,8173.9
ACCT01719,9,Current,6450.39
ACCT01720,9,Current,6619.8
ACCT01721,9,Current,5676.83
ACCT01722,9,Current,6803.85
ACCT01723,9,Current,5018.47
ACCT01724,9,Current,8942.28
ACCT01725,9,ChargeOff,7213.39
ACCT01726,9,Current,9143.27
ACCT01727,9,Current,2565.42
ACCT01728,9,Current,6269.12
ACCT01729,9,Current,7424.39
ACCT01730,9,Current,8783.38
ACCT01731,9,90DPD,7731.26
ACCT01732,9,Current,5297.03
ACCT01733,9,60DPD,5599.97
ACCT01734,9,Current,1345.22
ACCT01735,9,Current,9072.5
ACCT01736,9,Current,3050.86
ACCT01737,9,30DPD,6087.73
ACCT01738,9,Current,8438.74
ACCT01739,9,90DPD,3715.3
ACCT01740,9,Current,2319.81
ACCT01741,9,Current,1921.62
ACCT01742,9,Current,6872.0
ACCT01743,9,30DPD,4203.05
ACCT01744,9,Current,1204.21
ACCT01745,9,Current,6432.59
ACCT01746,9,Current,2584.45
ACCT01747,9,30DPD,10751.46
ACCT01748,9,Current,3320.04
ACCT01749,9,30DPD,2150.72
ACCT01750,9,90DPD,955.4
ACCT01751,9,60DPD,5617.87
ACCT01752,9,Current,3221.31
ACCT01753,9,Current,7332.29
ACCT01754,9,Current,4348.56
ACCT01755,9,Current,3658.61
ACCT01756,9,Current,2719.23
ACCT01757,9,Current,3634.59
ACCT01758,9,Current,10274.42
ACCT01759,9,Current,1913.47
ACCT01760,9,ChargeOff,8408.08
ACCT01761,9,Current,3610.18
ACCT01762,9,Current,942.72
ACCT01763,9,Current,2802.74
ACCT01764,9,Current,842.84
ACCT01765,9,Current,5835.59
ACCT01766,9,Current,4616.68
ACCT01767,9,Current,3583.16
ACCT01768,9,Current,5932.53
ACCT01769,9,Current,7421.74
ACCT01770,9,Current,7254.5
ACCT01771,9,Current,8497.52
ACCT01772,9,Current,9802.13
ACCT01773,9,Current,9228.4
ACCT01774,9,Current,7761.92
ACCT01775,9,Current,4001.65
ACCT01776,9,Current,7366.97
ACCT01777,9,Current,776.1
ACCT01778,9,Current,6612.62
ACCT01779,9,Current,9311.47
ACCT01780,9,Current,819.55
ACCT01781,9,Current,7294.23
ACCT01782,9,Current,6955.62
ACCT01783,9,Current,2219.58
ACCT01784,9,Current,6232.38
ACCT01785,9,90DPD,8282.73
ACCT01786,9,90DPD,7664.79
ACCT01787,9,ChargeOff,1831.84
ACCT01788,9,Current,3297.06
ACCT01789,9,Current,5439.46
ACCT01790,9,Current,2403.23
ACCT01791,9,Current,4080.51
ACCT01792,9,30DPD,375.11
ACCT01793,9,Current,1877.1
ACCT01794,9,ChargeOff,7636.69
ACCT01795,9,Current,6768.0
ACCT01796,9,Current,6984.72
ACCT01797,9,Current,7277.58
ACCT01798,9,Current,5540.33
ACCT01799,9,Current,3576.17
ACCT01800,9,Current,310.55
ACCT01801,9,Current,1964.89
ACCT01802,9,Current,2537.97
ACCT01803,9,Current,1904.73
ACCT01804,9,Current,301.88
ACCT01805,9,Current,1559.96
ACCT01806,9,Current,6694.17
ACCT01807,9,Current,6268.58
ACCT01808,9,Current,10803.04
ACCT01809,9,30DPD,9305.92
ACCT01810,9,Current,5264.34
ACCT01811,9,Current,1520.37
ACCT01812,9,Current,7521.82
ACCT01813,9,Current,673.53
ACCT01814,9,Current,4341.3
ACCT01815,9,Current,4144.36
ACCT01816,9,Current,4181.73
ACCT01817,9,Current,3629.06
ACCT01818,9,30DPD,9031.75
ACCT01819,9,Current,6659.66
ACCT01820,9,Current,6925.96
ACCT01821,9,Current,9292.14
ACCT01822,9,Current,5347.96
ACCT01823,9,Current,424.08
ACCT01824,9,ChargeOff,7416.56
ACCT01825,9,Current,5573.67
ACCT01826,9,Current,2367.13
ACCT01827,9,Current,2911.93
ACCT01828,9,Current,7622.51
ACCT01829,9,Current,7987.69
ACCT01830,9,Current,5541.42
ACCT01831,9,ChargeOff,9299.43
ACCT01832,9,Current,4360.01
ACCT01833,9,Current,4560.45
ACCT01834,9,60DPD,3086.67
ACCT01835,9,Current,4401.99
ACCT01836,9,30DPD,5779.34
ACCT01837,9,Current,506.37
ACCT01838,9,30DPD,7119.74
ACCT01839,9,Current,2633.41
ACCT01840,9,Current,9266.66
ACCT01841,9,Current,5007.21
ACCT01842,9,Current,4699.27
ACCT01843,9,Current,6569.11
ACCT01844,9,Current,10418.85
ACCT01845,9,Current,4501.78
ACCT01846,9,Current,8766.78
ACCT01847,9,Current,5678.13
ACCT01848,9,Current,2688.08
ACCT01849,9,Current,2953.84
ACCT01850,9,Current,4284.13
ACCT01851,9,ChargeOff,3520.33
ACCT01852,9,Current,3237.67
ACCT01853,9,30DPD,3284.45
ACCT01854,9,Current,6571.68
ACCT01855,9,ChargeOff,3454.37
ACCT01856,9,Current,8272.62
ACCT01857,9,Current,4713.16
ACCT01858,9,30DPD,5189.32
ACCT01859,9,ChargeOff,1094.68
ACCT01860,9,Current,4717.95
ACCT01861,9,ChargeOff,617.65
ACCT01862,9,ChargeOff,10203.47
ACCT01863,9,30DPD,3653.56
ACCT01864,9,Current,7153.56
ACCT01865,9,Current,3151.68
ACCT01866,9,Current,5037.37
ACCT01867,9,Current,2273.32
ACCT01868,9,Current,3430.46
ACCT01869,9,Current,4686.53
ACCT01870,9,Current,3611.83
ACCT01871,9,Current,1948.35
ACCT01872,9,ChargeOff,1850.52
ACCT01873,9,ChargeOff,1985.8
ACCT01874,9,Current,9658.47
ACCT01875,9,Current,3658.79
ACCT01876,9,Current,175.91
ACCT01877,9,Current,9499.4
ACCT01878,9,Current,418.21
ACCT01879,9,90DPD,5361.77
ACCT01880,9,Current,5561.67
ACCT01881,9,Current,7386.72
ACCT01882,9,Current,7472.24
ACCT01883,9,ChargeOff,4517.38
ACCT01884,9,30DPD,8533.61
ACCT01885,9,Current,549.98
ACCT01886,9,Current,9585.82
ACCT01887,9,Current,7624.85
ACCT01888,9,Current,9291.69
ACCT01889,9,Current,2899.16
ACCT01890,9,Current,1697.38
ACCT01891,9,30DPD,4868.45
ACCT01892,9,Current,5516.42
ACCT01893,9,Current,4967.59
ACCT01894,9,Current,10575.43
ACCT01895,9,Current,7620.68
ACCT01896,9,Current,3019.91
ACCT01897,9,Current,4032.9
ACCT01898,9,Current,1642.21
ACCT01899,9,Current,1448.77
ACCT01900,9,Current,1421.15
ACCT01901,9,Current,7498.93
ACCT01902,9,90DPD,7987.45
ACCT01903,9,Current,4044.34
ACCT01904,9,Current,4737.47
ACCT01905,9,Current,6250.99
ACCT01906,9,Current,8956.49
ACCT01907,9,Current,10119.56
ACCT01908,9,Current,4863.79
ACCT01909,9,Current,8319.56
ACCT01910,9,60DPD,5599.96
ACCT01911,9,Current,6344.42
ACCT01912,9,Current,9854.44
ACCT01913,9,Current,2971.2
ACCT01914,9,60DPD,5322.99
ACCT01915,9,Current,3144.88
ACCT01916,9,Current,4907.82
ACCT01917,9,30DPD,4478.99
ACCT01918,9,Current,8096.14
ACCT01919,9,Current,5569.02
ACCT01920,9,Current,1785.08
ACCT01921,9,30DPD,9889.49
ACCT01922,9,ChargeOff,3725.39
ACCT01923,9,Current,9411.01
ACCT01924,9,90DPD,2314.27
ACCT01925,9,ChargeOff,5180.49
ACCT01926,9,Current,6802.83
ACCT01927,9,Current,6977.89
ACCT01928,9,Current,1838.28
ACCT01929,9,Current,7273.63
ACCT01930,9,Current,4771.1
ACCT01931,9,ChargeOff,6184.82
ACCT01932,9,Current,5001.0
ACCT01933,9,Current,573.54
ACCT01934,9,Current,5881.33
ACCT01935,9,Current,3169.74
ACCT01936,9,Current,3326.49
ACCT01937,9,Current,6494.84
ACCT01938,9,Current,4347.9
ACCT01939,9,Current,1014.27
ACCT01940,9,Current,821.53
ACCT01941,9,Current,1921.92
ACCT01942,9,Current,1940.2
ACCT01943,9,Current,6328.57
ACCT01944,9,Current,1939.54
ACCT01945,9,Current,8767.83
ACCT01946,9,Current,1964.09
ACCT01947,9,Current,1525.57
ACCT01948,9,Current,6678.09
ACCT01949,9,Current,2966.19
ACCT01950,9,Current,4670.93
ACCT01951,9,30DPD,8486.89
ACCT01952,9,Current,10583.5
ACCT01953,9,Current,7122.0
ACCT01954,9,Current,656.05
ACCT01955,9,ChargeOff,5850.24
ACCT01956,9,Current,9257.8
ACCT01957,9,Current,10447.4
ACCT01958,9,Current,1073.1
ACCT01959,9,Current,4839.78
ACCT01960,9,Current,2984.96
ACCT01961,9,Current,973.07
ACCT01962,9,Current,9119.79
ACCT01963,9,Current,2666.02
ACCT01964,9,Current,4956.1
ACCT01965,9,Current,889.0
ACCT01966,9,Current,4962.45
ACCT01967,9,Current,1857.27
ACCT01968,9,Current,3391.6
ACCT01969,9,Current,1427.53
ACCT01970,9,ChargeOff,10971.21
ACCT01971,9,ChargeOff,2478.94
ACCT01972,9,30DPD,6496.66
ACCT01973,9,ChargeOff,2289.37
ACCT01974,9,Current,938.11
ACCT01975,9,Current,1411.01
ACCT01976,9,Current,508.06
ACCT01977,9,ChargeOff,2091.39
ACCT01978,9,Current,3757.46
ACCT01979,9,Current,7745.01
ACCT01980,9,Current,897.69
ACCT01981,9,90DPD,3494.84
ACCT01982,9,Current,5705.25
ACCT01983,9,Current,1824.0
ACCT01984,9,Current,3778.96
ACCT01985,9,30DPD,807.93
ACCT01986,9,Current,2300.45
ACCT01987,9,Current,4840.28
ACCT01988,9,ChargeOff,12177.85
ACCT01989,9,Current,8459.13
ACCT01990,9,30DPD,8088.5
ACCT01991,9,Current,3329.57
ACCT01992,9,Current,947.98
ACCT01993,9,Current,3505.91
ACCT01994,9,Current,2688.94
ACCT01995,9,Current,244.67
ACCT01996,9,Current,1163.6
ACCT01997,9,Current,3644.81
ACCT01998,9,Current,3225.96
ACCT01999,9,Current,1909.44
ACCT00000,10,30DPD,9033.82
ACCT00001,10,Current,3584.06
ACCT00002,10,Current,8280.01
ACCT00003,10,Current,5210.31
ACCT00004,10,Current,1007.21
ACCT00005,10,Current,7739.76
ACCT00006,10,Current,5872.18
ACCT00007,10,Current,1085.69
ACCT00008,10,30DPD,1606.73
ACCT00009,10,Current,8375.95
ACCT00010,10,ChargeOff,478.23
ACCT00011,10,ChargeOff,4458.97
ACCT00012,10,Current,1608.26
ACCT00013,10,Current,3408.29
ACCT00014,10,Current,4260.33
ACCT00015,10,Current,4618.05
ACCT00016,10,Current,2873.84
ACCT00017,10,Current,416.9
ACCT00018,10,ChargeOff,6982.67
ACCT00019,10,30DPD,5726.3
ACCT00020,10,Current,6540.55
ACCT00021,10,60DPD,1385.84
ACCT00022,10,Current,233.23
ACCT00023,10,90DPD,2524.95
ACCT00024,10,Current,4241.63
ACCT00025,10,Current,3680.64
ACCT00026,10,Current,8406.54
ACCT00027,10,Current,4352.24
ACCT00028,10,Current,4692.34
ACCT00029,10,Current,6535.41
ACCT00030,10,Current,395.89
ACCT00031,10,Current,4891.69
ACCT00032,10,Current,2864.62
ACCT00033,10,Current,3323.14
ACCT00034,10,60DPD,828.84
ACCT00035,10,30DPD,10170.38
ACCT00036,10,Current,9245.35
ACCT00037,10,Current,441.09
ACCT00038,10,Current,4978.33
ACCT00039,10,ChargeOff,7003.0
ACCT00040,10,Current,2981.36
ACCT00041,10,Current,6351.61
ACCT00042,10,Current,6687.1
ACCT00043,10,30DPD,7881.31
ACCT00044,10,30DPD,9351.09
ACCT00045,10,Current,557.49
ACCT00046,10,Current,4198.05
ACCT00047,10,Current,8036.44
ACCT00048,10,Current,1321.0
ACCT00049,10,Current,4340.27
ACCT00050,10,Current,6758.38
ACCT00051,10,Current,249.67
ACCT00052,10,Current,4167.55
ACCT00053,10,30DPD,7176.4
ACCT00054,10,Current,3182.1
ACCT00055,10,ChargeOff,5906.37
ACCT00056,10,Current,7761.06
ACCT00057,10,Current,3675.54
ACCT00058,10,Current,1494.82
ACCT00059,10,Current,555.51
ACCT00060,10,Current,10586.39
ACCT00061,10,Current,2706.3
ACCT00062,10,30DPD,3018.56
ACCT00063,10,Current,697.52
ACCT00064,10,Current,5339.26
ACCT00065,10,60DPD,9403.41
ACCT00066,10,Current,3634.31
ACCT00067,10,Current,7925.67
ACCT00068,10,Current,3098.18
ACCT00069,10,30DPD,5581.77
ACCT00070,10,Current,7015.21
ACCT00071,10,Current,3854.15
ACCT00072,10,Current,2693.62
ACCT00073,10,Current,6637.32
ACCT00074,10,Current,3059.23
ACCT00075,10,ChargeOff,5994.58
ACCT00076,10,Current,10254.51
ACCT00077,10,Current,1516.63
ACCT00078,10,Current,3777.93
ACCT00079,10,Current,337.0
ACCT00080,10,Current,3028.62
ACCT00081,10,Current,2653.09
ACCT00082,10,Current,4515.02
ACCT00083,10,Current,2712.15
ACCT00084,10,Current,5613.83
ACCT00085,10,Current,2076.04
ACCT00086,10,90DPD,3408.55
ACCT00087,10,60DPD,3492.71
ACCT00088,10,Current,6272.05
ACCT00089,10,Current,3652.41
ACCT00090,10,Current,3688.02
ACCT00091,10,Current,6365.95
ACCT00092,10,Current,5981.13
ACCT00093,10,Current,1832.43
ACCT00094,10,Current,10209.92
ACCT00095,10,ChargeOff,3975.57
ACCT00096,10,Current,510.79
ACCT00097,10,30DPD,4564.56
ACCT00098,10,60DPD,1664.03
ACCT00099,10,Current,2347.35
ACCT00100,10,Current,6499.06
ACCT00101,10,Current,1753.43
ACCT00102,10,Current,8488.75
ACCT00103,10,Current,8647.78
ACCT00104,10,Current,5188.25
ACCT00105,10,Current,7291.22
ACCT00106,10,Current,6128.81
ACCT00107,10,Current,7380.97
ACCT00108,10,Current,3421.03
ACCT00109,10,Current,1457.3
ACCT00110,10,Current,4700.53
ACCT00111,10,Current,4933.92
ACCT00112,10,Current,2085.69
ACCT00113,10,Current,5681.76
ACCT00114,10,Current,216.91
ACCT00115,10,ChargeOff,9268.29
ACCT00116,10,Current,2494.9
ACCT00117,10,Current,431.62
ACCT00118,10,Current,1631.73
ACCT00119,10,ChargeOff,2940.73
ACCT00120,10,Current,2285.5
ACCT00121,10,Current,376.41
ACCT00122,10,Current,2505.94
ACCT00123,10,Current,1564.07
ACCT00124,10,Current,3280.35
ACCT00125,10,Current,2824.77
ACCT00126,10,Current,3324.38
ACCT00127,10,Current,3513.98
ACCT00128,10,Current,1237.28
ACCT00129,10,Current,394.69
ACCT00130,10,Current,1841.23
ACCT00131,10,Current,6182.88
ACCT00132,10,ChargeOff,9792.41
ACCT00133,10,Current,9847.83
ACCT00134,10,Current,5289.12
ACCT00135,10,Current,4295.85
ACCT00136,10,Current,3069.46
ACCT00137,10,Current,3992.4
ACCT00138,10,Current,8591.22
ACCT00139,10,Current,7748.96
ACCT00140,10,60DPD,11192.98
ACCT00141,10,Current,3394.63
ACCT00142,10,ChargeOff,8544.69
ACCT00143,10,Current,5589.76
ACCT00144,10,Current,3366.84
ACCT00145,10,30DPD,6253.62
ACCT00146,10,60DPD,971.16
ACCT00147,10,Current,8579.0
ACCT00148,10,Current,5702.31
ACCT00149,10,Current,1065.64
ACCT00150,10,Current,8052.14
ACCT00151,10,Current,513.84
ACCT00152,10,Current,6570.57
ACCT00153,10,Current,5661.14
ACCT00154,10,Current,5453.97
ACCT00155,10,Current,8446.56
ACCT00156,10,ChargeOff,1320.7
ACCT00157,10,Current,2542.06
ACCT00158,10,Current,4908.54
ACCT00159,10,Current,425.27
ACCT00160,10,30DPD,4301.32
ACCT00161,10,Current,2181.99
ACCT00162,10,Current,3246.16
ACCT00163,10,Current,5041.4
ACCT00164,10,Current,10505.01
ACCT00165,10,Current,2472.67
ACCT00166,10,60DPD,8154.17
ACCT00167,10,Current,4318.51
ACCT00168,10,Current,1837.19
ACCT00169,10,ChargeOff,5778.82
ACCT00170,10,Current,3303.72
ACCT00171,10,Current,2617.0
ACCT00172,10,Current,5101.51
ACCT00173,10,Current,1784.7
ACCT00174,10,Current,3591.75
ACCT00175,10,90DPD,5301.41
ACCT00176,10,ChargeOff,4667.79
ACCT00177,10,ChargeOff,12393.9
ACCT00178,10,Current,2028.92
ACCT00179,10,Current,6614.74
ACCT00180,10,Current,9899.41
ACCT00181,10,Current,12206.71
ACCT00182,10,Current,7176.04
ACCT00183,10,Current,1158.12
ACCT00184,10,Current,3916.0
ACCT00185,10,Current,1771.53
ACCT00186,10,Current,10696.92
ACCT00187,10,Current,6203.52
ACCT00188,10,Current,2136.86
ACCT00189,10,Current,8584.08
ACCT00190,10,90DPD,1094.9
ACCT00191,10,Current,5054.48
ACCT00192,10,Current,5182.16
ACCT00193,10,Current,694.67
ACCT00194,10,Current,6430.81
ACCT00195,10,Current,5682.19
ACCT00196,10,Current,823.76
ACCT00197,10,Current,5620.91
ACCT00198,10,Current,1889.12
ACCT00199,10,30DPD,5285.55
ACCT00200,10,Current,1210.33
ACCT00201,10,ChargeOff,12012.76
ACCT00202,10,Current,8797.07
ACCT00203,10,30DPD,1914.03
ACCT00204,10,Current,3738.97
ACCT00205,10,Current,4835.05
ACCT00206,10,ChargeOff,7523.14
ACCT00207,10,30DPD,4240.48
ACCT00208,10,Current,1357.65
ACCT00209,10,Current,855.26
ACCT00210,10,Current,9080.7
ACCT00211,10,Current,3669.96
ACCT00212,10,90DPD,9650.63
ACCT00213,10,ChargeOff,3771.44
ACCT00214,10,ChargeOff,11819.79
ACCT00215,10,Current,834.63
ACCT00216,10,Current,1356.8
ACCT00217,10,Current,12432.46
ACCT00218,10,Current,8367.34
ACCT00219,10,60DPD,2132.95
ACCT00220,10,Current,3562.68
ACCT00221,10,Current,4845.81
ACCT00222,10,Current,3900.2
ACCT00223,10,Current,2115.91
ACCT00224,10,Current,9281.53
ACCT00225,10,Current,2468.64
ACCT00226,10,Current,8936.27
ACCT00227,10,Current,932.16
ACCT00228,10,Current,539.4
ACCT00229,10,Current,5788.28
ACCT00230,10,Current,3479.64
ACCT00231,10,Current,6380.05
ACCT00232,10,ChargeOff,1408.46
ACCT00233,10,Current,8455.44
ACCT00234,10,ChargeOff,10068.76
ACCT00235,10,Current,11817.7
ACCT00236,10,Current,1074.71
ACCT00237,10,Current,2826.86
ACCT00238,10,60DPD,3370.34
ACCT00239,10,Current,5307.8
ACCT00240,10,Current,2403.64
ACCT00241,10,Current,697.7
ACCT00242,10,Current,3169.03
ACCT00243,10,Current,2453.17
ACCT00244,10,Current,3227.72
ACCT00245,10,Current,2345.57
ACCT00246,10,90DPD,2412.42
ACCT00247,10,Current,4897.97
ACCT00248,10,Current,4271.81
ACCT00249,10,90DPD,4581.55
ACCT00250,10,Current,5465.49
ACCT00251,10,Current,8240.19
ACCT00252,10,Current,2731.29
ACCT00253,10,Current,4224.45
ACCT00254,10,Current,10409.97
ACCT00255,10,Current,4731.88
ACCT00256,10,90DPD,10364.03
ACCT00257,10,Current,6541.67
ACCT00258,10,Current,554.2
ACCT00259,10,Current,4475.66
ACCT00260,10,Current,5496.29
ACCT00261,10,60DPD,10287.32
ACCT00262,10,60DPD,6031.5
ACCT00263,10,Current,1045.13
ACCT00264,10,ChargeOff,6809.74
ACCT00265,10,30DPD,1259.19
ACCT00266,10,Current,7100.44
ACCT00267,10,Current,4729.26
ACCT00268,10,Current,6588.68
ACCT00269,10,30DPD,7158.22
ACCT00270,10,Current,5683.36
ACCT00271,10,Current,5430.84
ACCT00272,10,30DPD,5170.65
ACCT00273,10,Current,10677.65
ACCT00274,10,Current,8628.39
ACCT00275,10,Current,370.88
ACCT00276,10,Current,4217.04
ACCT00277,10,Current,2988.83
ACCT00278,10,Current,9098.31
ACCT00279,10,30DPD,4408.29
ACCT00280,10,Current,4123.82
ACCT00281,10,Current,1380.74
ACCT00282,10,Current,3581.76
ACCT00283,10,Current,7013.95
ACCT00284,10,Current,2158.74
ACCT00285,10,Current,1002.29
ACCT00286,10,Current,10742.55
ACCT00287,10,Current,6657.7
ACCT00288,10,30DPD,1798.64
ACCT00289,10,Current,2403.11
ACCT00290,10,Current,10426.7
ACCT00291,10,Current,8684.28
ACCT00292,10,ChargeOff,8431.7
ACCT00293,10,Current,2545.49
ACCT00294,10,Current,3131.75
ACCT00295,10,Current,642.36
ACCT00296,10,ChargeOff,7675.18
ACCT00297,10,Current,590.78
ACCT00298,10,ChargeOff,198.51
ACCT00299,10,Current,5883.11
ACCT00300,10,60DPD,8917.69
ACCT00301,10,Current,8546.39
ACCT00302,10,Current,4840.25
ACCT00303,10,Current,5515.12
ACCT00304,10,Current,3692.97
ACCT00305,10,ChargeOff,4644.82
ACCT00306,10,Current,5190.33
ACCT00307,10,Current,2788.56
ACCT00308,10,Current,4248.92
ACCT00309,10,Current,6524.19
ACCT00310,10,Current,9274.52
ACCT00311,10,Current,1041.59
ACCT00312,10,60DPD,3008.56
ACCT00313,10,ChargeOff,1775.39
ACCT00314,10,60DPD,4041.53
ACCT00315,10,Current,2437.52
ACCT00316,10,Current,1554.39
ACCT00317,10,Current,7939.24
ACCT00318,10,Current,3695.34
ACCT00319,10,ChargeOff,10824.36
ACCT00320,10,Current,373.49
ACCT00321,10,90DPD,797.1
ACCT00322,10,30DPD,3094.9
ACCT00323,10,Current,797.72
ACCT00324,10,ChargeOff,2706.3
ACCT00325,10,Current,13110.4
ACCT00326,10,ChargeOff,2097.33
ACCT00327,10,Current,1783.48
ACCT00328,10,Current,5585.86
ACCT00329,10,90DPD,6217.83
ACCT00330,10,Current,5070.47
ACCT00331,10,30DPD,3020.5
ACCT00332,10,Current,6644.47
ACCT00333,10,Current,1586.19
ACCT00334,10,60DPD,5509.89
ACCT00335,10,Current,5380.1
ACCT00336,10,Current,6293.94
ACCT00337,10,Current,3018.67
ACCT00338,10,Current,6606.23
ACCT00339,10,Current,775.98
ACCT00340,10,ChargeOff,1357.57
ACCT00341,10,Current,722.47
ACCT00342,10,ChargeOff,6628.89
ACCT00343,10,Current,3225.44
ACCT00344,10,Current,7459.99
ACCT00345,10,Current,858.04
ACCT00346,10,90DPD,9320.85
ACCT00347,10,ChargeOff,10703.54
ACCT00348,10,Current,1062.3
ACCT00349,10,Current,348.84
ACCT00350,10,Current,897.17
ACCT00351,10,60DPD,5324.09
ACCT00352,10,Current,2260.98
ACCT00353,10,Current,5554.69
ACCT00354,10,Current,3559.95
ACCT00355,10,Current,9355.6
ACCT00356,10,Current,4366.87
ACCT00357,10,Current,4009.6
ACCT00358,10,Current,11255.98
ACCT00359,10,Current,1376.24
ACCT00360,10,Current,10136.35
ACCT00361,10,Current,517.89
ACCT00362,10,Current,5158.28
ACCT00363,10,30DPD,7334.91
ACCT00364,10,Current,5697.44
ACCT00365,10,Current,5529.67
ACCT00366,10,Current,3051.14
ACCT00367,10,30DPD,5091.34
ACCT00368,10,ChargeOff,3949.92
ACCT00369,10,30DPD,4841.71
ACCT00370,10,60DPD,4358.24
ACCT00371,10,Current,2385.66
ACCT00372,10,Current,2277.06
ACCT00373,10,Current,1607.63
ACCT00374,10,Current,4115.88
ACCT00375,10,Current,1572.87
ACCT00376,10,Current,7885.26
ACCT00377,10,Current,6842.2
ACCT00378,10,Current,1427.85
ACCT00379,10,Current,6482.58
ACCT00380,10,ChargeOff,9123.55
ACCT00381,10,Current,2094.65
ACCT00382,10,Current,1624.99
ACCT00383,10,Current,209.35
ACCT00384,10,Current,447.08
ACCT00385,10,ChargeOff,11481.32
ACCT00386,10,Current,9473.23
ACCT00387,10,Current,431.51
ACCT00388,10,Current,5534.38
ACCT00389,10,Current,586.93
ACCT00390,10,Current,5326.27
ACCT00391,10,Current,8949.55
ACCT00392,10,Current,3390.45
ACCT00393,10,ChargeOff,282.08
ACCT00394,10,Current,6144.11
ACCT00395,10,60DPD,10175.55
ACCT00396,10,Current,2295.14
ACCT00397,10,Current,1923.75
ACCT00398,10,90DPD,1321.14
ACCT00399,10,Current,5958.41
ACCT00400,10,Current,6806.49
ACCT00401,10,Current,6539.0
ACCT00402,10,90DPD,7056.96
ACCT00403,10,90DPD,9988.81
ACCT00404,10,ChargeOff,12125.44
ACCT00405,10,Current,2231.18
ACCT00406,10,Current,4829.47
ACCT00407,10,Current,2922.21
ACCT00408,10,Current,3239.34
ACCT00409,10,ChargeOff,13992.78
ACCT00410,10,Current,7032.19
ACCT00411,10,Current,7401.27
ACCT00412,10,Current,4034.82
ACCT00413,10,30DPD,5305.31
ACCT00414,10,Current,3674.45
ACCT00415,10,Current,1237.04
ACCT00416,10,Current,3158.19
ACCT00417,10,Current,6279.7
ACCT00418,10,Current,944.31
ACCT00419,10,Current,10103.22
ACCT00420,10,Current,987.01
ACCT00421,10,Current,1912.31
ACCT00422,10,Current,6098.2
ACCT00423,10,Current,790.65
ACCT00424,10,Current,9859.26
ACCT00425,10,30DPD,9221.17
ACCT00426,10,Current,946.59
ACCT00427,10,Current,6459.17
ACCT00428,10,30DPD,5164.76
ACCT00429,10,Current,7145.7
ACCT00430,10,Current,9603.24
ACCT00431,10,Current,7057.6
ACCT00432,10,Current,6851.3
ACCT00433,10,Current,3135.31
ACCT00434,10,60DPD,5873.19
ACCT00435,10,Current,7138.15
ACCT00436,10,Current,5814.86
ACCT00437,10,Current,7021.9
ACCT00438,10,Current,3664.06
ACCT00439,10,Current,7632.97
ACCT00440,10,90DPD,10450.17
ACCT00441,10,Current,1326.88
ACCT00442,10,Current,2065.62
ACCT00443,10,Current,4942.01
ACCT00444,10,Current,5676.2
ACCT00445,10,Current,6195.1
ACCT00446,10,ChargeOff,855.84
ACCT00447,10,Current,3848.49
ACCT00448,10,Current,4860.27
ACCT00449,10,Current,6360.36
ACCT00450,10,ChargeOff,6134.47
ACCT00451,10,Current,6392.79
ACCT00452,10,Current,7334.68
ACCT00453,10,90DPD,7591.25
ACCT00454,10,Current,6257.06
ACCT00455,10,Current,5273.68
ACCT00456,10,ChargeOff,9171.71
ACCT00457,10,Current,816.0
ACCT00458,10,Current,2272.84
ACCT00459,10,Current,5680.79
ACCT00460,10,Current,6364.77
ACCT00461,10,Current,7732.61
ACCT00462,10,Current,860.98
ACCT00463,10,Current,6562.5
ACCT00464,10,Current,2616.98
ACCT00465,10,Current,6205.52
ACCT00466,10,Current,8157.62
ACCT00467,10,Current,6530.48
ACCT00468,10,Current,6397.03
ACCT00469,10,Current,3362.25
ACCT00470,10,Current,3678.03
ACCT00471,10,Current,7256.21
ACCT00472,10,Current,7205.21
ACCT00473,10,Current,6105.96
ACCT00474,10,Current,3423.49
ACCT00475,10,Current,760.62
ACCT00476,10,30DPD,1565.62
ACCT00477,10,Current,1857.31
ACCT00478,10,Current,4357.07
ACCT00479,10,Current,8156.8
ACCT00480,10,Current,3470.22
ACCT00481,10,60DPD,1798.34
ACCT00482,10,Current,837.86
ACCT00483,10,Current,2581.19
ACCT00484,10,Current,8907.45
ACCT00485,10,Current,4842.94
ACCT00486,10,Current,5842.89
ACCT00487,10,Current,6441.65
ACCT00488,10,Current,1600.43
ACCT00489,10,Current,6360.58
ACCT00490,10,Current,10201.27
ACCT00491,10,Current,2954.7
ACCT00492,10,Current,581.81
ACCT00493,10,Current,10997.98
ACCT00494,10,Current,6691.65
ACCT00495,10,Current,4828.72
ACCT00496,10,Current,4954.88
ACCT00497,10,Current,1854.9
ACCT00498,10,30DPD,7919.06
ACCT00499,10,Current,5326.92
ACCT00500,10,Current,259.21
ACCT00501,10,Current,6453.94
ACCT00502,10,Current,7089.18
ACCT00503,10,Current,7445.84
ACCT00504,10,Current,2114.72
ACCT00505,10,Current,651.14
ACCT00506,10,Current,12154.57
ACCT00507,10,Current,9521.72
ACCT00508,10,Current,4395.1
ACCT00509,10,Current,4480.03
ACCT00510,10,Current,4666.76
ACCT00511,10,Current,4844.77
ACCT00512,10,30DPD,1470.06
ACCT00513,10,Current,1101.53
ACCT00514,10,Current,2842.66
ACCT00515,10,Current,9136.52
ACCT00516,10,Current,1985.92
ACCT00517,10,Current,1677.77
ACCT00518,10,Current,5287.04
ACCT00519,10,Current,2447.84
ACCT00520,10,Current,1774.37
ACCT00521,10,90DPD,5123.48
ACCT00522,10,Current,2870.06
ACCT00523,10,Current,5205.2
ACCT00524,10,60DPD,6332.48
ACCT00525,10,Current,1685.05
ACCT00526,10,Current,7422.16
ACCT00527,10,ChargeOff,13556.85
ACCT00528,10,Current,9803.51
ACCT00529,10,ChargeOff,8209.31
ACCT00530,10,Current,5593.92
ACCT00531,10,30DPD,6565.33
ACCT00532,10,Current,6142.85
ACCT00533,10,Current,245.43
ACCT00534,10,Current,8546.43
ACCT00535,10,Current,5609.88
ACCT00536,10,Current,5836.74
ACCT00537,10,Current,3476.81
ACCT00538,10,Current,223.28
ACCT00539,10,Current,4314.61
ACCT00540,10,ChargeOff,7706.41
ACCT00541,10,Current,4528.62
ACCT00542,10,Current,2492.18
ACCT00543,10,ChargeOff,3897.43
ACCT00544,10,Current,4726.5
ACCT00545,10,30DPD,2502.98
ACCT00546,10,Current,7411.18
ACCT00547,10,ChargeOff,2054.4
ACCT00548,10,Current,3428.18
ACCT00549,10,Current,3283.64
ACCT00550,10,Current,3470.15
ACCT00551,10,Current,4824.32
ACCT00552,10,Current,7330.55
ACCT00553,10,ChargeOff,14629.09
ACCT00554,10,Current,3574.08
ACCT00555,10,Current,5861.36
ACCT00556,10,Current,315.15
ACCT00557,10,Current,2227.48
ACCT00558,10,Current,4102.64
ACCT00559,10,Current,313.18
ACCT00560,10,Current,4617.63
ACCT00561,10,Current,7865.89
ACCT00562,10,Current,8597.9
ACCT00563,10,Current,4801.22
ACCT00564,10,30DPD,4287.07
ACCT00565,10,Current,3527.28
ACCT00566,10,Current,506.22
ACCT00567,10,ChargeOff,1284.85
ACCT00568,10,Current,6448.51
ACCT00569,10,Current,8369.46
ACCT00570,10,ChargeOff,391.13
ACCT00571,10,ChargeOff,6706.78
ACCT00572,10,30DPD,4992.44
ACCT00573,10,Current,8905.61
ACCT00574,10,Current,5130.57
ACCT00575,10,Current,7081.41
ACCT00576,10,Current,5715.24
ACCT00577,10,Current,7230.66
ACCT00578,10,Current,1034.95
ACCT00579,10,Current,9811.71
ACCT00580,10,Current,358.2
ACCT00581,10,Current,8126.84
ACCT00582,10,Current,946.58
ACCT00583,10,60DPD,1849.17
ACCT00584,10,30DPD,194.88
ACCT00585,10,Current,5704.58
ACCT00586,10,Current,2834.64
ACCT00587,10,30DPD,2096.42
ACCT00588,10,Current,4924.95
ACCT00589,10,90DPD,4124.94
ACCT00590,10,Current,6763.9
ACCT00591,10,Current,6362.38
ACCT00592,10,Current,4498.42
ACCT00593,10,Current,1431.49
ACCT00594,10,30DPD,3790.77
ACCT00595,10,Current,10251.28
ACCT00596,10,Current,1015.5
ACCT00597,10,Current,3849.92
ACCT00598,10,ChargeOff,14149.07
ACCT00599,10,Current,8381.56
ACCT00600,10,ChargeOff,4338.27
ACCT00601,10,Current,6147.58
ACCT00602,10,Current,5306.57
ACCT00603,10,Current,4870.18
ACCT00604,10,ChargeOff,601.64
ACCT00605,10,Current,1216.34
ACCT00606,10,30DPD,5169.89
ACCT00607,10,Current,1924.91
ACCT00608,10,Current,5791.45
ACCT00609,10,Current,2761.25
ACCT00610,10,Current,10784.41
ACCT00611,10,30DPD,6537.45
ACCT00612,10,ChargeOff,6731.28
ACCT00613,10,Current,8277.33
ACCT00614,10,Current,2120.09
ACCT00615,10,Current,4565.74
ACCT00616,10,Current,2182.15
ACCT00617,10,60DPD,10227.25
ACCT00618,10,Current,7257.82
ACCT00619,10,60DPD,7838.49
ACCT00620,10,Current,7325.19
ACCT00621,10,Current,6600.33
ACCT00622,10,ChargeOff,3579.38
ACCT00623,10,Current,7914.61
ACCT00624,10,Current,5444.72
ACCT00625,10,ChargeOff,4735.62
ACCT00626,10,Current,5735.77
ACCT00627,10,Current,3372.21
ACCT00628,10,Current,3301.49
ACCT00629,10,Current,2092.51
ACCT00630,10,Current,944.15
ACCT00631,10,Current,4599.35
ACCT00632,10,Current,9810.32
ACCT00633,10,Current,5223.03
ACCT00634,10,Current,6099.94
ACCT00635,10,Current,4743.73
ACCT00636,10,Current,3335.18
ACCT00637,10,Current,2131.55
ACCT00638,10,Current,7686.74
ACCT00639,10,Current,2095.47
ACCT00640,10,ChargeOff,9620.32
ACCT00641,10,Current,5794.79
ACCT00642,10,Current,5168.49
ACCT00643,10,Current,9520.13
ACCT00644,10,ChargeOff,3876.11
ACCT00645,10,Current,7276.05
ACCT00646,10,Current,7299.6
ACCT00647,10,Current,6384.41
ACCT00648,10,Current,7566.72
ACCT00649,10,Current,7137.27
ACCT00650,10,Current,10976.61
ACCT00651,10,30DPD,2843.11
ACCT00652,10,Current,9904.04
ACCT00653,10,ChargeOff,8957.2
ACCT00654,10,Current,5447.5
ACCT00655,10,Current,10298.19
ACCT00656,10,Current,3705.88
ACCT00657,10,30DPD,5011.99
ACCT00658,10,Current,1119.01
ACCT00659,10,Current,1750.9
ACCT00660,10,Current,8363.47
ACCT00661,10,Current,5341.1
ACCT00662,10,90DPD,5503.67
ACCT00663,10,Current,1983.52
ACCT00664,10,Current,5445.8
ACCT00665,10,Current,10425.74
ACCT00666,10,Current,8490.11
ACCT00667,10,ChargeOff,1237.69
ACCT00668,10,30DPD,4952.52
ACCT00669,10,Current,3275.34
ACCT00670,10,Current,6019.2
ACCT00671,10,Current,3266.87
ACCT00672,10,ChargeOff,6099.94
ACCT00673,10,Current,5526.29
ACCT00674,10,Current,6937.1
ACCT00675,10,Current,6219.07
ACCT00676,10,90DPD,4004.92
ACCT00677,10,Current,5595.75
ACCT00678,10,Current,6536.81
ACCT00679,10,Current,3342.69
ACCT00680,10,Current,7519.85
ACCT00681,10,30DPD,6015.54
ACCT00682,10,Current,1240.12
ACCT00683,10,Current,7135.29
ACCT00684,10,Current,3194.81
ACCT00685,10,Current,6413.94
ACCT00686,10,Current,1723.68
ACCT00687,10,Current,5967.16
ACCT00688,10,Current,3010.93
ACCT00689,10,Current,5576.25
ACCT00690,10,Current,10349.6
ACCT00691,10,90DPD,3624.54
ACCT00692,10,Current,10442.38
ACCT00693,10,Current,10367.43
ACCT00694,10,Current,9095.48
ACCT00695,10,Current,1344.44
ACCT00696,10,Current,9461.06
ACCT00697,10,Current,336.1
ACCT00698,10,Current,4378.88
ACCT00699,10,Current,6530.4
ACCT00700,10,Current,6515.12
ACCT00701,10,Current,5449.51
ACCT00702,10,Current,5283.89
ACCT00703,10,60DPD,7710.86
ACCT00704,10,30DPD,5018.78
ACCT00705,10,30DPD,3463.58
ACCT00706,10,Current,8602.71
ACCT00707,10,Current,1847.46
ACCT00708,10,Current,2022.48
ACCT00709,10,Current,5711.74
ACCT00710,10,ChargeOff,14585.52
ACCT00711,10,60DPD,1603.66
ACCT00712,10,Current,2657.68
ACCT00713,10,30DPD,1598.48
ACCT00714,10,Current,6325.41
ACCT00715,10,Current,2098.4
ACCT00716,10,30DPD,4534.46
ACCT00717,10,Current,13396.55
ACCT00718,10,Current,207.9
ACCT00719,10,Current,7400.73
ACCT00720,10,Current,3906.24
ACCT00721,10,30DPD,8916.74
ACCT00722,10,30DPD,3045.32
ACCT00723,10,ChargeOff,4547.78
ACCT00724,10,Current,1995.75
ACCT00725,10,Current,9951.9
ACCT00726,10,Current,6340.54
ACCT00727,10,Current,1658.68
ACCT00728,10,Current,4181.27
ACCT00729,10,Current,6526.43
ACCT00730,10,Current,132.9
ACCT00731,10,Current,2143.43
ACCT00732,10,30DPD,6383.58
ACCT00733,10,Current,3604.62
ACCT00734,10,60DPD,1898.15
ACCT00735,10,Current,5592.18
ACCT00736,10,Current,1751.8
ACCT00737,10,Current,4489.98
ACCT00738,10,Current,7183.6
ACCT00739,10,Current,6945.13
ACCT00740,10,Current,923.5
ACCT00741,10,Current,8002.69
ACCT00742,10,Current,1982.48
ACCT00743,10,Current,5790.31
ACCT00744,10,Current,3640.96
ACCT00745,10,Current,9014.96
ACCT00746,10,ChargeOff,2448.81
ACCT00747,10,Current,1954.85
ACCT00748,10,Current,5647.91
ACCT00749,10,Current,392.05
ACCT00750,10,Current,2473.67
ACCT00751,10,Current,5990.81
ACCT00752,10,Current,11438.08
ACCT00753,10,Current,922.94
ACCT00754,10,Current,8311.97
ACCT00755,10,90DPD,6320.62
ACCT00756,10,Current,7627.69
ACCT00757,10,30DPD,4114.73
ACCT00758,10,30DPD,6002.04
ACCT00759,10,Current,3627.59
ACCT00760,10,Current,6147.94
ACCT00761,10,Current,8005.27
ACCT00762,10,ChargeOff,1088.13
ACCT00763,10,Current,2658.69
ACCT00764,10,ChargeOff,1127.35
ACCT00765,10,30DPD,8062.07
ACCT00766,10,30DPD,3420.78
ACCT00767,10,Current,6167.51
ACCT00768,10,Current,8866.97
ACCT00769,10,Current,10330.31
ACCT00770,10,Current,1814.33
ACCT00771,10,Current,10474.8
ACCT00772,10,Current,7342.98
ACCT00773,10,Current,642.14
ACCT00774,10,Current,5118.45
ACCT00775,10,Current,3684.88
ACCT00776,10,Current,6041.56
ACCT00777,10,Current,4878.05
ACCT00778,10,60DPD,2555.01
ACCT00779,10,60DPD,1385.11
ACCT00780,10,ChargeOff,1311.62
ACCT00781,10,Current,962.16
ACCT00782,10,Current,8780.12
ACCT00783,10,Current,3849.04
ACCT00784,10,ChargeOff,3406.17
ACCT00785,10,Current,5801.23
ACCT00786,10,Current,6405.49
ACCT00787,10,Current,5634.46
ACCT00788,10,Current,7485.67
ACCT00789,10,Current,2692.52
ACCT00790,10,Current,8605.47
ACCT00791,10,Current,1038.53
ACCT00792,10,Current,6839.2
ACCT00793,10,Current,8233.97
ACCT00794,10,Current,9289.09
ACCT00795,10,Current,6165.55
ACCT00796,10,Current,6939.55
ACCT00797,10,30DPD,3243.37
ACCT00798,10,Current,7563.85
ACCT00799,10,Current,8022.1
ACCT00800,10,Current,7354.68
ACCT00801,10,Current,5150.5
ACCT00802,10,60DPD,696.98
ACCT00803,10,Current,4776.67
ACCT00804,10,Current,1205.91
ACCT00805,10,Current,3394.04
ACCT00806,10,Current,3665.43
ACCT00807,10,ChargeOff,6634.02
ACCT00808,10,Current,1510.75
ACCT00809,10,ChargeOff,2653.14
ACCT00810,10,Current,469.74
ACCT00811,10,Current,7784.38
ACCT00812,10,ChargeOff,10463.88
ACCT00813,10,Current,417.88
ACCT00814,10,Current,411.11
ACCT00815,10,30DPD,4552.66
ACCT00816,10,Current,2573.29
ACCT00817,10,Current,6053.79
ACCT00818,10,ChargeOff,3364.82
ACCT00819,10,Current,11546.84
ACCT00820,10,Current,2913.91
ACCT00821,10,Current,7287.04
ACCT00822,10,Current,611.19
ACCT00823,10,Current,12994.49
ACCT00824,10,Current,6312.61
ACCT00825,10,30DPD,6877.51
ACCT00826,10,60DPD,4303.73
ACCT00827,10,Current,1585.34
ACCT00828,10,30DPD,10689.39
ACCT00829,10,Current,4871.88
ACCT00830,10,ChargeOff,2248.29
ACCT00831,10,Current,4275.64
ACCT00832,10,Current,4499.16
ACCT00833,10,Current,6822.45
ACCT00834,10,Current,4968.75
ACCT00835,10,Current,5737.05
ACCT00836,10,Current,6963.58
ACCT00837,10,ChargeOff,3829.15
ACCT00838,10,Current,3478.21
ACCT00839,10,60DPD,652.39
ACCT00840,10,Current,7211.5
ACCT00841,10,Current,5764.05
ACCT00842,10,Current,4015.78
ACCT00843,10,Current,1815.93
ACCT00844,10,30DPD,2193.29
ACCT00845,10,Current,5863.0
ACCT00846,10,Current,2996.07
ACCT00847,10,Current,839.63
ACCT00848,10,Current,7820.78
ACCT00849,10,Current,3751.81
ACCT00850,10,Current,3527.87
ACCT00851,10,Current,3761.26
ACCT00852,10,Current,11978.47
ACCT00853,10,Current,1879.49
ACCT00854,10,Current,9022.95
ACCT00855,10,Current,6278.52
ACCT00856,10,Current,8890.12
ACCT00857,10,Current,3386.41
ACCT00858,10,Current,5664.52
ACCT00859,10,90DPD,2726.93
ACCT00860,10,Current,4182.96
ACCT00861,10,60DPD,8376.75
ACCT00862,10,60DPD,2831.29
ACCT00863,10,Current,1213.03
ACCT00864,10,Current,3565.92
ACCT00865,10,Current,1083.36
ACCT00866,10,Current,3429.66
ACCT00867,10,Current,5583.29
ACCT00868,10,Current,9712.01
ACCT00869,10,ChargeOff,396.92
ACCT00870,10,Current,6058.87
ACCT00871,10,Current,3418.01
ACCT00872,10,ChargeOff,338.81
ACCT00873,10,Current,3224.22
ACCT00874,10,Current,1492.47
ACCT00875,10,Current,1907.81
ACCT00876,10,Current,2911.13
ACCT00877,10,Current,3636.32
ACCT00878,10,Current,6269.74
ACCT00879,10,Current,148.14
ACCT00880,10,30DPD,1222.36
ACCT00881,10,ChargeOff,1258.36
ACCT00882,10,ChargeOff,8807.6
ACCT00883,10,Current,3226.09
ACCT00884,10,Current,6028.87
ACCT00885,10,Current,2347.49
ACCT00886,10,Current,446.83
ACCT00887,10,Current,8354.95
ACCT00888,10,Current,1224.81
ACCT00889,10,Current,1261.25
ACCT00890,10,Current,1591.55
ACCT00891,10,Current,11481.14
ACCT00892,10,Current,6795.5
ACCT00893,10,Current,6441.85
ACCT00894,10,Current,7186.26
ACCT00895,10,Current,865.24
ACCT00896,10,Current,8271.39
ACCT00897,10,60DPD,1580.84
ACCT00898,10,Current,5338.44
ACCT00899,10,Current,4586.14
ACCT00900,10,Current,3392.07
ACCT00901,10,Current,8540.73
ACCT00902,10,Current,1417.14
ACCT00903,10,Current,8431.51
ACCT00904,10,Current,2722.59
ACCT00905,10,Current,4338.49
ACCT00906,10,Current,9192.21
ACCT00907,10,Current,777.08
ACCT00908,10,Current,8025.98
ACCT00909,10,Current,4896.71
ACCT00910,10,Current,7356.23
ACCT00911,10,Current,1356.83
ACCT00912,10,90DPD,4854.57
ACCT00913,10,ChargeOff,8794.7
ACCT00914,10,ChargeOff,6952.46
ACCT00915,10,ChargeOff,2102.5
ACCT00916,10,Current,2860.33
ACCT00917,10,Current,6680.17
ACCT00918,10,Current,329.68
ACCT00919,10,Current,6070.3
ACCT00920,10,Current,7666.55
ACCT00921,10,Current,152.84
ACCT00922,10,60DPD,1443.34
ACCT00923,10,30DPD,6279.22
ACCT00924,10,Current,464.75
ACCT00925,10,Current,4964.51
ACCT00926,10,Current,5713.91
ACCT00927,10,Current,5273.03
ACCT00928,10,Current,2930.28
ACCT00929,10,Current,6399.84
ACCT00930,10,30DPD,5040.2
ACCT00931,10,30DPD,2357.16
ACCT00932,10,Current,5763.87
ACCT00933,10,Current,5724.73
ACCT00934,10,Current,8542.65
ACCT00935,10,Current,4589.29
ACCT00936,10,Current,3030.87
ACCT00937,10,Current,998.75
ACCT00938,10,Current,2459.64
ACCT00939,10,Current,212.2
ACCT00940,10,Current,11396.95
ACCT00941,10,Current,3000.5
ACCT00942,10,Current,7047.2
ACCT00943,10,Current,1622.38
ACCT00944,10,30DPD,3382.72
ACCT00945,10,Current,4436.0
ACCT00946,10,30DPD,3095.71
ACCT00947,10,Current,9252.99
ACCT00948,10,30DPD,9324.33
ACCT00949,10,Current,9047.76
ACCT00950,10,Current,1485.73
ACCT00951,10,Current,5513.27
ACCT00952,10,Current,1532.37
ACCT00953,10,60DPD,9592.34
ACCT00954,10,Current,4925.73
ACCT00955,10,Current,2623.06
ACCT00956,10,Current,1688.49
ACCT00957,10,Current,203.98
ACCT00958,10,Current,2975.75
ACCT00959,10,Current,5582.82
ACCT00960,10,Current,5640.9
ACCT00961,10,Current,7827.46
ACCT00962,10,Current,942.84
ACCT00963,10,Current,6153.89
ACCT00964,10,Current,3131.49
ACCT00965,10,Current,4895.64
ACCT00966,10,Current,2847.53
ACCT00967,10,Current,2895.44
ACCT00968,10,Current,4106.34
ACCT00969,10,Current,2198.98
ACCT00970,10,Current,4384.66
ACCT00971,10,Current,5886.44
ACCT00972,10,Current,1675.37
ACCT00973,10,Current,10327.2
ACCT00974,10,Current,4080.33
ACCT00975,10,90DPD,10498.46
ACCT00976,10,ChargeOff,7285.7
ACCT00977,10,Current,6509.65
ACCT00978,10,Current,8016.02
ACCT00979,10,Current,8715.49
ACCT00980,10,ChargeOff,9281.36
ACCT00981,10,Current,2536.73
ACCT00982,10,Current,961.94
ACCT00983,10,Current,4878.23
ACCT00984,10,Current,709.67
ACCT00985,10,30DPD,2177.78
ACCT00986,10,Current,621.9
ACCT00987,10,Current,5308.18
ACCT00988,10,Current,2086.68
ACCT00989,10,Current,8463.15
ACCT00990,10,Current,6897.22
ACCT00991,10,Current,11477.83
ACCT00992,10,Current,3486.73
ACCT00993,10,Current,6941.6
ACCT00994,10,ChargeOff,5547.69
ACCT00995,10,30DPD,5444.86
ACCT00996,10,ChargeOff,7145.27
ACCT00997,10,Current,2039.74
ACCT00998,10,ChargeOff,14692.8
ACCT00999,10,60DPD,1673.81
ACCT01000,10,Current,10028.06
ACCT01001,10,Current,4667.86
ACCT01002,10,Current,1737.7
ACCT01003,10,ChargeOff,8569.09
ACCT01004,10,Current,763.46
ACCT01005,10,Current,9175.46
ACCT01006,10,Current,4777.32
ACCT01007,10,Current,863.71
ACCT01008,10,Current,915.95
ACCT01009,10,30DPD,7541.6
ACCT01010,10,Current,3229.92
ACCT01011,10,Current,6941.2
ACCT01012,10,Current,9532.86
ACCT01013,10,ChargeOff,9392.98
ACCT01014,10,Current,3674.96
ACCT01015,10,Current,7665.62
ACCT01016,10,Current,7954.04
ACCT01017,10,Current,1187.57
ACCT01018,10,Current,3905.92
ACCT01019,10,Current,2634.98
ACCT01020,10,Current,4181.28
ACCT01021,10,Current,7019.65
ACCT01022,10,ChargeOff,7218.79
ACCT01023,10,Current,4834.32
ACCT01024,10,Current,2940.92
ACCT01025,10,ChargeOff,1602.86
ACCT01026,10,90DPD,2653.74
ACCT01027,10,Current,7931.58
ACCT01028,10,Current,4653.26
ACCT01029,10,Current,2850.28
ACCT01030,10,Current,8051.74
ACCT01031,10,Current,757.98
ACCT01032,10,Current,2099.0
ACCT01033,10,Current,2567.26
ACCT01034,10,Current,8752.36
ACCT01035,10,Current,6868.85
ACCT01036,10,Current,7872.23
ACCT01037,10,30DPD,147.08
ACCT01038,10,60DPD,2273.1
ACCT01039,10,Current,8750.19
ACCT01040,10,Current,3107.43
ACCT01041,10,ChargeOff,11099.66
ACCT01042,10,Current,6908.49
ACCT01043,10,Current,3248.61
ACCT01044,10,Current,5615.25
ACCT01045,10,ChargeOff,11628.21
ACCT01046,10,Current,3370.3
ACCT01047,10,Current,6341.71
ACCT01048,10,Current,9492.12
ACCT01049,10,Current,2311.49
ACCT01050,10,Current,8244.71
ACCT01051,10,Current,872.29
ACCT01052,10,Current,8066.69
ACCT01053,10,Current,7594.42
ACCT01054,10,Current,6811.06
ACCT01055,10,Current,2785.79
ACCT01056,10,60DPD,6208.8
ACCT01057,10,ChargeOff,1970.99
ACCT01058,10,Current,1636.42
ACCT01059,10,Current,2537.78
ACCT01060,10,ChargeOff,7967.52
ACCT01061,10,Current,3461.8
ACCT01062,10,Current,3315.13
ACCT01063,10,ChargeOff,12827.31
ACCT01064,10,30DPD,3195.37
ACCT01065,10,60DPD,3586.47
ACCT01066,10,Current,4345.07
ACCT01067,10,Current,2630.4
ACCT01068,10,Current,5422.12
ACCT01069,10,Current,3673.46
ACCT01070,10,60DPD,321.76
ACCT01071,10,Current,9510.48
ACCT01072,10,Current,8295.98
ACCT01073,10,Current,8136.06
ACCT01074,10,Current,9436.87
ACCT01075,10,Current,8074.25
ACCT01076,10,60DPD,3129.86
ACCT01077,10,Current,5765.87
ACCT01078,10,Current,8816.53
ACCT01079,10,Current,2806.78
ACCT01080,10,ChargeOff,2514.16
ACCT01081,10,Current,1253.39
ACCT01082,10,ChargeOff,9206.12
ACCT01083,10,Current,8398.81
ACCT01084,10,ChargeOff,11423.6
ACCT01085,10,Current,3057.22
ACCT01086,10,Current,1771.43
ACCT01087,10,Current,2994.51
ACCT01088,10,Current,3968.03
ACCT01089,10,30DPD,9189.45
ACCT01090,10,Current,9197.1
ACCT01091,10,Current,6291.3
ACCT01092,10,60DPD,7951.85
ACCT01093,10,90DPD,9816.89
ACCT01094,10,Current,4504.88
ACCT01095,10,30DPD,590.35
ACCT01096,10,Current,937.75
ACCT01097,10,Current,3741.2
ACCT01098,10,Current,2367.38
ACCT01099,10,Current,1462.81
ACCT01100,10,Current,7540.35
ACCT01101,10,Current,1948.4
ACCT01102,10,Current,9981.09
ACCT01103,10,Current,5810.66
ACCT01104,10,Current,6183.83
ACCT01105,10,60DPD,3900.95
ACCT01106,10,60DPD,3153.4
ACCT01107,10,Current,6953.81
ACCT01108,10,ChargeOff,2963.04
ACCT01109,10,ChargeOff,10765.28
ACCT01110,10,Current,3750.32
ACCT01111,10,Current,2958.86
ACCT01112,10,30DPD,6453.85
ACCT01113,10,Current,7471.3
ACCT01114,10,ChargeOff,5890.53
ACCT01115,10,Current,5529.27
ACCT01116,10,Current,1359.41
ACCT01117,10,Current,7067.47
ACCT01118,10,Current,2786.68
ACCT01119,10,Current,1754.38
ACCT01120,10,Current,1245.62
ACCT01121,10,Current,2517.23
ACCT01122,10,Current,3168.89
ACCT01123,10,Current,3860.7
ACCT01124,10,Current,1819.48
ACCT01125,10,Current,1738.93
ACCT01126,10,Current,6599.15
ACCT01127,10,Current,1212.83
ACCT01128,10,Current,5005.03
ACCT01129,10,ChargeOff,14170.42
ACCT01130,10,ChargeOff,6516.58
ACCT01131,10,Current,10166.75
ACCT01132,10,Current,1096.7
ACCT01133,10,Current,594.72
ACCT01134,10,90DPD,6929.32
ACCT01135,10,ChargeOff,9023.75
ACCT01136,10,Current,11129.84
ACCT01137,10,Current,641.53
ACCT01138,10,Current,7082.51
ACCT01139,10,Current,4867.68
ACCT01140,10,Current,3139.81
ACCT01141,10,Current,1504.01
ACCT01142,10,90DPD,9653.77
ACCT01143,10,60DPD,609.49
ACCT01144,10,Current,6831.41
ACCT01145,10,Current,5640.09
ACCT01146,10,Current,6140.38
ACCT01147,10,Current,5723.81
ACCT01148,10,Current,5760.09
ACCT01149,10,Current,2032.51
ACCT01150,10,Current,141.73
ACCT01151,10,30DPD,4528.13
ACCT01152,10,Current,3561.43
ACCT01153,10,Current,1590.69
ACCT01154,10,Current,1752.29
ACCT01155,10,ChargeOff,3399.34
ACCT01156,10,Current,839.66
ACCT01157,10,Current,747.1
ACCT01158,10,ChargeOff,12064.28
ACCT01159,10,Current,4223.96
ACCT01160,10,Current,7400.63
ACCT01161,10,Current,6769.51
ACCT01162,10,Current,1427.56
ACCT01163,10,Current,5376.06
ACCT01164,10,Current,5907.96
ACCT01165,10,Current,6996.01
ACCT01166,10,30DPD,947.52
ACCT01167,10,Current,1861.45
ACCT01168,10,Current,829.73
ACCT01169,10,Current,5128.17
ACCT01170,10,Current,8571.85
ACCT01171,10,Current,5838.33
ACCT01172,10,Current,9083.47
ACCT01173,10,Current,11350.02
ACCT01174,10,Current,6346.65
ACCT01175,10,Current,575.2
ACCT01176,10,Current,7263.35
ACCT01177,10,Current,4636.14
ACCT01178,10,Current,182.75
ACCT01179,10,Current,5490.99
ACCT01180,10,Current,7098.59
ACCT01181,10,Current,2590.89
ACCT01182,10,Current,4338.77
ACCT01183,10,ChargeOff,1792.36
ACCT01184,10,Current,879.56
ACCT01185,10,Current,845.99
ACCT01186,10,Current,9121.66
ACCT01187,10,ChargeOff,12988.3
ACCT01188,10,Current,1230.67
ACCT01189,10,ChargeOff,3932.82
ACCT01190,10,Current,2007.61
ACCT01191,10,Current,453.91
ACCT01192,10,Current,5775.29
ACCT01193,10,ChargeOff,9247.54
ACCT01194,10,Current,5244.67
ACCT01195,10,Current,3504.97
ACCT01196,10,Current,6063.46
ACCT01197,10,Current,891.48
ACCT01198,10,ChargeOff,2054.12
ACCT01199,10,Current,8136.11
ACCT01200,10,Current,7628.97
ACCT01201,10,Current,7660.05
ACCT01202,10,Current,9025.64
ACCT01203,10,Current,5887.6
ACCT01204,10,Current,7212.7
ACCT01205,10,Current,3289.33
ACCT01206,10,ChargeOff,221.85
ACCT01207,10,Current,812.01
ACCT01208,10,90DPD,940.44
ACCT01209,10,Current,956.9
ACCT01210,10,Current,2533.78
ACCT01211,10,Current,6621.29
ACCT01212,10,Current,7913.75
ACCT01213,10,Current,6192.59
ACCT01214,10,60DPD,1333.34
ACCT01215,10,Current,4920.95
ACCT01216,10,Current,3239.23
ACCT01217,10,Current,237.92
ACCT01218,10,Current,4041.61
ACCT01219,10,Current,3079.95
ACCT01220,10,Current,2545.03
ACCT01221,10,Current,7127.13
ACCT01222,10,Current,5401.27
ACCT01223,10,Current,6444.19
ACCT01224,10,Current,1159.08
ACCT01225,10,Current,6645.94
ACCT01226,10,ChargeOff,6289.69
ACCT01227,10,Current,1484.42
ACCT01228,10,Current,7256.0
ACCT01229,10,60DPD,3910.19
ACCT01230,10,Current,3784.08
ACCT01231,10,Current,1405.09
ACCT01232,10,Current,4953.69
ACCT01233,10,Current,1311.64
ACCT01234,10,Current,1607.48
ACCT01235,10,Current,1185.3
ACCT01236,10,Current,6054.56
ACCT01237,10,Current,2717.26
ACCT01238,10,Current,2796.3
ACCT01239,10,Current,3193.41
ACCT01240,10,Current,7699.92
ACCT01241,10,Current,6356.39
ACCT01242,10,Current,10298.12
ACCT01243,10,Current,2438.94
ACCT01244,10,Current,1394.03
ACCT01245,10,30DPD,5285.86
ACCT01246,10,Current,2832.14
ACCT01247,10,Current,8317.45
ACCT01248,10,Current,8017.39
ACCT01249,10,Current,3668.97
ACCT01250,10,Current,7538.21
ACCT01251,10,Current,3830.97
ACCT01252,10,Current,3226.31
ACCT01253,10,Current,4954.37
ACCT01254,10,Current,548.18
ACCT01255,10,Current,6534.3
ACCT01256,10,Current,1728.28
ACCT01257,10,Current,2275.65
ACCT01258,10,90DPD,4114.14
ACCT01259,10,ChargeOff,836.03
ACCT01260,10,Current,639.82
ACCT01261,10,Current,5641.33
ACCT01262,10,Current,668.06
ACCT01263,10,Current,4894.58
ACCT01264,10,Current,2630.2
ACCT01265,10,Current,2321.81
ACCT01266,10,Current,2079.97
ACCT01267,10,ChargeOff,10307.24
ACCT01268,10,Current,7857.89
ACCT01269,10,60DPD,1423.82
ACCT01270,10,ChargeOff,13013.99
ACCT01271,10,Current,4670.22
ACCT01272,10,Current,5272.24
ACCT01273,10,Current,6299.22
ACCT01274,10,Current,4594.59
ACCT01275,10,Current,6734.77
ACCT01276,10,Current,5608.41
ACCT01277,10,Current,4594.51
ACCT01278,10,Current,3432.42
ACCT01279,10,Current,956.83
ACCT01280,10,Current,5928.93
ACCT01281,10,Current,546.19
ACCT01282,10,Current,2481.28
ACCT01283,10,Current,1187.87
ACCT01284,10,Current,1860.24
ACCT01285,10,30DPD,5395.02
ACCT01286,10,Current,9202.25
ACCT01287,10,60DPD,4405.02
ACCT01288,10,Current,916.89
ACCT01289,10,Current,3778.29
ACCT01290,10,Current,3561.1
ACCT01291,10,Current,8446.3
ACCT01292,10,Current,4395.12
ACCT01293,10,Current,4525.05
ACCT01294,10,30DPD,3876.6
ACCT01295,10,Current,11607.06
ACCT01296,10,Current,6065.01
ACCT01297,10,Current,6532.86
ACCT01298,10,Current,5240.77
ACCT01299,10,Current,287.05
ACCT01300,10,Current,9500.71
ACCT01301,10,30DPD,3710.49
ACCT01302,10,ChargeOff,3677.85
ACCT01303,10,Current,14383.88
ACCT01304,10,60DPD,5379.78
ACCT01305,10,Current,509.16
ACCT01306,10,Current,984.71
ACCT01307,10,Current,356.82
ACCT01308,10,Current,5582.22
ACCT01309,10,ChargeOff,1180.37
ACCT01310,10,Current,9131.97
ACCT01311,10,Current,10045.32
ACCT01312,10,Current,4933.35
ACCT01313,10,Current,5792.55
ACCT01314,10,Current,2552.68
ACCT01315,10,Current,810.67
ACCT01316,10,30DPD,6941.31
ACCT01317,10,ChargeOff,1343.65
ACCT01318,10,Current,1084.13
ACCT01319,10,Current,3075.27
ACCT01320,10,Current,255.96
ACCT01321,10,Current,4305.44
ACCT01322,10,Current,6553.96
ACCT01323,10,Current,6581.93
ACCT01324,10,Current,5192.4
ACCT01325,10,Current,8959.16
ACCT01326,10,Current,4476.48
ACCT01327,10,Current,12581.29
ACCT01328,10,Current,6773.09
ACCT01329,10,Current,2003.94
ACCT01330,10,Current,9538.61
ACCT01331,10,Current,2524.16
ACCT01332,10,Current,438.32
ACCT01333,10,Current,2614.47
ACCT01334,10,ChargeOff,5228.97
ACCT01335,10,30DPD,2825.79
ACCT01336,10,Current,4972.83
ACCT01337,10,60DPD,11192.14
ACCT01338,10,ChargeOff,4347.88
ACCT01339,10,Current,4480.78
ACCT01340,10,Current,2673.01
ACCT01341,10,Current,8972.06
ACCT01342,10,Current,1761.59
ACCT01343,10,Current,1042.52
ACCT01344,10,ChargeOff,7644.33
ACCT01345,10,Current,5981.2
ACCT01346,10,Current,10038.5
ACCT01347,10,Current,6629.31
ACCT01348,10,Current,7967.94
ACCT01349,10,Current,3018.7
ACCT01350,10,Current,284.94
ACCT01351,10,Current,1209.12
ACCT01352,10,Current,527.06
ACCT01353,10,Current,3869.38
ACCT01354,10,Current,4986.72
ACCT01355,10,Current,3376.09
ACCT01356,10,ChargeOff,8020.12
ACCT01357,10,Current,4377.78
ACCT01358,10,Current,6939.38
ACCT01359,10,ChargeOff,9843.47
ACCT01360,10,Current,2440.56
ACCT01361,10,Current,3486.93
ACCT01362,10,Current,8255.71
ACCT01363,10,Current,5568.86
ACCT01364,10,Current,2870.67
ACCT01365,10,Current,3564.91
ACCT01366,10,60DPD,6238.4
ACCT01367,10,Current,5041.82
ACCT01368,10,60DPD,1101.63
ACCT01369,10,90DPD,3588.93
ACCT01370,10,Current,10169.88
ACCT01371,10,ChargeOff,685.95
ACCT01372,10,Current,9997.07
ACCT01373,10,Current,1537.07
ACCT01374,10,Current,6223.3
ACCT01375,10,Current,4263.09
ACCT01376,10,Current,234.18
ACCT01377,10,Current,7845.25
ACCT01378,10,Current,5619.38
ACCT01379,10,Current,10868.65
ACCT01380,10,Current,2395.29
ACCT01381,10,Current,10640.73
ACCT01382,10,Current,6808.35
ACCT01383,10,ChargeOff,8441.12
ACCT01384,10,Current,2035.32
ACCT01385,10,Current,5334.45
ACCT01386,10,90DPD,5434.31
ACCT01387,10,Current,9694.0
ACCT01388,10,Current,4029.73
ACCT01389,10,Current,2568.67
ACCT01390,10,Current,1417.03
ACCT01391,10,Current,5450.73
ACCT01392,10,Current,8341.74
ACCT01393,10,30DPD,411.13
ACCT01394,10,Current,7821.99
ACCT01395,10,Current,7853.7
ACCT01396,10,30DPD,741.63
ACCT01397,10,30DPD,1165.27
ACCT01398,10,Current,5870.35
ACCT01399,10,Current,6071.62
ACCT01400,10,Current,677.65
ACCT01401,10,Current,8353.89
ACCT01402,10,ChargeOff,6899.33
ACCT01403,10,30DPD,10835.55
ACCT01404,10,30DPD,6443.3
ACCT01405,10,Current,9441.2
ACCT01406,10,Current,5853.12
ACCT01407,10,Current,3046.99
ACCT01408,10,Current,4592.09
ACCT01409,10,Current,874.66
ACCT01410,10,Current,8037.02
ACCT01411,10,ChargeOff,2192.77
ACCT01412,10,Current,4175.68
ACCT01413,10,Current,732.73
ACCT01414,10,Current,2959.94
ACCT01415,10,30DPD,1978.08
ACCT01416,10,Current,5138.61
ACCT01417,10,ChargeOff,8625.86
ACCT01418,10,Current,555.78
ACCT01419,10,Current,8878.08
ACCT01420,10,Current,8039.34
ACCT01421,10,Current,2798.72
ACCT01422,10,Current,5678.15
ACCT01423,10,Current,4864.5
ACCT01424,10,Current,2068.2
ACCT01425,10,Current,3762.76
ACCT01426,10,Current,773.23
ACCT01427,10,ChargeOff,10296.76
ACCT01428,10,90DPD,10740.4
ACCT01429,10,Current,6721.22
ACCT01430,10,Current,6442.87
ACCT01431,10,Current,4339.13
ACCT01432,10,Current,9009.8
ACCT01433,10,Current,2834.03
ACCT01434,10,Current,951.4
ACCT01435,10,ChargeOff,6819.77
ACCT01436,10,Current,3251.88
ACCT01437,10,Current,3663.46
ACCT01438,10,ChargeOff,290.47
ACCT01439,10,Current,6350.7
ACCT01440,10,ChargeOff,2676.58
ACCT01441,10,30DPD,1609.79
ACCT01442,10,30DPD,518.63
ACCT01443,10,30DPD,3337.53
ACCT01444,10,60DPD,7743.41
ACCT01445,10,30DPD,3639.91
ACCT01446,10,Current,5832.35
ACCT01447,10,Current,7633.08
ACCT01448,10,Current,3416.75
ACCT01449,10,Current,7796.95
ACCT01450,10,Current,6387.3
ACCT01451,10,Current,4484.64
ACCT01452,10,Current,122.06
ACCT01453,10,Current,419.29
ACCT01454,10,Current,9126.21
ACCT01455,10,Current,10070.67
ACCT01456,10,Current,9289.86
ACCT01457,10,Current,8916.11
ACCT01458,10,Current,367.88
ACCT01459,10,Current,6946.04
ACCT01460,10,Current,3865.37
ACCT01461,10,Current,8542.4
ACCT01462,10,Current,177.42
ACCT01463,10,60DPD,3044.51
ACCT01464,10,Current,10019.61
ACCT01465,10,Current,6184.64
ACCT01466,10,Current,4198.74
ACCT01467,10,Current,3258.75
ACCT01468,10,30DPD,3135.5
ACCT01469,10,Current,9656.12
ACCT01470,10,ChargeOff,6304.26
ACCT01471,10,Current,3610.41
ACCT01472,10,ChargeOff,5522.94
ACCT01473,10,Current,4055.33
ACCT01474,10,Current,4845.55
ACCT01475,10,Current,3696.54
ACCT01476,10,Current,7307.03
ACCT01477,10,ChargeOff,13653.96
ACCT01478,10,Current,7374.08
ACCT01479,10,Current,6897.93
ACCT01480,10,Current,3158.0
ACCT01481,10,Current,6115.85
ACCT01482,10,Current,6832.93
ACCT01483,10,Current,5682.44
ACCT01484,10,Current,6863.98
ACCT01485,10,Current,7070.44
ACCT01486,10,Current,6769.11
ACCT01487,10,30DPD,7786.5
ACCT01488,10,Current,2155.15
ACCT01489,10,Current,4252.79
ACCT01490,10,60DPD,6251.46
ACCT01491,10,Current,118.42
ACCT01492,10,Current,9227.39
ACCT01493,10,Current,6716.06
ACCT01494,10,Current,1559.17
ACCT01495,10,30DPD,8880.11
ACCT01496,10,Current,6057.69
ACCT01497,10,Current,4856.55
ACCT01498,10,Current,3295.87
ACCT01499,10,Current,8677.95
ACCT01500,10,Current,3875.66
ACCT01501,10,ChargeOff,7451.29
ACCT01502,10,Current,110.11
ACCT01503,10,60DPD,7268.24
ACCT01504,10,Current,4957.82
ACCT01505,10,60DPD,5981.4
ACCT01506,10,30DPD,5396.8
ACCT01507,10,90DPD,5741.51
ACCT01508,10,Current,7775.01
ACCT01509,10,Current,3277.09
ACCT01510,10,Current,9530.53
ACCT01511,10,Current,7204.83
ACCT01512,10,30DPD,11527.2
ACCT01513,10,Current,7745.6
ACCT01514,10,Current,7493.89
ACCT01515,10,Current,7084.7
ACCT01516,10,Current,4984.18
ACCT01517,10,ChargeOff,2168.93
ACCT01518,10,Current,4358.58
ACCT01519,10,Current,8407.1
ACCT01520,10,Current,6145.34
ACCT01521,10,Current,8810.96
ACCT01522,10,Current,1060.3
ACCT01523,10,ChargeOff,2962.09
ACCT01524,10,Current,5283.85
ACCT01525,10,60DPD,4016.05
ACCT01526,10,Current,1015.33
ACCT01527,10,Current,1122.53
ACCT01528,10,Current,9522.29
ACCT01529,10,Current,4212.34
ACCT01530,10,Current,701.97
ACCT01531,10,Current,373.09
ACCT01532,10,Current,5533.76
ACCT01533,10,Current,2430.8
ACCT01534,10,Current,7296.54
ACCT01535,10,ChargeOff,9846.07
ACCT01536,10,ChargeOff,3137.24
ACCT01537,10,Current,4905.74
ACCT01538,10,Current,1581.86
ACCT01539,10,Current,2930.19
ACCT01540,10,90DPD,9846.34
ACCT01541,10,Current,4286.52
ACCT01542,10,60DPD,6676.96
ACCT01543,10,Current,2087.85
ACCT01544,10,Current,2824.08
ACCT01545,10,Current,4402.65
ACCT01546,10,Current,4706.01
ACCT01547,10,Current,11242.49
ACCT01548,10,Current,1017.93
ACCT01549,10,Current,9267.02
ACCT01550,10,Current,10407.26
ACCT01551,10,Current,5140.95
ACCT01552,10,ChargeOff,3998.71
ACCT01553,10,Current,6448.01
ACCT01554,10,90DPD,3106.75
ACCT01555,10,Current,7123.73
ACCT01556,10,ChargeOff,7338.74
ACCT01557,10,Current,7955.71
ACCT01558,10,Current,8097.16
ACCT01559,10,Current,5418.46
ACCT01560,10,ChargeOff,10723.83
ACCT01561,10,Current,4658.18
ACCT01562,10,Current,10369.99
ACCT01563,10,Current,2439.16
ACCT01564,10,Current,7924.66
ACCT01565,10,30DPD,7364.07
ACCT01566,10,Current,6059.77
ACCT01567,10,Current,4496.96
ACCT01568,10,90DPD,6100.7
ACCT01569,10,Current,3338.7
ACCT01570,10,Current,8281.37
ACCT01571,10,Current,1337.19
ACCT01572,10,Current,3350.25
ACCT01573,10,Current,4251.06
ACCT01574,10,Current,2895.7
ACCT01575,10,ChargeOff,4600.87
ACCT01576,10,Current,7398.6
ACCT01577,10,ChargeOff,2797.09
ACCT01578,10,ChargeOff,11230.16
ACCT01579,10,Current,830.94
ACCT01580,10,Current,8478.89
ACCT01581,10,Current,8377.56
ACCT01582,10,Current,3678.41
ACCT01583,10,Current,7619.74
ACCT01584,10,Current,7336.68
ACCT01585,10,Current,8849.98
ACCT01586,10,30DPD,3485.43
ACCT01587,10,Current,3941.83
ACCT01588,10,Current,9621.13
ACCT01589,10,Current,3297.72
ACCT01590,10,Current,7399.15
ACCT01591,10,Current,3025.06
ACCT01592,10,30DPD,8742.16
ACCT01593,10,60DPD,1104.54
ACCT01594,10,Current,440.58
ACCT01595,10,Current,7626.43
ACCT01596,10,30DPD,9110.11
ACCT01597,10,90DPD,8858.98
ACCT01598,10,Current,7296.98
ACCT01599,10,Current,3133.88
ACCT01600,10,Current,2500.48
ACCT01601,10,Current,1338.09
ACCT01602,10,Current,3388.83
ACCT01603,10,Current,2452.35
ACCT01604,10,Current,10973.26
ACCT01605,10,Current,219.45
ACCT01606,10,Current,1226.28
ACCT01607,10,Current,1637.43
ACCT01608,10,Current,2140.94
ACCT01609,10,30DPD,1848.51
ACCT01610,10,Current,5912.55
ACCT01611,10,Current,2479.31
ACCT01612,10,Current,5503.06
ACCT01613,10,Current,11713.66
ACCT01614,10,Current,5374.52
ACCT01615,10,30DPD,6583.63
ACCT01616,10,Current,4116.61
ACCT01617,10,Current,1474.63
ACCT01618,10,ChargeOff,4944.64
ACCT01619,10,Current,8744.96
ACCT01620,10,Current,4219.67
ACCT01621,10,30DPD,3178.29
ACCT01622,10,Current,4898.08
ACCT01623,10,Current,9700.11
ACCT01624,10,Current,4876.66
ACCT01625,10,Current,5367.98
ACCT01626,10,90DPD,8883.39
ACCT01627,10,Current,8299.68
ACCT01628,10,Current,5088.1
ACCT01629,10,Current,1638.92
ACCT01630,10,Current,1218.87
ACCT01631,10,Current,8216.96
ACCT01632,10,Current,6094.25
ACCT01633,10,Current,2981.97
ACCT01634,10,ChargeOff,8917.51
ACCT01635,10,Current,569.58
ACCT01636,10,Current,7590.66
ACCT01637,10,Current,2030.55
ACCT01638,10,Current,5619.29
ACCT01639,10,30DPD,5392.07
ACCT01640,10,Current,3943.43
ACCT01641,10,ChargeOff,468.63
ACCT01642,10,Current,6336.66
ACCT01643,10,Current,2002.03
ACCT01644,10,Current,528.22
ACCT01645,10,Current,5380.91
ACCT01646,10,Current,2927.11
ACCT01647,10,Current,3356.36
ACCT01648,10,Current,2273.78
ACCT01649,10,Current,7388.05
ACCT01650,10,Current,2288.35
ACCT01651,10,Current,2041.47
ACCT01652,10,Current,3320.85
ACCT01653,10,60DPD,2258.53
ACCT01654,10,Current,2835.98
ACCT01655,10,Current,857.68
ACCT01656,10,Current,1512.37
ACCT01657,10,Current,3659.8
ACCT01658,10,Current,9186.49
ACCT01659,10,Current,644.77
ACCT01660,10,Current,1499.06
ACCT01661,10,Current,5676.67
ACCT01662,10,Current,5967.66
ACCT01663,10,Current,7665.47
ACCT01664,10,Current,2074.46
ACCT01665,10,Current,4608.95
ACCT01666,10,Current,1734.26
ACCT01667,10,Current,1478.52
ACCT01668,10,Current,3584.42
ACCT01669,10,Current,4463.02
ACCT01670,10,Current,3369.1
ACCT01671,10,Current,6022.68
ACCT01672,10,Current,2741.06
ACCT01673,10,Current,3506.37
ACCT01674,10,Current,8106.08
ACCT01675,10,90DPD,6718.97
ACCT01676,10,Current,2891.42
ACCT01677,10,Current,6202.12
ACCT01678,10,Current,2921.65
ACCT01679,10,ChargeOff,790.93
ACCT01680,10,Current,6419.24
ACCT01681,10,ChargeOff,1545.17
ACCT01682,10,Current,4900.21
ACCT01683,10,Current,4992.29
ACCT01684,10,Current,2476.15
ACCT01685,10,Current,1385.88
ACCT01686,10,Current,3467.59
ACCT01687,10,Current,7631.71
ACCT01688,10,Current,5452.59
ACCT01689,10,ChargeOff,5496.26
ACCT01690,10,ChargeOff,598.1
ACCT01691,10,60DPD,7481.4
ACCT01692,10,Current,1083.93
ACCT01693,10,Current,4508.73
ACCT01694,10,Current,3852.81
ACCT01695,10,Current,2596.38
ACCT01696,10,30DPD,2642.76
ACCT01697,10,Current,716.66
ACCT01698,10,Current,259.86
ACCT01699,10,Current,5516.81
ACCT01700,10,Current,8819.13
ACCT01701,10,ChargeOff,3881.01
ACCT01702,10,Current,5714.69
ACCT01703,10,30DPD,5263.32
ACCT01704,10,Current,582.45
ACCT01705,10,ChargeOff,1976.75
ACCT01706,10,Current,3084.93
ACCT01707,10,Current,7455.14
ACCT01708,10,30DPD,4304.34
ACCT01709,10,Current,5413.06
ACCT01710,10,Current,8632.89
ACCT01711,10,Current,6071.24
ACCT01712,10,Current,13999.01
ACCT01713,10,60DPD,5890.07
ACCT01714,10,Current,6203.31
ACCT01715,10,Current,8323.03
ACCT01716,10,Current,6475.0
ACCT01717,10,ChargeOff,6792.33
ACCT01718,10,Current,7310.04
ACCT01719,10,Current,6381.27
ACCT01720,10,Current,6802.02
ACCT01721,10,Current,5229.67
ACCT01722,10,Current,6668.69
ACCT01723,10,Current,5146.71
ACCT01724,10,Current,8994.4
ACCT01725,10,ChargeOff,7213.39
ACCT01726,10,Current,8963.75
ACCT01727,10,Current,2674.94
ACCT01728,10,Current,5606.87
ACCT01729,10,Current,6926.44
ACCT01730,10,Current,8486.56
ACCT01731,10,ChargeOff,7731.26
ACCT01732,10,Current,5529.18
ACCT01733,10,90DPD,4964.84
ACCT01734,10,Current,1388.09
ACCT01735,10,Current,7971.75
ACCT01736,10,Current,2762.24
ACCT01737,10,30DPD,5385.91
ACCT01738,10,Current,7828.66
ACCT01739,10,90DPD,3335.84
ACCT01740,10,Current,2347.31
ACCT01741,10,Current,1980.45
ACCT01742,10,Current,5901.69
ACCT01743,10,Current,4127.37
ACCT01744,10,Current,1256.69
ACCT01745,10,Current,5772.56
ACCT01746,10,Current,2657.61
ACCT01747,10,30DPD,10178.95
ACCT01748,10,Current,3127.45
ACCT01749,10,60DPD,2236.21
ACCT01750,10,90DPD,864.52
ACCT01751,10,90DPD,5251.92
ACCT01752,10,Current,3061.85
ACCT01753,10,Current,6591.35
ACCT01754,10,Current,3898.87
ACCT01755,10,Current,3292.28
ACCT01756,10,Current,2776.76
ACCT01757,10,Current,3706.55
ACCT01758,10,Current,9498.88
ACCT01759,10,Current,1933.27
ACCT01760,10,ChargeOff,8408.08
ACCT01761,10,Current,3313.11
ACCT01762,10,Current,954.72
ACCT01763,10,Current,2529.64
ACCT01764,10,Current,820.17
ACCT01765,10,Current,5869.39
ACCT01766,10,Current,4473.98
ACCT01767,10,Current,3414.46
ACCT01768,10,Current,6125.15
ACCT01769,10,Current,7162.09
ACCT01770,10,Current,6393.3
ACCT01771,10,Current,7292.51
ACCT01772,10,Current,8693.18
ACCT01773,10,Current,9446.73
ACCT01774,10,Current,6696.04
ACCT01775,10,Current,3490.38
ACCT01776,10,Current,7498.91
ACCT01777,10,Current,698.74
ACCT01778,10,Current,6157.57
ACCT01779,10,Current,9682.83
ACCT01780,10,Current,825.87
ACCT01781,10,Current,7605.04
ACCT01782,10,Current,6296.82
ACCT01783,10,30DPD,1937.45
ACCT01784,10,Current,6169.34
ACCT01785,10,60DPD,7945.41
ACCT01786,10,Current,7393.66
ACCT01787,10,ChargeOff,1831.84
ACCT01788,10,Current,3346.13
ACCT01789,10,Current,5204.22
ACCT01790,10,Current,2112.85
ACCT01791,10,30DPD,4168.58
ACCT01792,10,60DPD,377.21
ACCT01793,10,Current,1678.76
ACCT01794,10,ChargeOff,7636.69
ACCT01795,10,Current,6499.74
ACCT01796,10,Current,6953.9
ACCT01797,10,Current,6544.76
ACCT01798,10,Current,5054.02
ACCT01799,10,Current,3339.11
ACCT01800,10,Current,284.16
ACCT01801,10,Current,1678.7
ACCT01802,10,Current,2394.23
ACCT01803,10,Current,1687.77
ACCT01804,10,Current,258.37
ACCT01805,10,Current,1437.07
ACCT01806,10,Current,6691.84
ACCT01807,10,Current,6474.16
ACCT01808,10,Current,9401.88
ACCT01809,10,Current,8834.65
ACCT01810,10,Current,5104.19
ACCT01811,10,Current,1590.67
ACCT01812,10,Current,7800.6
ACCT01813,10,30DPD,632.31
ACCT01814,10,Current,3973.09
ACCT01815,10,Current,4259.02
ACCT01816,10,30DPD,3696.36
ACCT01817,10,Current,3687.6
ACCT01818,10,30DPD,9033.86
ACCT01819,10,Current,5871.85
ACCT01820,10,Current,5954.22
ACCT01821,10,Current,8082.72
ACCT01822,10,Current,5400.61
ACCT01823,10,Current,436.53
ACCT01824,10,ChargeOff,7416.56
ACCT01825,10,Current,5005.75
ACCT01826,10,Current,2016.96
ACCT01827,10,Current,3035.34
ACCT01828,10,Current,7638.74
ACCT01829,10,Current,7299.43
ACCT01830,10,Current,5633.52
ACCT01831,10,ChargeOff,9299.43
ACCT01832,10,Current,4445.32
ACCT01833,10,Current,4402.68
ACCT01834,10,90DPD,2648.04
ACCT01835,10,Current,4593.03
ACCT01836,10,60DPD,5222.37
ACCT01837,10,Current,451.94
ACCT01838,10,Current,6321.39
ACCT01839,10,Current,2501.37
ACCT01840,10,Current,9318.48
ACCT01841,10,Current,4744.43
ACCT01842,10,Current,4932.35
ACCT01843,10,Current,6305.88
ACCT01844,10,Current,10809.88
ACCT01845,10,Current,4689.09
ACCT01846,10,30DPD,9105.13
ACCT01847,10,Current,5668.16
ACCT01848,10,30DPD,2405.11
ACCT01849,10,Current,2577.81
ACCT01850,10,Current,3985.81
ACCT01851,10,ChargeOff,3520.33
ACCT01852,10,Current,3111.22
ACCT01853,10,30DPD,3237.05
ACCT01854,10,Current,6320.81
ACCT01855,10,ChargeOff,3454.37
ACCT01856,10,Current,8615.59
ACCT01857,10,Current,4204.63
ACCT01858,10,60DPD,4918.94
ACCT01859,10,ChargeOff,1094.68
ACCT01860,10,Current,4020.34
ACCT01861,10,ChargeOff,617.65
ACCT01862,10,ChargeOff,10203.47
ACCT01863,10,60DPD,3419.92
ACCT01864,10,Current,6366.58
ACCT01865,10,Current,2718.82
ACCT01866,10,Current,5230.91
ACCT01867,10,Current,2241.65
ACCT01868,10,Current,3590.97
ACCT01869,10,Current,4576.65
ACCT01870,10,Current,3667.68
ACCT01871,10,Current,1808.33
ACCT01872,10,ChargeOff,1850.52
ACCT01873,10,ChargeOff,1985.8
ACCT01874,10,Current,9990.44
ACCT01875,10,Current,3806.66
ACCT01876,10,Current,172.81
ACCT01877,10,Current,9802.12
ACCT01878,10,Current,382.96
ACCT01879,10,90DPD,5091.31
ACCT01880,10,Current,4958.19
ACCT01881,10,Current,6730.71
ACCT01882,10,Current,7776.59
ACCT01883,10,ChargeOff,4517.38
ACCT01884,10,60DPD,7936.72
ACCT01885,10,Current,539.1
ACCT01886,10,Current,8225.15
ACCT01887,10,Current,6778.89
ACCT01888,10,Current,9381.52
ACCT01889,10,Current,2575.65
ACCT01890,10,Current,1481.3
ACCT01891,10,60DPD,4512.83
ACCT01892,10,Current,4875.95
ACCT01893,10,Current,4714.51
ACCT01894,10,Current,9194.7
ACCT01895,10,Current,6592.07
ACCT01896,10,Current,2821.66
ACCT01897,10,Current,3893.35
ACCT01898,10,Current,1418.72
ACCT01899,10,Current,1495.28
ACCT01900,10,Current,1211.75
ACCT01901,10,Current,7785.46
ACCT01902,10,30DPD,6811.08
ACCT01903,10,Current,4135.76
ACCT01904,10,Current,4031.96
ACCT01905,10,Current,6334.46
ACCT01906,10,Current,7922.44
ACCT01907,10,Current,10155.84
ACCT01908,10,Current,5014.58
ACCT01909,10,Current,8642.51
ACCT01910,10,Current,5248.74
ACCT01911,10,Current,5910.34
ACCT01912,10,Current,9746.88
ACCT01913,10,Current,2693.42
ACCT01914,10,60DPD,5277.11
ACCT01915,10,Current,2958.09
ACCT01916,10,Current,4284.12
ACCT01917,10,60DPD,4541.98
ACCT01918,10,Current,7806.85
ACCT01919,10,Current,5231.24
ACCT01920,10,Current,1682.05
ACCT01921,10,Current,8650.95
ACCT01922,10,ChargeOff,3725.39
ACCT01923,10,Current,9622.89
ACCT01924,10,ChargeOff,2314.27
ACCT01925,10,ChargeOff,5180.49
ACCT01926,10,Current,5926.68
ACCT01927,10,Current,6697.86
ACCT01928,10,Current,1787.28
ACCT01929,10,Current,6339.94
ACCT01930,10,30DPD,4585.71
ACCT01931,10,ChargeOff,6184.82
ACCT01932,10,Current,5167.76
ACCT01933,10,30DPD,516.98
ACCT01934,10,Current,5758.47
ACCT01935,10,Current,3034.68
ACCT01936,10,Current,2977.39
ACCT01937,10,Current,5923.39
ACCT01938,10,Current,3923.82
ACCT01939,10,Current,1051.24
ACCT01940,10,Current,780.68
ACCT01941,10,Current,1962.88
ACCT01942,10,Current,1661.05
ACCT01943,10,Current,6110.73
ACCT01944,10,Current,1694.0
ACCT01945,10,Current,8579.31
ACCT01946,10,Current,1941.9
ACCT01947,10,Current,1486.83
ACCT01948,10,Current,6952.99
ACCT01949,10,Current,2729.83
ACCT01950,10,Current,4721.82
ACCT01951,10,Current,7829.27
ACCT01952,10,Current,10428.77
ACCT01953,10,Current,6243.02
ACCT01954,10,Current,687.52
ACCT01955,10,ChargeOff,5850.24
ACCT01956,10,Current,9601.87
ACCT01957,10,30DPD,9594.31
ACCT01958,10,Current,1002.43
ACCT01959,10,Current,4580.93
ACCT01960,10,Current,2995.85
ACCT01961,10,Current,1000.72
ACCT01962,10,Current,8697.81
ACCT01963,10,Current,2694.68
ACCT01964,10,Current,4545.9
ACCT01965,10,Current,872.66
ACCT01966,10,Current,4999.42
ACCT01967,10,Current,1799.13
ACCT01968,10,Current,3206.58
ACCT01969,10,Current,1295.35
ACCT01970,10,ChargeOff,10971.21
ACCT01971,10,ChargeOff,2478.94
ACCT01972,10,Current,6118.58
ACCT01973,10,ChargeOff,2289.37
ACCT01974,10,Current,928.32
ACCT01975,10,Current,1261.85
ACCT01976,10,Current,531.24
ACCT01977,10,ChargeOff,2091.39
ACCT01978,10,Current,3556.84
ACCT01979,10,Current,8070.21
ACCT01980,10,30DPD,820.98
ACCT01981,10,60DPD,3016.39
ACCT01982,10,Current,5904.67
ACCT01983,10,Current,1773.49
ACCT01984,10,Current,3499.09
ACCT01985,10,30DPD,758.45
ACCT01986,10,Current,2187.48
ACCT01987,10,Current,4777.33
ACCT01988,10,ChargeOff,12177.85
ACCT01989,10,Current,8183.42
ACCT01990,10,60DPD,8068.67
ACCT01991,10,Current,3032.98
ACCT01992,10,Current,947.14
ACCT01993,10,Current,3465.45
ACCT01994,10,Current,2294.91
ACCT01995,10,Current,209.51
ACCT01996,10,Current,1116.33
ACCT01997,10,Current,3160.49
ACCT01998,10,Current,2801.97
ACCT01999,10,Current,1935.75
ACCT00000,11,60DPD,7846.08
ACCT00001,11,Current,3337.84
ACCT00002,11,Current,7446.65
ACCT00003,11,Current,4803.28
ACCT00004,11,Current,1002.28
ACCT00005,11,Current,6881.96
ACCT00006,11,Current,5130.38
ACCT00007,11,Current,993.26
ACCT00008,11,Current,1633.26
ACCT00009,11,Current,8314.23
ACCT00010,11,ChargeOff,478.23
ACCT00011,11,ChargeOff,4458.97
ACCT00012,11,Current,1580.07
ACCT00013,11,Current,3493.31
ACCT00014,11,Current,3850.68
ACCT00015,11,Current,4153.75
ACCT00016,11,30DPD,2814.19
ACCT00017,11,Current,433.66
ACCT00018,11,ChargeOff,6982.67
ACCT00019,11,60DPD,5904.14
ACCT00020,11,Current,5911.56
ACCT00021,11,60DPD,1350.6
ACCT00022,11,Current,214.34
ACCT00023,11,ChargeOff,2524.95
ACCT00024,11,Current,3920.99
ACCT00025,11,Current,3755.75
ACCT00026,11,Current,7796.19
ACCT00027,11,Current,4073.55
ACCT00028,11,Current,4790.1
ACCT00029,11,Current,5877.09
ACCT00030,11,Current,387.34
ACCT00031,11,Current,4531.48
ACCT00032,11,Current,2473.83
ACCT00033,11,Current,2854.4
ACCT00034,11,Current,829.19
ACCT00035,11,60DPD,10088.43
ACCT00036,11,Current,8359.0
ACCT00037,11,30DPD,436.69
ACCT00038,11,Current,4676.01
ACCT00039,11,ChargeOff,7003.0
ACCT00040,11,30DPD,2746.86
ACCT00041,11,Current,5453.43
ACCT00042,11,Current,6005.92
ACCT00043,11,Current,7695.33
ACCT00044,11,60DPD,8710.5
ACCT00045,11,30DPD,491.89
ACCT00046,11,Current,4086.66
ACCT00047,11,Current,7886.72
ACCT00048,11,Current,1332.02
ACCT00049,11,Current,4537.71
ACCT00050,11,Current,6447.4
ACCT00051,11,Current,232.31
ACCT00052,11,Current,3548.62
ACCT00053,11,Current,7412.56
ACCT00054,11,Current,2715.78
ACCT00055,11,ChargeOff,5906.37
ACCT00056,11,Current,7852.3
ACCT00057,11,Current,3568.26
ACCT00058,11,Current,1448.62
ACCT00059,11,Current,560.31
ACCT00060,11,Current,9762.62
ACCT00061,11,Current,2659.7
ACCT00062,11,Current,2774.27
ACCT00063,11,Current,656.8
ACCT00064,11,Current,5555.84
ACCT00065,11,90DPD,8158.84
ACCT00066,11,Current,3226.99
ACCT00067,11,Current,7684.95
ACCT00068,11,30DPD,2910.86
ACCT00069,11,Current,5412.52
ACCT00070,11,Current,6212.65
ACCT00071,11,Current,3459.63
ACCT00072,11,Current,2550.12
ACCT00073,11,Current,6817.41
ACCT00074,11,Current,2874.7
ACCT00075,11,ChargeOff,5994.58
ACCT00076,11,30DPD,10459.46
ACCT00077,11,Current,1553.07
ACCT00078,11,Current,3297.01
ACCT00079,11,Current,349.55
ACCT00080,11,Current,2851.97
ACCT00081,11,Current,2416.85
ACCT00082,11,Current,4240.68
ACCT00083,11,Current,2544.32
ACCT00084,11,Current,5830.25
ACCT00085,11,Current,1845.36
ACCT00086,11,90DPD,3101.35
ACCT00087,11,Current,3339.33
ACCT00088,11,Current,5487.55
ACCT00089,11,30DPD,3660.65
ACCT00090,11,Current,3655.07
ACCT00091,11,Current,6216.79
ACCT00092,11,Current,5250.07
ACCT00093,11,Current,1910.02
ACCT00094,11,Current,9957.9
ACCT00095,11,ChargeOff,3975.57
ACCT00096,11,Current,524.9
ACCT00097,11,Current,3998.05
ACCT00098,11,90DPD,1745.68
ACCT00099,11,Current,2447.94
ACCT00100,11,Current,5635.1
ACCT00101,11,Current,1784.72
ACCT00102,11,Current,8478.4
ACCT00103,11,Current,8415.64
ACCT00104,11,Current,4957.0
ACCT00105,11,Current,6276.09
ACCT00106,11,Current,5310.5
ACCT00107,11,Current,6883.36
ACCT00108,11,Current,3250.17
ACCT00109,11,Current,1470.73
ACCT00110,11,Current,4642.15
ACCT00111,11,Current,4836.94
ACCT00112,11,Current,2090.1
ACCT00113,11,Current,5678.02
ACCT00114,11,30DPD,221.29
ACCT00115,11,ChargeOff,9268.29
ACCT00116,11,Current,2384.95
ACCT00117,11,Current,413.92
ACCT00118,11,Current,1630.69
ACCT00119,11,ChargeOff,2940.73
ACCT00120,11,30DPD,2055.65
ACCT00121,11,Current,386.49
ACCT00122,11,Current,2259.18
ACCT00123,11,Current,1465.72
ACCT00124,11,Current,2974.57
ACCT00125,11,Current,2697.38
ACCT00126,11,Current,2899.73
ACCT00127,11,Current,3054.91
ACCT00128,11,Current,1175.66
ACCT00129,11,Current,360.67
ACCT00130,11,Current,1690.75
ACCT00131,11,Current,5815.84
ACCT00132,11,ChargeOff,9792.41
ACCT00133,11,30DPD,9454.11
ACCT00134,11,Current,5337.85
ACCT00135,11,Current,4021.35
ACCT00136,11,30DPD,2916.36
ACCT00137,11,Current,4025.34
ACCT00138,11,Current,7753.36
ACCT00139,11,Current,7530.87
ACCT00140,11,90DPD,10097.98
ACCT00141,11,30DPD,2999.25
ACCT00142,11,ChargeOff,8544.69
ACCT00143,11,Current,4942.34
ACCT00144,11,Current,2880.7
ACCT00145,11,30DPD,5999.07
ACCT00146,11,90DPD,922.85
ACCT00147,11,Current,7526.65
ACCT00148,11,Current,5450.08
ACCT00149,11,Current,1069.05
ACCT00150,11,Current,8428.54
ACCT00151,11,Current,539.28
ACCT00152,11,Current,5806.04
ACCT00153,11,Current,5342.82
ACCT00154,11,Current,5451.83
ACCT00155,11,Current,7385.55
ACCT00156,11,ChargeOff,1320.7
ACCT00157,11,Current,2375.92
ACCT00158,11,Current,4385.81
ACCT00159,11,Current,362.69
ACCT00160,11,Current,3684.71
ACCT00161,11,Current,2125.3
ACCT00162,11,Current,3258.22
ACCT00163,11,Current,4800.13
ACCT00164,11,Current,9756.54
ACCT00165,11,Current,2174.56
ACCT00166,11,90DPD,7284.77
ACCT00167,11,Current,4131.11
ACCT00168,11,Current,1590.46
ACCT00169,11,ChargeOff,5778.82
ACCT00170,11,Current,3416.71
ACCT00171,11,Current,2693.84
ACCT00172,11,Current,4355.74
ACCT00173,11,Current,1859.11
ACCT00174,11,Current,3509.85
ACCT00175,11,90DPD,4610.8
ACCT00176,11,ChargeOff,4667.79
ACCT00177,11,ChargeOff,12393.9
ACCT00178,11,Current,1989.8
ACCT00179,11,Current,5925.31
ACCT00180,11,Current,10326.55
ACCT00181,11,Current,10451.36
ACCT00182,11,Current,7286.93
ACCT00183,11,Current,1187.87
ACCT00184,11,Current,3516.11
ACCT00185,11,Current,1801.52
ACCT00186,11,Current,10334.77
ACCT00187,11,Current,5877.88
ACCT00188,11,Current,1852.21
ACCT00189,11,Current,7776.96
ACCT00190,11,Current,1044.35
ACCT00191,11,Current,4732.24
ACCT00192,11,Current,4928.88
ACCT00193,11,Current,590.55
ACCT00194,11,Current,6273.69
ACCT00195,11,Current,5536.79
ACCT00196,11,Current,720.47
ACCT00197,11,Current,5664.62
ACCT00198,11,Current,1904.7
ACCT00199,11,60DPD,4756.63
ACCT00200,11,Current,1189.17
ACCT00201,11,ChargeOff,12012.76
ACCT00202,11,Current,8302.18
ACCT00203,11,Current,1647.84
ACCT00204,11,Current,3330.34
ACCT00205,11,Current,4133.42
ACCT00206,11,ChargeOff,7523.14
ACCT00207,11,Current,4439.52
ACCT00208,11,Current,1206.09
ACCT00209,11,Current,761.32
ACCT00210,11,Current,8090.89
ACCT00211,11,Current,3388.86
ACCT00212,11,90DPD,9170.47
ACCT00213,11,ChargeOff,3771.44
ACCT00214,11,ChargeOff,11819.79
ACCT00215,11,Current,763.3
ACCT00216,11,30DPD,1424.0
ACCT00217,11,Current,12550.99
ACCT00218,11,Current,8014.07
ACCT00219,11,60DPD,2077.0
ACCT00220,11,Current,3294.81
ACCT00221,11,Current,4870.01
ACCT00222,11,Current,3791.28
ACCT00223,11,Current,1820.59
ACCT00224,11,Current,7936.18
ACCT00225,11,Current,2334.16
ACCT00226,11,Current,8280.42
ACCT00227,11,Current,828.04
ACCT00228,11,Current,497.6
ACCT00229,11,Current,5070.47
ACCT00230,11,Current,3318.22
ACCT00231,11,30DPD,5940.3
ACCT00232,11,ChargeOff,1408.46
ACCT00233,11,Current,7369.58
ACCT00234,11,ChargeOff,10068.76
ACCT00235,11,Current,11935.53
ACCT00236,11,Current,1076.09
ACCT00237,11,Current,2706.44
ACCT00238,11,90DPD,3313.08
ACCT00239,11,Current,5211.14
ACCT00240,11,Current,2431.12
ACCT00241,11,Current,618.38
ACCT00242,11,Current,3035.83
ACCT00243,11,Current,2558.7
ACCT00244,11,Current,3097.03
ACCT00245,11,Current,2150.57
ACCT00246,11,Current,2427.12
ACCT00247,11,Current,4171.15
ACCT00248,11,Current,4384.1
ACCT00249,11,90DPD,3910.12
ACCT00250,11,Current,4722.75
ACCT00251,11,Current,7898.35
ACCT00252,11,Current,2748.67
ACCT00253,11,Current,4290.92
ACCT00254,11,Current,10176.14
ACCT00255,11,Current,4438.43
ACCT00256,11,90DPD,8847.77
ACCT00257,11,Current,5857.53
ACCT00258,11,Current,531.63
ACCT00259,11,Current,3974.73
ACCT00260,11,Current,5562.34
ACCT00261,11,90DPD,9134.46
ACCT00262,11,90DPD,5987.26
ACCT00263,11,Current,916.15
ACCT00264,11,ChargeOff,6809.74
ACCT00265,11,Current,1108.92
ACCT00266,11,Current,6744.87
ACCT00267,11,Current,4528.61
ACCT00268,11,30DPD,5652.57
ACCT00269,11,60DPD,6588.15
ACCT00270,11,Current,5666.81
ACCT00271,11,Current,5301.75
ACCT00272,11,60DPD,5168.16
ACCT00273,11,Current,9846.58
ACCT00274,11,Current,8279.6
ACCT00275,11,Current,386.58
ACCT00276,11,30DPD,4016.88
ACCT00277,11,Current,2715.07
ACCT00278,11,Current,9496.42
ACCT00279,11,Current,4015.62
ACCT00280,11,Current,3822.28
ACCT00281,11,30DPD,1270.17
ACCT00282,11,Current,3727.7
ACCT00283,11,Current,6935.56
ACCT00284,11,Current,2157.99
ACCT00285,11,Current,1012.37
ACCT00286,11,30DPD,9228.34
ACCT00287,11,Current,6612.13
ACCT00288,11,60DPD,1659.44
ACCT00289,11,30DPD,2474.81
ACCT00290,11,Current,9659.08
ACCT00291,11,Current,8632.77
ACCT00292,11,ChargeOff,8431.7
ACCT00293,11,Current,2447.34
ACCT00294,11,Current,2959.56
ACCT00295,11,Current,588.08
ACCT00296,11,ChargeOff,7675.18
ACCT00297,11,Current,550.14
ACCT00298,11,ChargeOff,198.51
ACCT00299,11,Current,5099.54
ACCT00300,11,60DPD,9020.97
ACCT00301,11,Current,8962.23
ACCT00302,11,Current,5024.2
ACCT00303,11,Current,5751.03
ACCT00304,11,Current,3337.02
ACCT00305,11,ChargeOff,4644.82
ACCT00306,11,Current,4998.29
ACCT00307,11,Current,2815.95
ACCT00308,11,Current,4345.71
ACCT00309,11,Current,6847.21
ACCT00310,11,Current,8600.64
ACCT00311,11,Current,958.14
ACCT00312,11,Current,2927.55
ACCT00313,11,ChargeOff,1775.39
ACCT00314,11,60DPD,3974.9
ACCT00315,11,Current,2501.7
ACCT00316,11,Current,1484.1
ACCT00317,11,Current,7309.18
ACCT00318,11,Current,3830.47
ACCT00319,11,ChargeOff,10824.36
ACCT00320,11,Current,387.72
ACCT00321,11,90DPD,802.82
ACCT00322,11,60DPD,3241.42
ACCT00323,11,Current,804.54
ACCT00324,11,ChargeOff,2706.3
ACCT00325,11,Current,13185.34
ACCT00326,11,ChargeOff,2097.33
ACCT00327,11,Current,1544.1
ACCT00328,11,30DPD,5421.24
ACCT00329,11,Current,5931.8
ACCT00330,11,Current,5308.2
ACCT00331,11,Current,3039.77
ACCT00332,11,Current,6176.71
ACCT00333,11,Current,1433.9
ACCT00334,11,60DPD,4955.08
ACCT00335,11,Current,4981.22
ACCT00336,11,30DPD,5877.13
ACCT00337,11,Current,2737.98
ACCT00338,11,Current,6440.94
ACCT00339,11,30DPD,710.17
ACCT00340,11,ChargeOff,1357.57
ACCT00341,11,Current,633.74
ACCT00342,11,ChargeOff,6628.89
ACCT00343,11,Current,2870.51
ACCT00344,11,Current,7342.95
ACCT00345,11,Current,860.94
ACCT00346,11,90DPD,9687.16
ACCT00347,11,ChargeOff,10703.54
ACCT00348,11,Current,979.73
ACCT00349,11,Current,365.72
ACCT00350,11,Current,854.32
ACCT00351,11,90DPD,4947.81
ACCT00352,11,Current,2259.91
ACCT00353,11,Current,4943.15
ACCT00354,11,Current,3306.84
ACCT00355,11,Current,8122.81
ACCT00356,11,Current,4455.95
ACCT00357,11,30DPD,4175.03
ACCT00358,11,30DPD,9754.41
ACCT00359,11,Current,1192.42
ACCT00360,11,Current,10587.2
ACCT00361,11,Current,494.72
ACCT00362,11,Current,4552.98
ACCT00363,11,60DPD,6813.73
ACCT00364,11,Current,5938.97
ACCT00365,11,Current,5126.52
ACCT00366,11,Current,2886.37
ACCT00367,11,30DPD,4814.18
ACCT00368,11,ChargeOff,3949.92
ACCT00369,11,Current,4938.67
ACCT00370,11,30DPD,4573.85
ACCT00371,11,Current,2448.62
ACCT00372,11,30DPD,1962.24
ACCT00373,11,Current,1618.13
ACCT00374,11,Current,4222.99
ACCT00375,11,Current,1635.4
ACCT00376,11,Current,7245.56
ACCT00377,11,Current,6280.2
ACCT00378,11,Current,1258.35
ACCT00379,11,Current,6015.34
ACCT00380,11,ChargeOff,9123.55
ACCT00381,11,Current,2160.43
ACCT00382,11,Current,1391.0
ACCT00383,11,Current,185.85
ACCT00384,11,Current,460.76
ACCT00385,11,ChargeOff,11481.32
ACCT00386,11,Current,9143.67
ACCT00387,11,Current,400.41
ACCT00388,11,Current,5694.52
ACCT00389,11,30DPD,513.33
ACCT00390,11,Current,5455.54
ACCT00391,11,Current,8466.34
ACCT00392,11,Current,2973.16
ACCT00393,11,ChargeOff,282.08
ACCT00394,11,Current,5987.13
ACCT00395,11,Current,9861.52
ACCT00396,11,Current,2043.69
ACCT00397,11,Current,1807.28
ACCT00398,11,ChargeOff,1321.14
ACCT00399,11,Current,5196.66
ACCT00400,11,Current,6008.54
ACCT00401,11,Current,6475.22
ACCT00402,11,90DPD,7308.17
ACCT00403,11,ChargeOff,9988.81
ACCT00404,11,ChargeOff,12125.44
ACCT00405,11,Current,2181.72
ACCT00406,11,Current,4628.77
ACCT00407,11,Current,3002.94
ACCT00408,11,Current,2921.12
ACCT00409,11,ChargeOff,13992.78
ACCT00410,11,30DPD,6188.18
ACCT00411,11,Current,6664.36
ACCT00412,11,Current,3548.85
ACCT00413,11,Current,4532.88
ACCT00414,11,Current,3316.96
ACCT00415,11,Current,1211.53
ACCT00416,11,Current,3298.6
ACCT00417,11,Current,5561.79
ACCT00418,11,Current,829.13
ACCT00419,11,Current,10421.95
ACCT00420,11,Current,930.89
ACCT00421,11,Current,1842.24
ACCT00422,11,Current,5492.23
ACCT00423,11,Current,722.84
ACCT00424,11,Current,9656.87
ACCT00425,11,30DPD,8441.2
ACCT00426,11,Current,951.84
ACCT00427,11,Current,5760.89
ACCT00428,11,30DPD,5100.45
ACCT00429,11,Current,6985.58
ACCT00430,11,Current,8806.16
ACCT00431,11,Current,6192.49
ACCT00432,11,Current,7053.63
ACCT00433,11,Current,3271.46
ACCT00434,11,90DPD,5832.15
ACCT00435,11,Current,7306.22
ACCT00436,11,Current,5756.64
ACCT00437,11,Current,7198.35
ACCT00438,11,Current,3675.65
ACCT00439,11,Current,6857.52
ACCT00440,11,ChargeOff,10450.17
ACCT00441,11,Current,1267.92
ACCT00442,11,Current,1825.88
ACCT00443,11,Current,4522.58
ACCT00444,11,Current,4980.96
ACCT00445,11,Current,6454.45
ACCT00446,11,ChargeOff,855.84
ACCT00447,11,Current,3693.73
ACCT00448,11,Current,5051.18
ACCT00449,11,Current,6219.32
ACCT00450,11,ChargeOff,6134.47
ACCT00451,11,Current,6468.67
ACCT00452,11,Current,6498.46
ACCT00453,11,ChargeOff,7591.25
ACCT00454,11,Current,5568.53
ACCT00455,11,Current,4736.09
ACCT00456,11,ChargeOff,9171.71
ACCT00457,11,Current,802.28
ACCT00458,11,30DPD,1951.93
ACCT00459,11,Current,5109.62
ACCT00460,11,Current,5755.37
ACCT00461,11,Current,6809.13
ACCT00462,11,Current,855.79
ACCT00463,11,Current,5986.48
ACCT00464,11,Current,2553.23
ACCT00465,11,30DPD,6197.01
ACCT00466,11,Current,8529.17
ACCT00467,11,Current,5641.16
ACCT00468,11,Current,5592.4
ACCT00469,11,Current,3354.43
ACCT00470,11,Current,3396.4
ACCT00471,11,Current,6523.66
ACCT00472,11,Current,6718.84
ACCT00473,11,Current,6386.41
ACCT00474,11,Current,3514.12
ACCT00475,11,30DPD,714.89
ACCT00476,11,Current,1610.53
ACCT00477,11,Current,1759.69
ACCT00478,11,Current,4359.47
ACCT00479,11,Current,7944.73
ACCT00480,11,Current,3334.88
ACCT00481,11,90DPD,1757.02
ACCT00482,11,Current,753.93
ACCT00483,11,Current,2292.21
ACCT00484,11,Current,9183.38
ACCT00485,11,Current,4523.96
ACCT00486,11,30DPD,5136.23
ACCT00487,11,Current,6711.28
ACCT00488,11,Current,1468.05
ACCT00489,11,Current,5777.21
ACCT00490,11,Current,8890.15
ACCT00491,11,Current,3089.64
ACCT00492,11,Current,531.92
ACCT00493,11,Current,10709.99
ACCT00494,11,Current,6074.5
ACCT00495,11,Current,4915.44
ACCT00496,11,Current,5062.24
ACCT00497,11,Current,1758.31
ACCT00498,11,Current,7602.15
ACCT00499,11,Current,4729.2
ACCT00500,11,Current,244.21
ACCT00501,11,Current,5875.84
ACCT00502,11,Current,7357.49
ACCT00503,11,Current,7083.07
ACCT00504,11,Current,1864.55
ACCT00505,11,Current,638.55
ACCT00506,11,Current,11921.46
ACCT00507,11,Current,8705.82
ACCT00508,11,Current,4077.14
ACCT00509,11,30DPD,3840.01
ACCT00510,11,Current,4426.38
ACCT00511,11,Current,4586.58
ACCT00512,11,Current,1495.87
ACCT00513,11,Current,1051.52
ACCT00514,11,Current,2590.07
ACCT00515,11,Current,8698.91
ACCT00516,11,Current,1867.83
ACCT00517,11,Current,1626.05
ACCT00518,11,Current,5261.74
ACCT00519,11,Current,2317.14
ACCT00520,11,Current,1726.78
ACCT00521,11,90DPD,5146.05
ACCT00522,11,Current,2707.75
ACCT00523,11,Current,4553.72
ACCT00524,11,Current,6309.06
ACCT00525,11,Current,1748.86
ACCT00526,11,Current,6671.01
ACCT00527,11,ChargeOff,13556.85
ACCT00528,11,Current,9320.03
ACCT00529,11,ChargeOff,8209.31
ACCT00530,11,Current,5327.76
ACCT00531,11,30DPD,5858.94
ACCT00532,11,Current,5570.47
ACCT00533,11,Current,256.02
ACCT00534,11,Current,7453.93
ACCT00535,11,Current,4962.05
ACCT00536,11,Current,6057.93
ACCT00537,11,Current,3567.08
ACCT00538,11,Current,223.0
ACCT00539,11,Current,3890.37
ACCT00540,11,ChargeOff,7706.41
ACCT00541,11,Current,4325.11
ACCT00542,11,Current,2214.53
ACCT00543,11,ChargeOff,3897.43
ACCT00544,11,Current,4498.13
ACCT00545,11,60DPD,2454.54
ACCT00546,11,Current,7408.14
ACCT00547,11,ChargeOff,2054.4
ACCT00548,11,Current,3473.0
ACCT00549,11,Current,3400.62
ACCT00550,11,Current,3392.2
ACCT00551,11,Current,4511.47
ACCT00552,11,Current,6292.84
ACCT00553,11,ChargeOff,14629.09
ACCT00554,11,Current,3378.68
ACCT00555,11,Current,5658.69
ACCT00556,11,Current,276.52
ACCT00557,11,Current,1994.9
ACCT00558,11,Current,4128.54
ACCT00559,11,Current,301.82
ACCT00560,11,Current,4273.15
ACCT00561,11,Current,6715.87
ACCT00562,11,Current,8778.23
ACCT00563,11,Current,4733.8
ACCT00564,11,30DPD,3647.42
ACCT00565,11,Current,3370.57
ACCT00566,11,Current,470.99
ACCT00567,11,ChargeOff,1284.85
ACCT00568,11,Current,6402.98
ACCT00569,11,Current,8197.22
ACCT00570,11,ChargeOff,391.13
ACCT00571,11,ChargeOff,6706.78
ACCT00572,11,Current,4295.86
ACCT00573,11,Current,8872.57
ACCT00574,11,Current,5357.19
ACCT00575,11,Current,6885.79
ACCT00576,11,Current,5467.82
ACCT00577,11,Current,7116.22
ACCT00578,11,30DPD,905.96
ACCT00579,11,Current,8491.16
ACCT00580,11,Current,338.98
ACCT00581,11,Current,7682.44
ACCT00582,11,Current,845.09
ACCT00583,11,90DPD,1865.18
ACCT00584,11,30DPD,177.94
ACCT00585,11,Current,5264.08
ACCT00586,11,Current,2486.6
ACCT00587,11,60DPD,1844.84
ACCT00588,11,Current,4867.79
ACCT00589,11,90DPD,4045.22
ACCT00590,11,Current,6645.18
ACCT00591,11,Current,5743.0
ACCT00592,11,Current,4233.25
ACCT00593,11,Current,1373.48
ACCT00594,11,Current,3536.23
ACCT00595,11,Current,9615.66
ACCT00596,11,Current,927.54
ACCT00597,11,Current,3600.43
ACCT00598,11,ChargeOff,14149.07
ACCT00599,11,Current,7631.54
ACCT00600,11,ChargeOff,4338.27
ACCT00601,11,Current,6427.63
ACCT00602,11,Current,4936.33
ACCT00603,11,30DPD,4350.21
ACCT00604,11,ChargeOff,601.64
ACCT00605,11,Current,1166.12
ACCT00606,11,Current,5269.62
ACCT00607,11,Current,1861.19
ACCT00608,11,Current,4957.77
ACCT00609,11,30DPD,2637.09
ACCT00610,11,Current,10187.05
ACCT00611,11,60DPD,6708.15
ACCT00612,11,ChargeOff,6731.28
ACCT00613,11,Current,8688.91
ACCT00614,11,Current,2207.81
ACCT00615,11,Current,4182.12
ACCT00616,11,Current,2145.64
ACCT00617,11,Current,9045.86
ACCT00618,11,Current,7248.48
ACCT00619,11,90DPD,7959.02
ACCT00620,11,Current,6332.12
ACCT00621,11,Current,6509.57
ACCT00622,11,ChargeOff,3579.38
ACCT00623,11,Current,7055.9
ACCT00624,11,Current,5325.78
ACCT00625,11,ChargeOff,4735.62
ACCT00626,11,Current,5481.82
ACCT00627,11,Current,3074.29
ACCT00628,11,Current,3322.07
ACCT00629,11,Current,1880.08
ACCT00630,11,Current,834.45
ACCT00631,11,Current,4764.85
ACCT00632,11,Current,9567.05
ACCT00633,11,Current,5291.08
ACCT00634,11,Current,6294.44
ACCT00635,11,30DPD,4669.83
ACCT00636,11,Current,3258.48
ACCT00637,11,Current,2132.84
ACCT00638,11,Current,7029.67
ACCT00639,11,Current,2085.43
ACCT00640,11,ChargeOff,9620.32
ACCT00641,11,Current,5000.4
ACCT00642,11,Current,4813.07
ACCT00643,11,Current,8286.95
ACCT00644,11,ChargeOff,3876.11
ACCT00645,11,Current,7502.95
ACCT00646,11,Current,6353.67
ACCT00647,11,Current,5751.45
ACCT00648,11,Current,7637.37
ACCT00649,11,Current,6176.13
ACCT00650,11,Current,9541.16
ACCT00651,11,60DPD,2480.11
ACCT00652,11,Current,9905.88
ACCT00653,11,ChargeOff,8957.2
ACCT00654,11,Current,5488.03
ACCT00655,11,Current,10589.15
ACCT00656,11,Current,3204.81
ACCT00657,11,30DPD,5084.67
ACCT00658,11,Current,981.52
ACCT00659,11,Current,1765.37
ACCT00660,11,Current,8338.81
ACCT00661,11,Current,5014.23
ACCT00662,11,ChargeOff,5503.67
ACCT00663,11,Current,1824.4
ACCT00664,11,Current,5005.77
ACCT00665,11,Current,10856.8
ACCT00666,11,Current,8545.12
ACCT00667,11,ChargeOff,1237.69
ACCT00668,11,60DPD,4975.61
ACCT00669,11,Current,3323.66
ACCT00670,11,Current,5201.56
ACCT00671,11,Current,2925.01
ACCT00672,11,ChargeOff,6099.94
ACCT00673,11,Current,4806.27
ACCT00674,11,Current,7241.33
ACCT00675,11,Current,5644.01
ACCT00676,11,90DPD,3429.32
ACCT00677,11,Current,5051.66
ACCT00678,11,Current,5790.13
ACCT00679,11,30DPD,2979.96
ACCT00680,11,Current,6774.78
ACCT00681,11,30DPD,6202.43
ACCT00682,11,Current,1089.03
ACCT00683,11,Current,6906.03
ACCT00684,11,Current,3240.43
ACCT00685,11,Current,5582.62
ACCT00686,11,Current,1751.04
ACCT00687,11,Current,5486.28
ACCT00688,11,Current,2933.05
ACCT00689,11,Current,4754.6
ACCT00690,11,Current,9990.45
ACCT00691,11,60DPD,3737.86
ACCT00692,11,Current,9475.61
ACCT00693,11,Current,10228.43
ACCT00694,11,Current,9008.85
ACCT00695,11,Current,1191.97
ACCT00696,11,Current,8822.13
ACCT00697,11,Current,294.92
ACCT00698,11,Current,4162.07
ACCT00699,11,30DPD,6482.47
ACCT00700,11,Current,6159.23
ACCT00701,11,Current,5189.26
ACCT00702,11,Current,5446.11
ACCT00703,11,60DPD,7864.93
ACCT00704,11,30DPD,4663.96
ACCT00705,11,Current,3070.92
ACCT00706,11,Current,8831.52
ACCT00707,11,Current,1753.09
ACCT00708,11,Current,1903.27
ACCT00709,11,Current,5012.59
ACCT00710,11,ChargeOff,14585.52
ACCT00711,11,90DPD,1462.74
ACCT00712,11,Current,2458.03
ACCT00713,11,60DPD,1673.29
ACCT00714,11,Current,6087.42
ACCT00715,11,Current,2023.44
ACCT00716,11,30DPD,4009.04
ACCT00717,11,Current,12598.4
ACCT00718,11,30DPD,202.02
ACCT00719,11,30DPD,6673.51
ACCT00720,11,Current,4084.65
ACCT00721,11,Current,8533.86
ACCT00722,11,Current,3112.55
ACCT00723,11,ChargeOff,4547.78
ACCT00724,11,Current,1762.4
ACCT00725,11,Current,10102.77
ACCT00726,11,Current,5714.12
ACCT00727,11,Current,1494.27
ACCT00728,11,Current,3592.17
ACCT00729,11,Current,5716.4
ACCT00730,11,Current,132.92
ACCT00731,11,Current,2050.74
ACCT00732,11,30DPD,6276.91
ACCT00733,11,Current,3534.36
ACCT00734,11,Current,1792.24
ACCT00735,11,Current,5805.88
ACCT00736,11,Current,1705.36
ACCT00737,11,Current,3840.57
ACCT00738,11,Current,6486.15
ACCT00739,11,Current,6794.33
ACCT00740,11,Current,875.23
ACCT00741,11,Current,7712.27
ACCT00742,11,Current,2040.44
ACCT00743,11,Current,5415.77
ACCT00744,11,Current,3663.31
ACCT00745,11,Current,7859.17
ACCT00746,11,ChargeOff,2448.81
ACCT00747,11,Current,1948.05
ACCT00748,11,Current,5125.75
ACCT00749,11,Current,383.64
ACCT00750,11,Current,2484.79
ACCT00751,11,Current,5388.01
ACCT00752,11,Current,10835.02
ACCT00753,11,Current,850.39
ACCT00754,11,Current,7391.15
ACCT00755,11,60DPD,5672.66
ACCT00756,11,Current,7594.29
ACCT00757,11,Current,3615.93
ACCT00758,11,Current,5922.6
ACCT00759,11,Current,3593.0
ACCT00760,11,Current,6264.48
ACCT00761,11,Current,8128.99
ACCT00762,11,ChargeOff,1088.13
ACCT00763,11,Current,2552.95
ACCT00764,11,ChargeOff,1127.35
ACCT00765,11,Current,7965.05
ACCT00766,11,30DPD,3590.91
ACCT00767,11,Current,5980.16
ACCT00768,11,Current,9104.94
ACCT00769,11,Current,10148.17
ACCT00770,11,Current,1789.4
ACCT00771,11,Current,9505.46
ACCT00772,11,Current,6994.3
ACCT00773,11,Current,631.14
ACCT00774,11,Current,5087.83
ACCT00775,11,Current,3599.62
ACCT00776,11,Current,6003.2
ACCT00777,11,Current,4869.85
ACCT00778,11,60DPD,2499.06
ACCT00779,11,90DPD,1241.91
ACCT00780,11,ChargeOff,1311.62
ACCT00781,11,Current,974.65
ACCT00782,11,Current,8778.36
ACCT00783,11,Current,3543.63
ACCT00784,11,ChargeOff,3406.17
ACCT00785,11,Current,5386.85
ACCT00786,11,Current,6493.54
ACCT00787,11,30DPD,4925.92
ACCT00788,11,Current,7309.75
ACCT00789,11,30DPD,2791.6
ACCT00790,11,Current,8072.18
ACCT00791,11,30DPD,958.49
ACCT00792,11,Current,6776.88
ACCT00793,11,Current,8315.4
ACCT00794,11,Current,9420.34
ACCT00795,11,Current,5595.78
ACCT00796,11,Current,6589.41
ACCT00797,11,Current,3000.13
ACCT00798,11,Current,7826.96
ACCT00799,11,Current,7970.96
ACCT00800,11,Current,6546.44
ACCT00801,11,Current,4990.0
ACCT00802,11,90DPD,594.57
ACCT00803,11,30DPD,4753.81
ACCT00804,11,Current,1150.16
ACCT00805,11,Current,3294.52
ACCT00806,11,Current,3681.87
ACCT00807,11,ChargeOff,6634.02
ACCT00808,11,Current,1395.57
ACCT00809,11,ChargeOff,2653.14
ACCT00810,11,Current,460.86
ACCT00811,11,Current,8160.26
ACCT00812,11,ChargeOff,10463.88
ACCT00813,11,Current,356.16
ACCT00814,11,Current,367.35
ACCT00815,11,30DPD,4511.03
ACCT00816,11,Current,2312.68
ACCT00817,11,Current,5508.67
ACCT00818,11,ChargeOff,3364.82
ACCT00819,11,Current,10757.77
ACCT00820,11,Current,3054.08
ACCT00821,11,Current,6814.68
ACCT00822,11,30DPD,632.63
ACCT00823,11,Current,12461.13
ACCT00824,11,Current,6153.35
ACCT00825,11,60DPD,7196.06
ACCT00826,11,Current,3894.06
ACCT00827,11,Current,1620.53
ACCT00828,11,60DPD,9307.75
ACCT00829,11,Current,4598.14
ACCT00830,11,ChargeOff,2248.29
ACCT00831,11,Current,3906.2
ACCT00832,11,Current,3970.01
ACCT00833,11,Current,5864.86
ACCT00834,11,Current,5177.47
ACCT00835,11,Current,4955.21
ACCT00836,11,Current,6192.17
ACCT00837,11,ChargeOff,3829.15
ACCT00838,11,Current,3606.32
ACCT00839,11,Current,669.47
ACCT00840,11,Current,6653.03
ACCT00841,11,Current,5367.83
ACCT00842,11,Current,4046.2
ACCT00843,11,Current,1569.78
ACCT00844,11,60DPD,1965.76
ACCT00845,11,Current,5352.96
ACCT00846,11,Current,2804.51
ACCT00847,11,Current,875.36
ACCT00848,11,Current,7599.1
ACCT00849,11,Current,3287.28
ACCT00850,11,Current,3388.46
ACCT00851,11,Current,3395.46
ACCT00852,11,30DPD,11050.72
ACCT00853,11,Current,1610.74
ACCT00854,11,Current,8217.13
ACCT00855,11,Current,6387.27
ACCT00856,11,Current,8196.04
ACCT00857,11,Current,3158.84
ACCT00858,11,Current,5568.89
ACCT00859,11,ChargeOff,2726.93
ACCT00860,11,Current,4130.77
ACCT00861,11,90DPD,8119.81
ACCT00862,11,60DPD,2540.92
ACCT00863,11,Current,1127.22
ACCT00864,11,Current,3255.45
ACCT00865,11,Current,1050.85
ACCT00866,11,Current,3423.76
ACCT00867,11,Current,5406.67
ACCT00868,11,Current,8963.81
ACCT00869,11,ChargeOff,396.92
ACCT00870,11,Current,6005.57
ACCT00871,11,Current,3048.46
ACCT00872,11,ChargeOff,338.81
ACCT00873,11,Current,2890.89
ACCT00874,11,Current,1516.45
ACCT00875,11,Current,1942.65
ACCT00876,11,Current,2975.34
ACCT00877,11,Current,3560.57
ACCT00878,11,Current,6169.0
ACCT00879,11,Current,133.09
ACCT00880,11,Current,1123.89
ACCT00881,11,ChargeOff,1258.36
ACCT00882,11,ChargeOff,8807.6
ACCT00883,11,Current,3334.36
ACCT00884,11,Current,6004.43
ACCT00885,11,Current,2323.85
ACCT00886,11,Current,416.92
ACCT00887,11,Current,8188.64
ACCT00888,11,Current,1175.52
ACCT00889,11,Current,1244.33
ACCT00890,11,Current,1516.64
ACCT00891,11,Current,11711.12
ACCT00892,11,Current,6204.62
ACCT00893,11,Current,5665.46
ACCT00894,11,Current,6157.0
ACCT00895,11,Current,807.11
ACCT00896,11,Current,7051.55
ACCT00897,11,Current,1635.84
ACCT00898,11,Current,5283.35
ACCT00899,11,Current,4534.95
ACCT00900,11,Current,3511.29
ACCT00901,11,Current,8034.14
ACCT00902,11,Current,1262.53
ACCT00903,11,Current,8608.59
ACCT00904,11,Current,2542.98
ACCT00905,11,30DPD,4458.85
ACCT00906,11,Current,8203.5
ACCT00907,11,Current,762.58
ACCT00908,11,Current,6898.86
ACCT00909,11,Current,4376.25
ACCT00910,11,Current,7079.1
ACCT00911,11,Current,1219.33
ACCT00912,11,90DPD,4640.39
ACCT00913,11,ChargeOff,8794.7
ACCT00914,11,ChargeOff,6952.46
ACCT00915,11,ChargeOff,2102.5
ACCT00916,11,Current,2600.34
ACCT00917,11,Current,6305.86
ACCT00918,11,Current,293.91
ACCT00919,11,Current,5820.6
ACCT00920,11,Current,7432.97
ACCT00921,11,Current,134.5
ACCT00922,11,Current,1323.66
ACCT00923,11,60DPD,5504.4
ACCT00924,11,30DPD,445.46
ACCT00925,11,Current,5189.76
ACCT00926,11,Current,5522.9
ACCT00927,11,Current,4571.24
ACCT00928,11,Current,2497.82
ACCT00929,11,Current,6456.86
ACCT00930,11,30DPD,4880.06
ACCT00931,11,60DPD,2029.85
ACCT00932,11,Current,5107.27
ACCT00933,11,Current,5223.58
ACCT00934,11,Current,7590.34
ACCT00935,11,Current,4413.9
ACCT00936,11,Current,3037.96
ACCT00937,11,Current,1029.21
ACCT00938,11,Current,2148.81
ACCT00939,11,Current,197.42
ACCT00940,11,Current,11705.64
ACCT00941,11,Current,3076.07
ACCT00942,11,Current,7267.79
ACCT00943,11,Current,1523.6
ACCT00944,11,60DPD,3179.5
ACCT00945,11,Current,4090.77
ACCT00946,11,60DPD,3022.29
ACCT00947,11,Current,8857.87
ACCT00948,11,30DPD,8911.55
ACCT00949,11,Current,8937.67
ACCT00950,11,Current,1491.25
ACCT00951,11,Current,4700.15
ACCT00952,11,Current,1490.58
ACCT00953,11,90DPD,10068.73
ACCT00954,11,Current,5145.73
ACCT00955,11,Current,2417.35
ACCT00956,11,Current,1501.56
ACCT00957,11,30DPD,191.38
ACCT00958,11,Current,2919.4
ACCT00959,11,Current,4844.68
ACCT00960,11,Current,5790.91
ACCT00961,11,Current,7494.33
ACCT00962,11,Current,973.21
ACCT00963,11,Current,6364.21
ACCT00964,11,Current,2958.32
ACCT00965,11,Current,4278.94
ACCT00966,11,Current,2945.33
ACCT00967,11,Current,2682.84
ACCT00968,11,Current,3559.36
ACCT00969,11,30DPD,1942.12
ACCT00970,11,Current,3951.61
ACCT00971,11,Current,5906.33
ACCT00972,11,Current,1615.65
ACCT00973,11,Current,9050.45
ACCT00974,11,Current,4207.04
ACCT00975,11,ChargeOff,10498.46
ACCT00976,11,ChargeOff,7285.7
ACCT00977,11,Current,6611.25
ACCT00978,11,Current,8119.93
ACCT00979,11,30DPD,7504.4
ACCT00980,11,ChargeOff,9281.36
ACCT00981,11,30DPD,2436.61
ACCT00982,11,Current,887.26
ACCT00983,11,Current,5101.09
ACCT00984,11,Current,682.82
ACCT00985,11,Current,2272.28
ACCT00986,11,Current,642.29
ACCT00987,11,Current,5517.24
ACCT00988,11,Current,2137.62
ACCT00989,11,Current,7386.34
ACCT00990,11,Current,6912.24
ACCT00991,11,Current,10573.6
ACCT00992,11,Current,3541.71
ACCT00993,11,Current,6847.15
ACCT00994,11,ChargeOff,5547.69
ACCT00995,11,Current,5044.39
ACCT00996,11,ChargeOff,7145.27
ACCT00997,11,30DPD,1883.31
ACCT00998,11,ChargeOff,14692.8
ACCT00999,11,60DPD,1541.64
ACCT01000,11,Current,9868.32
ACCT01001,11,Current,4034.7
ACCT01002,11,Current,1809.53
ACCT01003,11,ChargeOff,8569.09
ACCT01004,11,Current,723.26
ACCT01005,11,Current,9191.86
ACCT01006,11,Current,4892.27
ACCT01007,11,Current,868.92
ACCT01008,11,Current,894.39
ACCT01009,11,60DPD,7008.64
ACCT01010,11,Current,2921.97
ACCT01011,11,Current,7092.38
ACCT01012,11,Current,8211.17
ACCT01013,11,ChargeOff,9392.98
ACCT01014,11,Current,3713.46
ACCT01015,11,Current,7440.63
ACCT01016,11,Current,6764.57
ACCT01017,11,Current,1134.2
ACCT01018,11,Current,3424.24
ACCT01019,11,Current,2745.41
ACCT01020,11,Current,4243.04
ACCT01021,11,Current,6672.04
ACCT01022,11,ChargeOff,7218.79
ACCT01023,11,Current,4311.16
ACCT01024,11,Current,2653.51
ACCT01025,11,ChargeOff,1602.86
ACCT01026,11,90DPD,2398.24
ACCT01027,11,Current,7773.6
ACCT01028,11,Current,4757.08
ACCT01029,11,Current,2826.94
ACCT01030,11,Current,7160.58
ACCT01031,11,Current,783.55
ACCT01032,11,Current,1916.37
ACCT01033,11,Current,2298.91
ACCT01034,11,Current,7454.41
ACCT01035,11,Current,6004.34
ACCT01036,11,Current,8055.09
ACCT01037,11,30DPD,128.18
ACCT01038,11,Current,2063.26
ACCT01039,11,Current,8476.76
ACCT01040,11,Current,3114.14
ACCT01041,11,ChargeOff,11099.66
ACCT01042,11,30DPD,6635.74
ACCT01043,11,Current,2838.87
ACCT01044,11,Current,4815.26
ACCT01045,11,ChargeOff,11628.21
ACCT01046,11,Current,3248.83
ACCT01047,11,Current,6300.0
ACCT01048,11,Current,9433.92
ACCT01049,11,Current,1978.84
ACCT01050,11,Current,8642.74
ACCT01051,11,Current,820.84
ACCT01052,11,Current,7754.48
ACCT01053,11,Current,7609.53
ACCT01054,11,Current,6144.37
ACCT01055,11,Current,2582.01
ACCT01056,11,90DPD,6036.88
ACCT01057,11,ChargeOff,1970.99
ACCT01058,11,Current,1424.29
ACCT01059,11,Current,2453.3
ACCT01060,11,ChargeOff,7967.52
ACCT01061,11,30DPD,3392.85
ACCT01062,11,Current,3334.74
ACCT01063,11,ChargeOff,12827.31
ACCT01064,11,Current,2905.64
ACCT01065,11,60DPD,3389.39
ACCT01066,11,Current,4104.35
ACCT01067,11,Current,2596.02
ACCT01068,11,Current,5526.58
ACCT01069,11,Current,3561.67
ACCT01070,11,60DPD,284.57
ACCT01071,11,Current,8292.18
ACCT01072,11,Current,7355.78
ACCT01073,11,Current,7161.62
ACCT01074,11,Current,8910.04
ACCT01075,11,Current,7248.18
ACCT01076,11,60DPD,3160.46
ACCT01077,11,Current,5589.59
ACCT01078,11,Current,7713.58
ACCT01079,11,Current,2931.85
ACCT01080,11,ChargeOff,2514.16
ACCT01081,11,Current,1116.95
ACCT01082,11,ChargeOff,9206.12
ACCT01083,11,Current,8467.5
ACCT01084,11,ChargeOff,11423.6
ACCT01085,11,Current,3146.16
ACCT01086,11,Current,1855.17
ACCT01087,11,Current,2554.53
ACCT01088,11,Current,3894.32
ACCT01089,11,60DPD,9048.6
ACCT01090,11,Current,8350.31
ACCT01091,11,Current,5427.24
ACCT01092,11,90DPD,7080.37
ACCT01093,11,ChargeOff,9816.89
ACCT01094,11,Current,3986.62
ACCT01095,11,60DPD,600.68
ACCT01096,11,Current,877.73
ACCT01097,11,Current,3274.6
ACCT01098,11,Current,2151.09
ACCT01099,11,Current,1244.46
ACCT01100,11,Current,7329.58
ACCT01101,11,Current,1998.94
ACCT01102,11,Current,9729.08
ACCT01103,11,Current,5649.38
ACCT01104,11,Current,5564.62
ACCT01105,11,90DPD,3748.55
ACCT01106,11,90DPD,2757.18
ACCT01107,11,Current,6460.81
ACCT01108,11,ChargeOff,2963.04
ACCT01109,11,ChargeOff,10765.28
ACCT01110,11,Current,3248.36
ACCT01111,11,Current,2534.64
ACCT01112,11,60DPD,6692.63
ACCT01113,11,Current,6629.65
ACCT01114,11,ChargeOff,5890.53
ACCT01115,11,Current,5727.49
ACCT01116,11,Current,1163.82
ACCT01117,11,Current,6552.06
ACCT01118,11,Current,2748.46
ACCT01119,11,Current,1519.94
ACCT01120,11,Current,1250.8
ACCT01121,11,Current,2526.54
ACCT01122,11,Current,2888.84
ACCT01123,11,Current,3456.5
ACCT01124,11,Current,1791.09
ACCT01125,11,Current,1494.91
ACCT01126,11,Current,6066.21
ACCT01127,11,Current,1230.83
ACCT01128,11,Current,4869.01
ACCT01129,11,ChargeOff,14170.42
ACCT01130,11,ChargeOff,6516.58
ACCT01131,11,Current,8848.77
ACCT01132,11,Current,1070.51
ACCT01133,11,Current,575.96
ACCT01134,11,30DPD,5948.81
ACCT01135,11,ChargeOff,9023.75
ACCT01136,11,Current,11529.71
ACCT01137,11,Current,568.39
ACCT01138,11,Current,6207.15
ACCT01139,11,Current,4711.38
ACCT01140,11,Current,3096.1
ACCT01141,11,Current,1365.0
ACCT01142,11,60DPD,8874.08
ACCT01143,11,Current,636.07
ACCT01144,11,Current,6976.8
ACCT01145,11,Current,5747.05
ACCT01146,11,Current,6052.9
ACCT01147,11,Current,5467.47
ACCT01148,11,Current,5932.64
ACCT01149,11,Current,1750.26
ACCT01150,11,30DPD,145.46
ACCT01151,11,30DPD,4556.0
ACCT01152,11,Current,3359.75
ACCT01153,11,Current,1505.0
ACCT01154,11,Current,1497.56
ACCT01155,11,ChargeOff,3399.34
ACCT01156,11,Current,845.68
ACCT01157,11,Current,675.26
ACCT01158,11,ChargeOff,12064.28
ACCT01159,11,Current,4094.99
ACCT01160,11,Current,7494.69
ACCT01161,11,Current,6291.22
ACCT01162,11,Current,1492.56
ACCT01163,11,Current,4614.67
ACCT01164,11,30DPD,6153.11
ACCT01165,11,Current,7106.61
ACCT01166,11,60DPD,807.85
ACCT01167,11,Current,1649.2
ACCT01168,11,Current,708.74
ACCT01169,11,Current,5196.66
ACCT01170,11,Current,8583.96
ACCT01171,11,Current,5054.93
ACCT01172,11,Current,9397.82
ACCT01173,11,Current,11668.29
ACCT01174,11,Current,6044.14
ACCT01175,11,Current,591.62
ACCT01176,11,Current,6645.39
ACCT01177,11,Current,3996.51
ACCT01178,11,Current,164.46
ACCT01179,11,Current,4878.8
ACCT01180,11,Current,7391.72
ACCT01181,11,Current,2694.9
ACCT01182,11,Current,3936.48
ACCT01183,11,ChargeOff,1792.36
ACCT01184,11,Current,797.09
ACCT01185,11,Current,751.06
ACCT01186,11,Current,8633.07
ACCT01187,11,ChargeOff,12988.3
ACCT01188,11,Current,1115.91
ACCT01189,11,ChargeOff,3932.82
ACCT01190,11,Current,2049.24
ACCT01191,11,Current,411.46
ACCT01192,11,Current,5318.12
ACCT01193,11,ChargeOff,9247.54
ACCT01194,11,Current,4729.67
ACCT01195,11,Current,3637.71
ACCT01196,11,Current,5876.98
ACCT01197,11,Current,911.46
ACCT01198,11,ChargeOff,2054.12
ACCT01199,11,Current,7574.55
ACCT01200,11,Current,6494.46
ACCT01201,11,Current,7026.59
ACCT01202,11,Current,9306.82
ACCT01203,11,Current,5872.3
ACCT01204,11,Current,7276.87
ACCT01205,11,Current,3333.48
ACCT01206,11,ChargeOff,221.85
ACCT01207,11,Current,770.4
ACCT01208,11,ChargeOff,940.44
ACCT01209,11,Current,894.59
ACCT01210,11,Current,2529.01
ACCT01211,11,Current,6860.34
ACCT01212,11,Current,8090.6
ACCT01213,11,Current,5803.72
ACCT01214,11,90DPD,1251.77
ACCT01215,11,Current,4231.61
ACCT01216,11,Current,2875.15
ACCT01217,11,Current,248.83
ACCT01218,11,Current,4173.36
ACCT01219,11,Current,3148.4
ACCT01220,11,Current,2658.58
ACCT01221,11,Current,6740.81
ACCT01222,11,Current,4898.13
ACCT01223,11,Current,6097.4
ACCT01224,11,30DPD,1046.58
ACCT01225,11,Current,5870.99
ACCT01226,11,ChargeOff,6289.69
ACCT01227,11,Current,1546.88
ACCT01228,11,Current,6260.79
ACCT01229,11,90DPD,3553.44
ACCT01230,11,Current,3226.67
ACCT01231,11,Current,1272.56
ACCT01232,11,Current,5001.2
ACCT01233,11,Current,1131.17
ACCT01234,11,Current,1525.17
ACCT01235,11,Current,1106.97
ACCT01236,11,Current,5817.23
ACCT01237,11,Current,2423.86
ACCT01238,11,Current,2839.86
ACCT01239,11,Current,3229.09
ACCT01240,11,Current,8012.63
ACCT01241,11,Current,5936.84
ACCT01242,11,Current,10543.22
ACCT01243,11,Current,2486.75
ACCT01244,11,Current,1293.11
ACCT01245,11,60DPD,5024.93
ACCT01246,11,Current,2867.5
ACCT01247,11,Current,8518.94
ACCT01248,11,Current,8119.79
ACCT01249,11,Current,3659.56
ACCT01250,11,Current,7312.9
ACCT01251,11,Current,3710.82
ACCT01252,11,Current,2977.64
ACCT01253,11,Current,4696.44
ACCT01254,11,Current,535.07
ACCT01255,11,Current,6175.07
ACCT01256,11,30DPD,1742.65
ACCT01257,11,Current,2138.3
ACCT01258,11,ChargeOff,4114.14
ACCT01259,11,ChargeOff,836.03
ACCT01260,11,Current,650.51
ACCT01261,11,Current,5079.17
ACCT01262,11,Current,669.0
ACCT01263,11,Current,4949.09
ACCT01264,11,Current,2487.63
ACCT01265,11,Current,2317.24
ACCT01266,11,Current,1961.97
ACCT01267,11,ChargeOff,10307.24
ACCT01268,11,Current,8004.85
ACCT01269,11,30DPD,1276.43
ACCT01270,11,ChargeOff,13013.99
ACCT01271,11,Current,4220.91
ACCT01272,11,Current,5244.33
ACCT01273,11,Current,5606.92
ACCT01274,11,Current,4713.83
ACCT01275,11,Current,6726.46
ACCT01276,11,30DPD,4854.27
ACCT01277,11,Current,4612.49
ACCT01278,11,Current,3086.93
ACCT01279,11,Current,953.3
ACCT01280,11,Current,5833.5
ACCT01281,11,Current,566.64
ACCT01282,11,Current,2365.46
ACCT01283,11,Current,1045.87
ACCT01284,11,Current,1600.06
ACCT01285,11,30DPD,5162.67
ACCT01286,11,Current,9290.05
ACCT01287,11,60DPD,4324.84
ACCT01288,11,Current,850.48
ACCT01289,11,Current,3287.65
ACCT01290,11,Current,3719.17
ACCT01291,11,Current,7395.52
ACCT01292,11,Current,3775.77
ACCT01293,11,Current,4246.48
ACCT01294,11,60DPD,3576.42
ACCT01295,11,Current,11430.26
ACCT01296,11,Current,5982.03
ACCT01297,11,Current,5581.78
ACCT01298,11,Current,5001.89
ACCT01299,11,30DPD,299.87
ACCT01300,11,Current,9521.38
ACCT01301,11,60DPD,3804.7
ACCT01302,11,ChargeOff,3677.85
ACCT01303,11,30DPD,14590.17
ACCT01304,11,90DPD,4644.72
ACCT01305,11,Current,468.09
ACCT01306,11,Current,986.9
ACCT01307,11,30DPD,333.45
ACCT01308,11,Current,5744.89
ACCT01309,11,ChargeOff,1180.37
ACCT01310,11,Current,9223.07
ACCT01311,11,Current,8986.32
ACCT01312,11,Current,4505.68
ACCT01313,11,Current,6006.48
ACCT01314,11,Current,2198.04
ACCT01315,11,Current,807.17
ACCT01316,11,Current,6550.39
ACCT01317,11,ChargeOff,1343.65
ACCT01318,11,Current,1071.79
ACCT01319,11,Current,2781.9
ACCT01320,11,Current,225.04
ACCT01321,11,Current,4363.49
ACCT01322,11,Current,5911.78
ACCT01323,11,Current,6345.95
ACCT01324,11,Current,5327.86
ACCT01325,11,Current,8801.88
ACCT01326,11,Current,4613.39
ACCT01327,11,Current,12267.6
ACCT01328,11,Current,6258.04
ACCT01329,11,Current,2004.07
ACCT01330,11,Current,8732.42
ACCT01331,11,Current,2304.98
ACCT01332,11,Current,420.31
ACCT01333,11,Current,2734.98
ACCT01334,11,ChargeOff,5228.97
ACCT01335,11,Current,2859.41
ACCT01336,11,Current,5059.58
ACCT01337,11,60DPD,9651.38
ACCT01338,11,ChargeOff,4347.88
ACCT01339,11,Current,4574.71
ACCT01340,11,Current,2518.83
ACCT01341,11,Current,8288.25
ACCT01342,11,Current,1508.2
ACCT01343,11,Current,941.52
ACCT01344,11,ChargeOff,7644.33
ACCT01345,11,Current,5501.21
ACCT01346,11,Current,10022.05
ACCT01347,11,30DPD,5957.27
ACCT01348,11,Current,7328.35
ACCT01349,11,Current,2787.15
ACCT01350,11,Current,277.21
ACCT01351,11,Current,1038.16
ACCT01352,11,Current,539.74
ACCT01353,11,Current,3302.9
ACCT01354,11,Current,4584.06
ACCT01355,11,Current,3417.89
ACCT01356,11,ChargeOff,8020.12
ACCT01357,11,Current,3917.81
ACCT01358,11,Current,6383.05
ACCT01359,11,ChargeOff,9843.47
ACCT01360,11,Current,2150.73
ACCT01361,11,Current,3538.91
ACCT01362,11,Current,7159.89
ACCT01363,11,Current,4836.2
ACCT01364,11,Current,2592.51
ACCT01365,11,Current,3341.01
ACCT01366,11,60DPD,6452.91
ACCT01367,11,Current,4676.13
ACCT01368,11,90DPD,1038.27
ACCT01369,11,90DPD,3324.79
ACCT01370,11,Current,10222.38
ACCT01371,11,ChargeOff,685.95
ACCT01372,11,Current,10381.55
ACCT01373,11,Current,1560.44
ACCT01374,11,Current,5934.24
ACCT01375,11,Current,4210.41
ACCT01376,11,Current,232.3
ACCT01377,11,Current,7246.94
ACCT01378,11,Current,5059.57
ACCT01379,11,Current,10579.83
ACCT01380,11,Current,2175.8
ACCT01381,11,Current,10103.15
ACCT01382,11,30DPD,6893.23
ACCT01383,11,ChargeOff,8441.12
ACCT01384,11,Current,1997.74
ACCT01385,11,Current,5449.56
ACCT01386,11,ChargeOff,5434.31
ACCT01387,11,Current,8762.18
ACCT01388,11,Current,3653.35
ACCT01389,11,30DPD,2282.82
ACCT01390,11,Current,1216.81
ACCT01391,11,Current,5440.19
ACCT01392,11,Current,7437.95
ACCT01393,11,60DPD,380.65
ACCT01394,11,Current,6947.58
ACCT01395,11,Current,7530.72
ACCT01396,11,30DPD,641.25
ACCT01397,11,60DPD,1068.89
ACCT01398,11,Current,5797.05
ACCT01399,11,Current,6366.48
ACCT01400,11,Current,600.84
ACCT01401,11,30DPD,7906.15
ACCT01402,11,ChargeOff,6899.33
ACCT01403,11,Current,9938.12
ACCT01404,11,60DPD,6719.56
ACCT01405,11,30DPD,9580.8
ACCT01406,11,Current,5644.77
ACCT01407,11,Current,3073.36
ACCT01408,11,Current,4553.79
ACCT01409,11,Current,789.96
ACCT01410,11,Current,8397.94
ACCT01411,11,ChargeOff,2192.77
ACCT01412,11,Current,4301.56
ACCT01413,11,Current,721.22
ACCT01414,11,30DPD,2912.88
ACCT01415,11,30DPD,1962.3
ACCT01416,11,Current,4662.76
ACCT01417,11,ChargeOff,8625.86
ACCT01418,11,Current,499.38
ACCT01419,11,Current,8261.94
ACCT01420,11,Current,6902.25
ACCT01421,11,Current,2602.56
ACCT01422,11,Current,4889.36
ACCT01423,11,Current,4969.7
ACCT01424,11,Current,2079.54
ACCT01425,11,Current,3696.49
ACCT01426,11,Current,719.01
ACCT01427,11,ChargeOff,10296.76
ACCT01428,11,60DPD,10328.15
ACCT01429,11,Current,6536.02
ACCT01430,11,Current,6548.44
ACCT01431,11,Current,3913.79
ACCT01432,11,Current,9151.35
ACCT01433,11,Current,2738.14
ACCT01434,11,Current,923.82
ACCT01435,11,ChargeOff,6819.77
ACCT01436,11,Current,2855.18
ACCT01437,11,Current,3507.63
ACCT01438,11,ChargeOff,290.47
ACCT01439,11,Current,5454.79
ACCT01440,11,ChargeOff,2676.58
ACCT01441,11,30DPD,1587.48
ACCT01442,11,Current,526.03
ACCT01443,11,Current,3004.55
ACCT01444,11,Current,8014.91
ACCT01445,11,Current,3371.53
ACCT01446,11,Current,5548.13
ACCT01447,11,Current,6741.42
ACCT01448,11,Current,3518.07
ACCT01449,11,Current,7074.16
ACCT01450,11,Current,6610.64
ACCT01451,11,Current,3960.76
ACCT01452,11,Current,113.55
ACCT01453,11,Current,437.73
ACCT01454,11,Current,8512.01
ACCT01455,11,Current,9740.4
ACCT01456,11,Current,9025.81
ACCT01457,11,Current,9093.23
ACCT01458,11,Current,315.4
ACCT01459,11,30DPD,6849.39
ACCT01460,11,Current,3846.09
ACCT01461,11,Current,8898.45
ACCT01462,11,Current,181.93
ACCT01463,11,90DPD,3075.44
ACCT01464,11,Current,8783.34
ACCT01465,11,Current,6366.37
ACCT01466,11,Current,3952.06
ACCT01467,11,Current,3159.71
ACCT01468,11,30DPD,2998.12
ACCT01469,11,Current,8676.63
ACCT01470,11,ChargeOff,6304.26
ACCT01471,11,Current,3217.31
ACCT01472,11,ChargeOff,5522.94
ACCT01473,11,Current,3539.4
ACCT01474,11,Current,4635.28
ACCT01475,11,Current,3753.97
ACCT01476,11,Current,7201.69
ACCT01477,11,ChargeOff,13653.96
ACCT01478,11,Current,6730.92
ACCT01479,11,Current,6003.2
ACCT01480,11,Current,3307.43
ACCT01481,11,Current,5705.61
ACCT01482,11,Current,6180.52
ACCT01483,11,30DPD,5246.72
ACCT01484,11,Current,5860.36
ACCT01485,11,Current,6428.48
ACCT01486,11,Current,6340.68
ACCT01487,11,Current,6906.72
ACCT01488,11,Current,1859.23
ACCT01489,11,Current,3666.15
ACCT01490,11,90DPD,6536.39
ACCT01491,11,Current,123.58
ACCT01492,11,Current,8942.21
ACCT01493,11,Current,6987.87
ACCT01494,11,Current,1366.38
ACCT01495,11,Current,8185.77
ACCT01496,11,Current,5556.3
ACCT01497,11,30DPD,4965.24
ACCT01498,11,Current,2983.31
ACCT01499,11,Current,9003.37
ACCT01500,11,Current,3966.93
ACCT01501,11,ChargeOff,7451.29
ACCT01502,11,Current,96.71
ACCT01503,11,90DPD,7124.29
ACCT01504,11,Current,4941.97
ACCT01505,11,30DPD,5425.93
ACCT01506,11,60DPD,5026.88
ACCT01507,11,60DPD,5618.3
ACCT01508,11,Current,7608.12
ACCT01509,11,Current,3220.16
ACCT01510,11,30DPD,8629.54
ACCT01511,11,30DPD,7224.23
ACCT01512,11,60DPD,11648.23
ACCT01513,11,Current,7364.03
ACCT01514,11,Current,7379.2
ACCT01515,11,Current,6069.04
ACCT01516,11,Current,5150.71
ACCT01517,11,ChargeOff,2168.93
ACCT01518,11,Current,4427.0
ACCT01519,11,30DPD,7237.32
ACCT01520,11,Current,6335.96
ACCT01521,11,Current,8747.82
ACCT01522,11,Current,1011.87
ACCT01523,11,ChargeOff,2962.09
ACCT01524,11,Current,5127.46
ACCT01525,11,90DPD,3799.98
ACCT01526,11,Current,900.38
ACCT01527,11,Current,1167.2
ACCT01528,11,Current,8544.43
ACCT01529,11,Current,4178.42
ACCT01530,11,Current,723.24
ACCT01531,11,Current,341.14
ACCT01532,11,Current,5781.09
ACCT01533,11,Current,2230.26
ACCT01534,11,Current,6667.6
ACCT01535,11,ChargeOff,9846.07
ACCT01536,11,ChargeOff,3137.24
ACCT01537,11,Current,4631.51
ACCT01538,11,Current,1561.96
ACCT01539,11,Current,2596.3
ACCT01540,11,ChargeOff,9846.34
ACCT01541,11,Current,4160.3
ACCT01542,11,90DPD,6611.15
ACCT01543,11,Current,1839.1
ACCT01544,11,Current,2531.39
ACCT01545,11,Current,4371.76
ACCT01546,11,Current,4898.21
ACCT01547,11,Current,9852.78
ACCT01548,11,Current,907.79
ACCT01549,11,30DPD,8926.05
ACCT01550,11,Current,10881.6
ACCT01551,11,Current,5265.13
ACCT01552,11,ChargeOff,3998.71
ACCT01553,11,Current,6049.78
ACCT01554,11,ChargeOff,3106.75
ACCT01555,11,Current,6684.03
ACCT01556,11,ChargeOff,7338.74
ACCT01557,11,Current,7742.06
ACCT01558,11,Current,6899.39
ACCT01559,11,Current,5478.76
ACCT01560,11,ChargeOff,10723.83
ACCT01561,11,Current,4638.27
ACCT01562,11,Current,9807.54
ACCT01563,11,Current,2516.22
ACCT01564,11,Current,6836.8
ACCT01565,11,60DPD,7059.08
ACCT01566,11,Current,5747.75
ACCT01567,11,Current,4517.7
ACCT01568,11,90DPD,5399.85
ACCT01569,11,Current,3170.44
ACCT01570,11,Current,8602.41
ACCT01571,11,30DPD,1391.05
ACCT01572,11,Current,3248.98
ACCT01573,11,Current,4418.7
ACCT01574,11,Current,2578.12
ACCT01575,11,ChargeOff,4600.87
ACCT01576,11,Current,6774.4
ACCT01577,11,ChargeOff,2797.09
ACCT01578,11,ChargeOff,11230.16
ACCT01579,11,Current,847.67
ACCT01580,11,Current,7498.43
ACCT01581,11,Current,8127.09
ACCT01582,11,Current,3371.04
ACCT01583,11,Current,6744.32
ACCT01584,11,Current,6668.9
ACCT01585,11,Current,8177.54
ACCT01586,11,Current,3494.84
ACCT01587,11,Current,3775.9
ACCT01588,11,Current,8440.91
ACCT01589,11,Current,3349.45
ACCT01590,11,Current,7746.92
ACCT01591,11,Current,3152.13
ACCT01592,11,Current,7505.36
ACCT01593,11,60DPD,1124.72
ACCT01594,11,Current,396.73
ACCT01595,11,30DPD,7460.12
ACCT01596,11,Current,7885.46
ACCT01597,11,ChargeOff,8858.98
ACCT01598,11,Current,7284.63
ACCT01599,11,Current,2997.16
ACCT01600,11,Current,2577.52
ACCT01601,11,Current,1352.0
ACCT01602,11,Current,2897.37
ACCT01603,11,Current,2395.12
ACCT01604,11,Current,10988.13
ACCT01605,11,Current,219.0
ACCT01606,11,Current,1044.18
ACCT01607,11,Current,1525.31
ACCT01608,11,Current,2232.87
ACCT01609,11,60DPD,1712.71
ACCT01610,11,Current,5632.4
ACCT01611,11,Current,2265.92
ACCT01612,11,Current,4801.32
ACCT01613,11,Current,12066.76
ACCT01614,11,Current,5194.98
ACCT01615,11,Current,5801.23
ACCT01616,11,Current,4176.58
ACCT01617,11,Current,1405.45
ACCT01618,11,ChargeOff,4944.64
ACCT01619,11,Current,8390.6
ACCT01620,11,30DPD,4269.71
ACCT01621,11,Current,2829.23
ACCT01622,11,Current,4241.47
ACCT01623,11,Current,8699.26
ACCT01624,11,Current,4515.21
ACCT01625,11,Current,5415.66
ACCT01626,11,Current,8618.6
ACCT01627,11,30DPD,8134.31
ACCT01628,11,Current,5249.42
ACCT01629,11,Current,1513.98
ACCT01630,11,Current,1212.0
ACCT01631,11,Current,7413.52
ACCT01632,11,Current,5528.82
ACCT01633,11,Current,2848.79
ACCT01634,11,ChargeOff,8917.51
ACCT01635,11,Current,588.2
ACCT01636,11,Current,7024.97
ACCT01637,11,Current,2115.91
ACCT01638,11,Current,4844.91
ACCT01639,11,Current,5101.38
ACCT01640,11,Current,3829.1
ACCT01641,11,ChargeOff,468.63
ACCT01642,11,Current,6383.11
ACCT01643,11,Current,1746.98
ACCT01644,11,Current,543.68
ACCT01645,11,Current,5391.5
ACCT01646,11,Current,2541.62
ACCT01647,11,Current,2865.42
ACCT01648,11,Current,2307.23
ACCT01649,11,Current,6967.19
ACCT01650,11,Current,2326.1
ACCT01651,11,Current,2048.0
ACCT01652,11,Current,3437.47
ACCT01653,11,90DPD,2213.73
ACCT01654,11,Current,2601.7
ACCT01655,11,Current,890.01
ACCT01656,11,Current,1372.0
ACCT01657,11,Current,3830.46
ACCT01658,11,Current,9586.23
ACCT01659,11,Current,585.9
ACCT01660,11,Current,1320.8
ACCT01661,11,Current,5327.98
ACCT01662,11,Current,5534.7
ACCT01663,11,Current,7858.88
ACCT01664,11,Current,2146.09
ACCT01665,11,Current,4497.29
ACCT01666,11,Current,1524.5
ACCT01667,11,Current,1523.07
ACCT01668,11,Current,3166.86
ACCT01669,11,Current,4612.55
ACCT01670,11,Current,2986.95
ACCT01671,11,Current,6251.34
ACCT01672,11,Current,2423.51
ACCT01673,11,Current,3361.28
ACCT01674,11,Current,7889.68
ACCT01675,11,ChargeOff,6718.97
ACCT01676,11,Current,2461.48
ACCT01677,11,Current,6049.43
ACCT01678,11,Current,2537.99
ACCT01679,11,ChargeOff,790.93
ACCT01680,11,Current,5693.38
ACCT01681,11,ChargeOff,1545.17
ACCT01682,11,Current,4426.52
ACCT01683,11,Current,5007.44
ACCT01684,11,Current,2478.09
ACCT01685,11,Current,1425.33
ACCT01686,11,Current,3246.39
ACCT01687,11,Current,7388.71
ACCT01688,11,Current,5231.95
ACCT01689,11,ChargeOff,5496.26
ACCT01690,11,ChargeOff,598.1
ACCT01691,11,Current,7257.53
ACCT01692,11,Current,1007.03
ACCT01693,11,Current,4307.24
ACCT01694,11,Current,3617.41
ACCT01695,11,Current,2672.92
ACCT01696,11,Current,2757.65
ACCT01697,11,Current,730.45
ACCT01698,11,Current,228.08
ACCT01699,11,Current,4834.18
ACCT01700,11,Current,8935.52
ACCT01701,11,ChargeOff,3881.01
ACCT01702,11,Current,5957.91
ACCT01703,11,60DPD,5226.7
ACCT01704,11,Current,551.49
ACCT01705,11,ChargeOff,1976.75
ACCT01706,11,Current,2812.77
ACCT01707,11,Current,6656.46
ACCT01708,11,Current,4194.98
ACCT01709,11,Current,5602.2
ACCT01710,11,Current,7419.43
ACCT01711,11,Current,6144.22
ACCT01712,11,Current,12370.79
ACCT01713,11,30DPD,6069.09
ACCT01714,11,Current,5778.63
ACCT01715,11,Current,7262.5
ACCT01716,11,Current,6376.68
ACCT01717,11,ChargeOff,6792.33
ACCT01718,11,Current,7099.51
ACCT01719,11,Current,5450.82
ACCT01720,11,Current,5925.73
ACCT01721,11,30DPD,4692.08
ACCT01722,11,Current,6729.22
ACCT01723,11,Current,4587.02
ACCT01724,11,Current,7895.36
ACCT01725,11,ChargeOff,7213.39
ACCT01726,11,Current,8407.97
ACCT01727,11,Current,2697.65
ACCT01728,11,Current,5248.75
ACCT01729,11,Current,5925.94
ACCT01730,11,Current,7477.39
ACCT01731,11,ChargeOff,7731.26
ACCT01732,11,Current,5632.72
ACCT01733,11,90DPD,4299.21
ACCT01734,11,Current,1303.72
ACCT01735,11,Current,7314.14
ACCT01736,11,Current,2868.57
ACCT01737,11,60DPD,4798.18
ACCT01738,11,Current,7272.12
ACCT01739,11,ChargeOff,3335.84
ACCT01740,11,Current,2313.97
ACCT01741,11,Current,1965.87
ACCT01742,11,Current,5746.56
ACCT01743,11,Current,3554.32
ACCT01744,11,Current,1081.07
ACCT01745,11,Current,5455.75
ACCT01746,11,Current,2284.45
ACCT01747,11,Current,9599.35
ACCT01748,11,30DPD,2962.57
ACCT01749,11,90DPD,2098.93
ACCT01750,11,60DPD,738.51
ACCT01751,11,90DPD,5429.95
ACCT01752,11,Current,2828.24
ACCT01753,11,Current,6574.09
ACCT01754,11,Current,3577.78
ACCT01755,11,30DPD,3030.55
ACCT01756,11,Current,2828.5
ACCT01757,11,Current,3859.67
ACCT01758,11,Current,9725.89
ACCT01759,11,Current,1987.01
ACCT01760,11,ChargeOff,8408.08
ACCT01761,11,Current,2978.6
ACCT01762,11,Current,893.73
ACCT01763,11,30DPD,2582.56
ACCT01764,11,Current,751.89
ACCT01765,11,Current,5876.34
ACCT01766,11,Current,3887.51
ACCT01767,11,Current,3103.38
ACCT01768,11,Current,5258.66
ACCT01769,11,Current,6818.23
ACCT01770,11,Current,6154.7
ACCT01771,11,Current,7070.7
ACCT01772,11,Current,7793.03
ACCT01773,11,Current,9164.4
ACCT01774,11,Current,6872.6
ACCT01775,11,Current,3095.03
ACCT01776,11,Current,7799.72
ACCT01777,11,30DPD,733.07
ACCT01778,11,Current,6264.62
ACCT01779,11,Current,8259.53
ACCT01780,11,Current,721.79
ACCT01781,11,Current,6483.23
ACCT01782,11,Current,5615.07
ACCT01783,11,30DPD,1775.46
ACCT01784,11,Current,6044.69
ACCT01785,11,Current,8100.66
ACCT01786,11,Current,7575.62
ACCT01787,11,ChargeOff,1831.84
ACCT01788,11,Current,3207.05
ACCT01789,11,Current,4603.32
ACCT01790,11,Current,1805.78
ACCT01791,11,30DPD,3927.8
ACCT01792,11,90DPD,376.84
ACCT01793,11,Current,1481.85
ACCT01794,11,ChargeOff,7636.69
ACCT01795,11,30DPD,5652.0
ACCT01796,11,Current,6628.02
ACCT01797,11,Current,5581.95
ACCT01798,11,Current,4429.37
ACCT01799,11,Current,3014.94
ACCT01800,11,Current,257.69
ACCT01801,11,Current,1466.23
ACCT01802,11,Current,2278.81
ACCT01803,11,Current,1630.24
ACCT01804,11,Current,221.36
ACCT01805,11,Current,1232.34
ACCT01806,11,Current,5767.38
ACCT01807,11,Current,5638.41
ACCT01808,11,Current,9438.67
ACCT01809,11,Current,8502.8
ACCT01810,11,Current,4886.44
ACCT01811,11,Current,1532.9
ACCT01812,11,Current,7564.81
ACCT01813,11,60DPD,563.85
ACCT01814,11,Current,3495.32
ACCT01815,11,Current,3629.11
ACCT01816,11,60DPD,3475.86
ACCT01817,11,Current,3771.68
ACCT01818,11,60DPD,9337.12
ACCT01819,11,Current,5996.78
ACCT01820,11,Current,5775.05
ACCT01821,11,Current,8335.16
ACCT01822,11,Current,4781.66
ACCT01823,11,Current,394.85
ACCT01824,11,ChargeOff,7416.56
ACCT01825,11,Current,4917.41
ACCT01826,11,Current,2082.44
ACCT01827,11,Current,2888.31
ACCT01828,11,Current,7768.0
ACCT01829,11,Current,6997.75
ACCT01830,11,Current,5468.68
ACCT01831,11,ChargeOff,9299.43
ACCT01832,11,Current,4338.0
ACCT01833,11,30DPD,4391.48
ACCT01834,11,ChargeOff,2648.04
ACCT01835,11,Current,3975.55
ACCT01836,11,30DPD,5213.47
ACCT01837,11,Current,456.67
ACCT01838,11,Current,6158.36
ACCT01839,11,Current,2344.94
ACCT01840,11,Current,9758.3
ACCT01841,11,Current,4217.19
ACCT01842,11,Current,4365.87
ACCT01843,11,Current,6497.45
ACCT01844,11,Current,11085.82
ACCT01845,11,Current,4395.98
ACCT01846,11,30DPD,8709.17
ACCT01847,11,Current,4923.27
ACCT01848,11,60DPD,2067.03
ACCT01849,11,Current,2425.14
ACCT01850,11,30DPD,3632.56
ACCT01851,11,ChargeOff,3520.33
ACCT01852,11,Current,2782.4
ACCT01853,11,Current,2808.75
ACCT01854,11,Current,5878.58
ACCT01855,11,ChargeOff,3454.37
ACCT01856,11,Current,7812.5
ACCT01857,11,Current,4307.15
ACCT01858,11,60DPD,4755.91
ACCT01859,11,ChargeOff,1094.68
ACCT01860,11,Current,3525.79
ACCT01861,11,ChargeOff,617.65
ACCT01862,11,ChargeOff,10203.47
ACCT01863,11,90DPD,3117.76
ACCT01864,11,Current,5861.78
ACCT01865,11,Current,2835.47
ACCT01866,11,Current,4646.43
ACCT01867,11,Current,2288.27
ACCT01868,11,Current,3216.11
ACCT01869,11,Current,3987.25
ACCT01870,11,Current,3812.1
ACCT01871,11,Current,1768.08
ACCT01872,11,ChargeOff,1850.52
ACCT01873,11,ChargeOff,1985.8
ACCT01874,11,Current,8596.55
ACCT01875,11,Current,3654.77
ACCT01876,11,Current,154.34
ACCT01877,11,Current,10158.05
ACCT01878,11,Current,338.52
ACCT01879,11,ChargeOff,5091.31
ACCT01880,11,Current,4701.69
ACCT01881,11,Current,6896.33
ACCT01882,11,Current,6831.65
ACCT01883,11,ChargeOff,4517.38
ACCT01884,11,90DPD,7631.36
ACCT01885,11,30DPD,536.86
ACCT01886,11,Current,7197.26
ACCT01887,11,Current,7024.23
ACCT01888,11,Current,9839.2
ACCT01889,11,Current,2509.42
ACCT01890,11,Current,1279.27
ACCT01891,11,90DPD,4670.22
ACCT01892,11,Current,4605.46
ACCT01893,11,Current,4743.47
ACCT01894,11,Current,8646.63
ACCT01895,11,Current,6227.34
ACCT01896,11,30DPD,2922.78
ACCT01897,11,Current,3530.75
ACCT01898,11,Current,1254.41
ACCT01899,11,Current,1394.97
ACCT01900,11,Current,1042.73
ACCT01901,11,Current,7838.63
ACCT01902,11,60DPD,5904.48
ACCT01903,11,Current,4115.22
ACCT01904,11,Current,3434.99
ACCT01905,11,30DPD,6162.07
ACCT01906,11,Current,7680.13
ACCT01907,11,Current,9638.91
ACCT01908,11,Current,4973.03
ACCT01909,11,Current,8078.51
ACCT01910,11,Current,5298.45
ACCT01911,11,Current,5981.98
ACCT01912,11,Current,9406.38
ACCT01913,11,Current,2462.92
ACCT01914,11,90DPD,4885.15
ACCT01915,11,Current,3003.52
ACCT01916,11,Current,4071.26
ACCT01917,11,60DPD,4439.4
ACCT01918,11,Current,7560.17
ACCT01919,11,Current,4573.97
ACCT01920,11,Current,1447.85
ACCT01921,11,Current,7715.19
ACCT01922,11,ChargeOff,3725.39
ACCT01923,11,Current,8799.0
ACCT01924,11,ChargeOff,2314.27
ACCT01925,11,ChargeOff,5180.49
ACCT01926,11,Current,6221.75
ACCT01927,11,Current,6207.94
ACCT01928,11,Current,1810.06
ACCT01929,11,Current,5888.35
ACCT01930,11,60DPD,4384.28
ACCT01931,11,ChargeOff,6184.82
ACCT01932,11,Current,4689.31
ACCT01933,11,30DPD,452.05
ACCT01934,11,Current,4915.01
ACCT01935,11,Current,3138.05
ACCT01936,11,30DPD,2720.8
ACCT01937,11,Current,6115.48
ACCT01938,11,Current,3790.89
ACCT01939,11,Current,976.25
ACCT01940,11,Current,796.52
ACCT01941,11,Current,1957.31
ACCT01942,11,Current,1542.65
ACCT01943,11,Current,5594.25
ACCT01944,11,Current,1543.36
ACCT01945,11,Current,8529.24
ACCT01946,11,Current,1948.94
ACCT01947,11,Current,1553.15
ACCT01948,11,Current,7144.36
ACCT01949,11,Current,2392.51
ACCT01950,11,Current,4907.04
ACCT01951,11,Current,7254.73
ACCT01952,11,Current,9027.54
ACCT01953,11,Current,5428.6
ACCT01954,11,Current,706.2
ACCT01955,11,ChargeOff,5850.24
ACCT01956,11,Current,9866.54
ACCT01957,11,30DPD,8520.93
ACCT01958,11,Current,924.87
ACCT01959,11,Current,4261.37
ACCT01960,11,Current,2921.86
ACCT01961,11,Current,931.08
ACCT01962,11,Current,7814.54
ACCT01963,11,Current,2673.74
ACCT01964,11,Current,3977.01
ACCT01965,11,Current,839.55
ACCT01966,11,Current,5040.54
ACCT01967,11,Current,1538.45
ACCT01968,11,Current,3100.93
ACCT01969,11,30DPD,1173.9
ACCT01970,11,ChargeOff,10971.21
ACCT01971,11,ChargeOff,2478.94
ACCT01972,11,Current,6168.95
ACCT01973,11,ChargeOff,2289.37
ACCT01974,11,Current,806.68
ACCT01975,11,Current,1218.6
ACCT01976,11,Current,476.9
ACCT01977,11,ChargeOff,2091.39
ACCT01978,11,Current,3217.7
ACCT01979,11,Current,7945.51
ACCT01980,11,30DPD,718.8
ACCT01981,11,90DPD,2671.32
ACCT01982,11,Current,6105.56
ACCT01983,11,Current,1714.66
ACCT01984,11,Current,3019.15
ACCT01985,11,Current,691.27
ACCT01986,11,Current,2275.6
ACCT01987,11,Current,4643.54
ACCT01988,11,ChargeOff,12177.85
ACCT01989,11,Current,7702.85
ACCT01990,11,90DPD,7854.54
ACCT01991,11,Current,2584.74
ACCT01992,11,Current,874.06
ACCT01993,11,Current,3393.46
ACCT01994,11,Current,2287.0
ACCT01995,11,Current,180.46
ACCT01996,11,Current,1002.14
ACCT01997,11,Current,2711.75
ACCT01998,11,Current,2456.51
ACCT01999,11,Current,1982.03
ACCT00000,12,90DPD,7931.73
ACCT00001,12,Current,2954.55
ACCT00002,12,Current,7497.15
ACCT00003,12,Current,4854.92
ACCT00004,12,Current,1049.94
ACCT00005,12,Current,5919.78
ACCT00006,12,Current,4935.04
ACCT00007,12,Current,924.4
ACCT00008,12,Current,1568.63
ACCT00009,12,Current,7503.61
ACCT00010,12,ChargeOff,478.23
ACCT00011,12,ChargeOff,4458.97
ACCT00012,12,Current,1421.52
ACCT00013,12,Current,3620.63
ACCT00014,12,Current,3926.73
ACCT00015,12,Current,3879.43
ACCT00016,12,60DPD,2503.81
ACCT00017,12,Current,383.93
ACCT00018,12,ChargeOff,6982.67
ACCT00019,12,90DPD,5183.67
ACCT00020,12,Current,5742.91
ACCT00021,12,Current,1316.86
ACCT00022,12,30DPD,187.46
ACCT00023,12,ChargeOff,2524.95
ACCT00024,12,Current,4067.71
ACCT00025,12,Current,3799.33
ACCT00026,12,Current,7790.84
ACCT00027,12,Current,3645.73
ACCT00028,12,Current,4240.11
ACCT00029,12,Current,5459.61
ACCT00030,12,30DPD,371.23
ACCT00031,12,Current,4010.3
ACCT00032,12,30DPD,2349.0
ACCT00033,12,Current,2774.07
ACCT00034,12,Current,753.56
ACCT00035,12,60DPD,9483.96
ACCT00036,12,Current,8406.95
ACCT00037,12,Current,383.58
ACCT00038,12,Current,4358.38
ACCT00039,12,ChargeOff,7003.0
ACCT00040,12,Current,2496.57
ACCT00041,12,30DPD,4647.32
ACCT00042,12,Current,5805.48
ACCT00043,12,Current,6701.57
ACCT00044,12,90DPD,8578.85
ACCT00045,12,30DPD,471.6
ACCT00046,12,Current,3553.82
ACCT00047,12,Current,6881.38
ACCT00048,12,Current,1198.18
ACCT00049,12,Current,4619.23
ACCT00050,12,Current,5769.11
ACCT00051,12,Current,241.27
ACCT00052,12,Current,3196.25
ACCT00053,12,Current,7397.4
ACCT00054,12,Current,2335.93
ACCT00055,12,ChargeOff,5906.37
ACCT00056,12,Current,7141.87
ACCT00057,12,Current,3606.41
ACCT00058,12,Current,1328.72
ACCT00059,12,Current,557.29
ACCT00060,12,Current,9912.58
ACCT00061,12,Current,2381.97
ACCT00062,12,Current,2577.88
ACCT00063,12,Current,683.58
ACCT00064,12,Current,5432.32
ACCT00065,12,60DPD,7872.29
ACCT00066,12,Current,3235.86
ACCT00067,12,30DPD,8050.09
ACCT00068,12,30DPD,2975.25
ACCT00069,12,Current,5168.53
ACCT00070,12,Current,6494.72
ACCT00071,12,30DPD,3299.2
ACCT00072,12,Current,2224.62
ACCT00073,12,Current,6890.23
ACCT00074,12,Current,2767.09
ACCT00075,12,ChargeOff,5994.58
ACCT00076,12,30DPD,10477.8
ACCT00077,12,Current,1474.2
ACCT00078,12,Current,2853.1
ACCT00079,12,Current,356.79
ACCT00080,12,Current,2542.4
ACCT00081,12,Current,2420.07
ACCT00082,12,Current,3665.03
ACCT00083,12,30DPD,2439.76
ACCT00084,12,Current,5008.56
ACCT00085,12,Current,1615.19
ACCT00086,12,90DPD,3222.17
ACCT00087,12,Current,3505.78
ACCT00088,12,Current,4773.9
ACCT00089,12,60DPD,3581.09
ACCT00090,12,Current,3504.66
ACCT00091,12,Current,6195.3
ACCT00092,12,Current,5002.48
ACCT00093,12,Current,1781.58
ACCT00094,12,Current,9068.92
ACCT00095,12,ChargeOff,3975.57
ACCT00096,12,Current,480.68
ACCT00097,12,Current,3506.72
ACCT00098,12,90DPD,1736.47
ACCT00099,12,Current,2227.49
ACCT00100,12,Current,5370.79
ACCT00101,12,Current,1801.19
ACCT00102,12,Current,8129.68
ACCT00103,12,Current,7724.58
ACCT00104,12,Current,5091.58
ACCT00105,12,Current,6213.39
ACCT00106,12,Current,4867.08
ACCT00107,12,Current,6077.78
ACCT00108,12,Current,3356.74
ACCT00109,12,Current,1384.46
ACCT00110,12,Current,4591.9
ACCT00111,12,Current,4446.08
ACCT00112,12,Current,2157.19
ACCT00113,12,Current,4904.66
ACCT00114,12,60DPD,222.62
ACCT00115,12,ChargeOff,9268.29
ACCT00116,12,30DPD,2135.01
ACCT00117,12,Current,421.9
ACCT00118,12,Current,1562.24
ACCT00119,12,ChargeOff,2940.73
ACCT00120,12,Current,1921.12
ACCT00121,12,Current,345.1
ACCT00122,12,Current,1949.33
ACCT00123,12,Current,1354.92
ACCT00124,12,30DPD,2643.23
ACCT00125,12,Current,2321.77
ACCT00126,12,Current,2766.02
ACCT00127,12,Current,2747.91
ACCT00128,12,Current,1001.53
ACCT00129,12,Current,362.32
ACCT00130,12,Current,1631.34
ACCT00131,12,Current,4974.62
ACCT00132,12,ChargeOff,9792.41
ACCT00133,12,60DPD,8667.25
ACCT00134,12,Current,4819.25
ACCT00135,12,Current,3794.19
ACCT00136,12,60DPD,2594.98
ACCT00137,12,Current,4198.07
ACCT00138,12,Current,7377.48
ACCT00139,12,Current,7305.63
ACCT00140,12,ChargeOff,10097.98
ACCT00141,12,60DPD,2815.13
ACCT00142,12,ChargeOff,8544.69
ACCT00143,12,Current,4964.09
ACCT00144,12,Current,2858.69
ACCT00145,12,Current,5393.52
ACCT00146,12,ChargeOff,922.85
ACCT00147,12,Current,7177.32
ACCT00148,12,Current,5526.37
ACCT00149,12,Current,924.34
ACCT00150,12,Current,8496.47
ACCT00151,12,Current,510.75
ACCT00152,12,Current,5332.73
ACCT00153,12,Current,4651.33
ACCT00154,12,Current,4892.6
ACCT00155,12,Current,7040.47
ACCT00156,12,ChargeOff,1320.7
ACCT00157,12,Current,2091.93
ACCT00158,12,Current,4040.46
ACCT00159,12,Current,339.79
ACCT00160,12,Current,3390.2
ACCT00161,12,Current,1913.11
ACCT00162,12,Current,2878.56
ACCT00163,12,Current,4970.35
ACCT00164,12,Current,9719.09
ACCT00165,12,Current,1994.44
ACCT00166,12,90DPD,6349.92
ACCT00167,12,Current,3631.8
ACCT00168,12,Current,1540.05
ACCT00169,12,ChargeOff,5778.82
ACCT00170,12,Current,3120.89
ACCT00171,12,Current,2534.02
ACCT00172,12,Current,4062.56
ACCT00173,12,Current,1818.78
ACCT00174,12,Current,3602.29
ACCT00175,12,ChargeOff,4610.8
ACCT00176,12,ChargeOff,4667.79
ACCT00177,12,ChargeOff,12393.9
ACCT00178,12,Current,1942.85
ACCT00179,12,Current,5836.98
ACCT00180,12,Current,8864.4
ACCT00181,12,Current,9921.05
ACCT00182,12,Current,7226.26
ACCT00183,12,Current,1189.43
ACCT00184,12,Current,3384.7
ACCT00185,12,Current,1714.13
ACCT00186,12,Current,9269.52
ACCT00187,12,Current,5653.92
ACCT00188,12,Current,1652.56
ACCT00189,12,Current,7519.0
ACCT00190,12,Current,888.39
ACCT00191,12,Current,4310.23
ACCT00192,12,30DPD,4763.1
ACCT00193,12,Current,618.07
ACCT00194,12,Current,6534.85
ACCT00195,12,30DPD,5470.23
ACCT00196,12,Current,730.81
ACCT00197,12,Current,5231.68
ACCT00198,12,Current,1716.29
ACCT00199,12,Current,4852.41
ACCT00200,12,Current,1111.75
ACCT00201,12,ChargeOff,12012.76
ACCT00202,12,Current,8457.87
ACCT00203,12,Current,1619.3
ACCT00204,12,Current,3366.0
ACCT00205,12,Current,3885.86
ACCT00206,12,ChargeOff,7523.14
ACCT00207,12,Current,4603.45
ACCT00208,12,Current,1134.45
ACCT00209,12,Current,760.23
ACCT00210,12,30DPD,8376.88
ACCT00211,12,Current,3319.55
ACCT00212,12,30DPD,7952.02
ACCT00213,12,ChargeOff,3771.44
ACCT00214,12,ChargeOff,11819.79
ACCT00215,12,Current,781.78
ACCT00216,12,Current,1314.7
ACCT00217,12,Current,11999.18
ACCT00218,12,Current,8067.15
ACCT00219,12,90DPD,1982.18
ACCT00220,12,Current,3429.18
ACCT00221,12,Current,4302.23
ACCT00222,12,Current,3279.99
ACCT00223,12,Current,1726.59
ACCT00224,12,Current,7045.65
ACCT00225,12,Current,2141.15
ACCT00226,12,Current,7343.14
ACCT00227,12,Current,807.15
ACCT00228,12,Current,423.23
ACCT00229,12,Current,4739.73
ACCT00230,12,Current,3265.67
ACCT00231,12,Current,5254.25
ACCT00232,12,ChargeOff,1408.46
ACCT00233,12,Current,6435.97
ACCT00234,12,ChargeOff,10068.76
ACCT00235,12,Current,12173.93
ACCT00236,12,Current,1114.7
ACCT00237,12,Current,2556.19
ACCT00238,12,90DPD,2870.16
ACCT00239,12,Current,4500.03
ACCT00240,12,Current,2236.15
ACCT00241,12,Current,618.65
ACCT00242,12,Current,3122.97
ACCT00243,12,Current,2330.34
ACCT00244,12,Current,3247.6
ACCT00245,12,Current,2226.54
ACCT00246,12,Current,2353.49
ACCT00247,12,Current,3858.08
ACCT00248,12,Current,4382.67
ACCT00249,12,90DPD,3942.98
ACCT00250,12,Current,4956.31
ACCT00251,12,Current,8216.56
ACCT00252,12,Current,2396.2
ACCT00253,12,Current,4128.44
ACCT00254,12,Current,9030.79
ACCT00255,12,30DPD,4659.07
ACCT00256,12,90DPD,7851.78
ACCT00257,12,Current,5227.21
ACCT00258,12,Current,494.44
ACCT00259,12,Current,4015.6
ACCT00260,12,30DPD,4947.18
ACCT00261,12,90DPD,8744.48
ACCT00262,12,60DPD,5570.42
ACCT00263,12,Current,786.28
ACCT00264,12,ChargeOff,6809.74
ACCT00265,12,Current,1099.48
ACCT00266,12,Current,6637.85
ACCT00267,12,Current,4593.33
ACCT00268,12,Current,5427.73
ACCT00269,12,90DPD,5889.66
ACCT00270,12,Current,5207.53
ACCT00271,12,30DPD,4673.38
ACCT00272,12,Current,5424.24
ACCT00273,12,Current,8663.51
ACCT00274,12,Current,7060.61
ACCT00275,12,Current,331.4
ACCT00276,12,30DPD,3916.27
ACCT00277,12,Current,2586.21
ACCT00278,12,30DPD,8828.04
ACCT00279,12,30DPD,4187.06
ACCT00280,12,Current,3690.32
ACCT00281,12,60DPD,1259.79
ACCT00282,12,Current,3363.07
ACCT00283,12,Current,6222.09
ACCT00284,12,Current,2216.13
ACCT00285,12,Current,972.3
ACCT00286,12,60DPD,9557.77
ACCT00287,12,Current,6418.01
ACCT00288,12,Current,1432.17
ACCT00289,12,Current,2339.48
ACCT00290,12,Current,8377.04
ACCT00291,12,Current,7797.64
ACCT00292,12,ChargeOff,8431.7
ACCT00293,12,Current,2319.93
ACCT00294,12,Current,3030.69
ACCT00295,12,Current,531.1
ACCT00296,12,ChargeOff,7675.18
ACCT00297,12,Current,552.37
ACCT00298,12,ChargeOff,198.51
ACCT00299,12,Current,4513.63
ACCT00300,12,60DPD,8271.4
ACCT00301,12,Current,7678.46
ACCT00302,12,Current,4383.0
ACCT00303,12,Current,5658.07
ACCT00304,12,Current,2934.23
ACCT00305,12,ChargeOff,4644.82
ACCT00306,12,Current,4607.82
ACCT00307,12,Current,2953.55
ACCT00308,12,Current,4090.5
ACCT00309,12,Current,6745.15
ACCT00310,12,Current,8583.72
ACCT00311,12,Current,871.3
ACCT00312,12,Current,2720.28
ACCT00313,12,ChargeOff,1775.39
ACCT00314,12,90DPD,4146.3
ACCT00315,12,Current,2437.45
ACCT00316,12,Current,1426.22
ACCT00317,12,Current,7138.02
ACCT00318,12,Current,3405.43
ACCT00319,12,ChargeOff,10824.36
ACCT00320,12,Current,374.11
ACCT00321,12,30DPD,739.4
ACCT00322,12,90DPD,2850.34
ACCT00323,12,Current,758.93
ACCT00324,12,ChargeOff,2706.3
ACCT00325,12,Current,12154.82
ACCT00326,12,ChargeOff,2097.33
ACCT00327,12,Current,1343.95
ACCT00328,12,60DPD,5014.48
ACCT00329,12,Current,5194.55
ACCT00330,12,Current,5530.16
ACCT00331,12,Current,2671.79
ACCT00332,12,Current,5450.07
ACCT00333,12,Current,1397.38
ACCT00334,12,Current,5151.32
ACCT00335,12,Current,4593.96
ACCT00336,12,Current,5992.46
ACCT00337,12,Current,2867.8
ACCT00338,12,Current,5824.34
ACCT00339,12,30DPD,622.94
ACCT00340,12,ChargeOff,1357.57
ACCT00341,12,Current,571.76
ACCT00342,12,ChargeOff,6628.89
ACCT00343,12,Current,2487.34
ACCT00344,12,Current,6331.12
ACCT00345,12,30DPD,759.52
ACCT00346,12,Current,10088.95
ACCT00347,12,ChargeOff,10703.54
ACCT00348,12,Current,1004.99
ACCT00349,12,Current,365.06
ACCT00350,12,Current,826.08
ACCT00351,12,ChargeOff,4947.81
ACCT00352,12,Current,2286.38
ACCT00353,12,Current,4894.54
ACCT00354,12,30DPD,2817.42
ACCT00355,12,Current,8179.59
ACCT00356,12,Current,4441.86
ACCT00357,12,60DPD,3628.82
ACCT00358,12,60DPD,9542.13
ACCT00359,12,Current,1064.33
ACCT00360,12,Current,10385.03
ACCT00361,12,Current,466.21
ACCT00362,12,Current,4163.15
ACCT00363,12,30DPD,6603.08
ACCT00364,12,Current,6012.92
ACCT00365,12,Current,5141.0
ACCT00366,12,Current,2699.14
ACCT00367,12,30DPD,4968.49
ACCT00368,12,ChargeOff,3949.92
ACCT00369,12,Current,4768.01
ACCT00370,12,Current,4678.32
ACCT00371,12,Current,2098.66
ACCT00372,12,Current,2011.79
ACCT00373,12,Current,1596.76
ACCT00374,12,Current,4004.15
ACCT00375,12,Current,1470.35
ACCT00376,12,Current,6538.07
ACCT00377,12,Current,5880.34
ACCT00378,12,Current,1092.26
ACCT00379,12,Current,5669.7
ACCT00380,12,ChargeOff,9123.55
ACCT00381,12,Current,2243.5
ACCT00382,12,Current,1405.81
ACCT00383,12,Current,178.96
ACCT00384,12,Current,458.78
ACCT00385,12,ChargeOff,11481.32
ACCT00386,12,Current,7933.57
ACCT00387,12,Current,399.94
ACCT00388,12,Current,5033.65
ACCT00389,12,60DPD,468.66
ACCT00390,12,Current,5607.66
ACCT00391,12,30DPD,7828.78
ACCT00392,12,30DPD,3036.53
ACCT00393,12,ChargeOff,282.08
ACCT00394,12,Current,6210.14
ACCT00395,12,Current,9047.92
ACCT00396,12,Current,1913.61
ACCT00397,12,Current,1543.97
ACCT00398,12,ChargeOff,1321.14
ACCT00399,12,Current,4516.19
ACCT00400,12,Current,5255.0
ACCT00401,12,Current,6241.23
ACCT00402,12,ChargeOff,7308.17
ACCT00403,12,ChargeOff,9988.81
ACCT00404,12,ChargeOff,12125.44
ACCT00405,12,Current,2098.05
ACCT00406,12,Current,4094.67
ACCT00407,12,Current,2555.5
ACCT00408,12,Current,2673.1
ACCT00409,12,ChargeOff,13992.78
ACCT00410,12,30DPD,5571.47
ACCT00411,12,Current,5979.6
ACCT00412,12,Current,3439.09
ACCT00413,12,Current,4298.45
ACCT00414,12,30DPD,2840.31
ACCT00415,12,Current,1239.52
ACCT00416,12,Current,3460.27
ACCT00417,12,Current,5532.23
ACCT00418,12,Current,707.64
ACCT00419,12,Current,9948.8
ACCT00420,12,Current,830.34
ACCT00421,12,Current,1671.35
ACCT00422,12,Current,4976.22
ACCT00423,12,Current,699.54
ACCT00424,12,Current,8378.52
ACCT00425,12,60DPD,8387.77
ACCT00426,12,Current,998.17
ACCT00427,12,Current,5199.09
ACCT00428,12,Current,5316.42
ACCT00429,12,Current,6828.11
ACCT00430,12,Current,8061.2
ACCT00431,12,Current,5666.95
ACCT00432,12,Current,6956.73
ACCT00433,12,Current,3430.82
ACCT00434,12,60DPD,5046.77
ACCT00435,12,Current,7645.0
ACCT00436,12,Current,4986.4
ACCT00437,12,Current,7540.16
ACCT00438,12,Current,3622.78
ACCT00439,12,Current,6748.57
ACCT00440,12,ChargeOff,10450.17
ACCT00441,12,Current,1143.37
ACCT00442,12,Current,1844.83
ACCT00443,12,Current,4187.1
ACCT00444,12,Current,4705.11
ACCT00445,12,Current,6766.97
ACCT00446,12,ChargeOff,855.84
ACCT00447,12,Current,3524.18
ACCT00448,12,Current,4666.77
ACCT00449,12,Current,5804.78
ACCT00450,12,ChargeOff,6134.47
ACCT00451,12,Current,6629.3
ACCT00452,12,Current,6016.36
ACCT00453,12,ChargeOff,7591.25
ACCT00454,12,Current,5036.76
ACCT00455,12,Current,4564.58
ACCT00456,12,ChargeOff,9171.71
ACCT00457,12,Current,755.48
ACCT00458,12,Current,2037.84
ACCT00459,12,Current,4475.69
ACCT00460,12,Current,5916.91
ACCT00461,12,Current,6534.83
ACCT00462,12,Current,731.13
ACCT00463,12,30DPD,5476.38
ACCT00464,12,Current,2196.07
ACCT00465,12,Current,5405.84
ACCT00466,12,Current,8821.78
ACCT00467,12,Current,5162.5
ACCT00468,12,Current,5050.0
ACCT00469,12,Current,3191.52
ACCT00470,12,Current,3353.01
ACCT00471,12,Current,6597.43
ACCT00472,12,Current,5982.65
ACCT00473,12,Current,5755.38
ACCT00474,12,Current,3565.72
ACCT00475,12,60DPD,714.08
ACCT00476,12,Current,1483.41
ACCT00477,12,Current,1633.52
ACCT00478,12,Current,4574.81
ACCT00479,12,Current,7994.84
ACCT00480,12,Current,2898.23
ACCT00481,12,90DPD,1750.87
ACCT00482,12,Current,722.31
ACCT00483,12,Current,2049.44
ACCT00484,12,Current,9154.23
ACCT00485,12,Current,3922.61
ACCT00486,12,Current,4809.92
ACCT00487,12,Current,5904.47
ACCT00488,12,Current,1334.18
ACCT00489,12,Current,5756.72
ACCT00490,12,Current,8459.25
ACCT00491,12,30DPD,2923.97
ACCT00492,12,Current,472.28
ACCT00493,12,Current,9807.2
ACCT00494,12,30DPD,6265.98
ACCT00495,12,Current,5008.3
ACCT00496,12,Current,4902.89
ACCT00497,12,Current,1696.85
ACCT00498,12,Current,7352.43
ACCT00499,12,Current,4548.33
ACCT00500,12,Current,232.31
ACCT00501,12,Current,5163.62
ACCT00502,12,Current,6457.57
ACCT00503,12,Current,6478.38
ACCT00504,12,Current,1765.29
ACCT00505,12,Current,578.4
ACCT00506,12,Current,12121.55
ACCT00507,12,Current,7558.16
ACCT00508,12,Current,3742.67
ACCT00509,12,Current,3440.37
ACCT00510,12,30DPD,4214.57
ACCT00511,12,Current,4271.03
ACCT00512,12,Current,1321.96
ACCT00513,12,30DPD,987.4
ACCT00514,12,Current,2667.03
ACCT00515,12,Current,7616.79
ACCT00516,12,Current,1853.85
ACCT00517,12,Current,1541.2
ACCT00518,12,Current,4476.96
ACCT00519,12,Current,2039.25
ACCT00520,12,Current,1796.3
ACCT00521,12,ChargeOff,5146.05
ACCT00522,12,Current,2456.94
ACCT00523,12,Current,3965.41
ACCT00524,12,30DPD,6209.76
ACCT00525,12,Current,1752.1
ACCT00526,12,Current,6672.96
ACCT00527,12,ChargeOff,13556.85
ACCT00528,12,Current,9767.0
ACCT00529,12,ChargeOff,8209.31
ACCT00530,12,Current,4782.12
ACCT00531,12,60DPD,5556.56
ACCT00532,12,30DPD,5722.98
ACCT00533,12,Current,223.74
ACCT00534,12,Current,6809.98
ACCT00535,12,Current,4758.73
ACCT00536,12,Current,5800.59
ACCT00537,12,Current,3142.86
ACCT00538,12,Current,221.67
ACCT00539,12,Current,3672.02
ACCT00540,12,ChargeOff,7706.41
ACCT00541,12,Current,3732.53
ACCT00542,12,Current,1992.15
ACCT00543,12,ChargeOff,3897.43
ACCT00544,12,Current,3954.19
ACCT00545,12,90DPD,2360.44
ACCT00546,12,Current,7617.23
ACCT00547,12,ChargeOff,2054.4
ACCT00548,12,Current,3226.28
ACCT00549,12,Current,3340.8
ACCT00550,12,Current,3229.49
ACCT00551,12,Current,4172.68
ACCT00552,12,Current,5547.54
ACCT00553,12,ChargeOff,14629.09
ACCT00554,12,Current,3139.14
ACCT00555,12,Current,5497.63
ACCT00556,12,Current,266.54
ACCT00557,12,Current,1871.99
ACCT00558,12,Current,4287.79
ACCT00559,12,Current,263.37
ACCT00560,12,Current,4297.74
ACCT00561,12,Current,6395.93
ACCT00562,12,Current,8260.68
ACCT00563,12,Current,4286.79
ACCT00564,12,Current,3504.77
ACCT00565,12,Current,3530.76
ACCT00566,12,Current,463.64
ACCT00567,12,ChargeOff,1284.85
ACCT00568,12,Current,6023.58
ACCT00569,12,Current,7894.2
ACCT00570,12,ChargeOff,391.13
ACCT00571,12,ChargeOff,6706.78
ACCT00572,12,Current,3779.12
ACCT00573,12,Current,7920.13
ACCT00574,12,Current,4673.24
ACCT00575,12,Current,6253.45
ACCT00576,12,Current,5335.6
ACCT00577,12,Current,6590.38
ACCT00578,12,30DPD,926.14
ACCT00579,12,Current,8058.42
ACCT00580,12,Current,346.61
ACCT00581,12,Current,6760.22
ACCT00582,12,Current,826.3
ACCT00583,12,ChargeOff,1865.18
ACCT00584,12,Current,168.94
ACCT00585,12,Current,5034.05
ACCT00586,12,Current,2504.97
ACCT00587,12,90DPD,1746.89
ACCT00588,12,Current,5012.38
ACCT00589,12,ChargeOff,4045.22
ACCT00590,12,30DPD,5974.74
ACCT00591,12,Current,5052.84
ACCT00592,12,Current,3643.0
ACCT00593,12,Current,1294.95
ACCT00594,12,Current,3533.09
ACCT00595,12,Current,8454.25
ACCT00596,12,Current,965.85
ACCT00597,12,Current,3223.8
ACCT00598,12,ChargeOff,14149.07
ACCT00599,12,Current,6502.28
ACCT00600,12,ChargeOff,4338.27
ACCT00601,12,Current,5789.86
ACCT00602,12,30DPD,4899.24
ACCT00603,12,Current,4098.36
ACCT00604,12,ChargeOff,601.64
ACCT00605,12,Current,1127.83
ACCT00606,12,Current,4740.6
ACCT00607,12,Current,1639.28
ACCT00608,12,Current,4421.91
ACCT00609,12,Current,2279.51
ACCT00610,12,Current,9612.09
ACCT00611,12,60DPD,6401.17
ACCT00612,12,ChargeOff,6731.28
ACCT00613,12,Current,7983.02
ACCT00614,12,Current,2260.38
ACCT00615,12,Current,4039.51
ACCT00616,12,Current,2193.76
ACCT00617,12,Current,8498.73
ACCT00618,12,Current,6200.43
ACCT00619,12,90DPD,7548.06
ACCT00620,12,Current,6102.74
ACCT00621,12,Current,5806.2
ACCT00622,12,ChargeOff,3579.38
ACCT00623,12,Current,7333.23
ACCT00624,12,Current,4601.46
ACCT00625,12,ChargeOff,4735.62
ACCT00626,12,30DPD,5580.13
ACCT00627,12,Current,2671.87
ACCT00628,12,Current,2889.33
ACCT00629,12,Current,1943.29
ACCT00630,12,Current,840.03
ACCT00631,12,Current,4210.34
ACCT00632,12,Current,9597.21
ACCT00633,12,Current,5026.52
ACCT00634,12,Current,5805.58
ACCT00635,12,Current,4160.38
ACCT00636,12,Current,3236.77
ACCT00637,12,Current,2185.81
ACCT00638,12,Current,6402.91
ACCT00639,12,Current,1780.48
ACCT00640,12,ChargeOff,9620.32
ACCT00641,12,Current,4758.71
ACCT00642,12,Current,4257.26
ACCT00643,12,Current,7582.51
ACCT00644,12,ChargeOff,3876.11
ACCT00645,12,Current,7801.78
ACCT00646,12,Current,5960.86
ACCT00647,12,Current,4970.84
ACCT00648,12,Current,7406.14
ACCT00649,12,Current,5604.63
ACCT00650,12,Current,8618.86
ACCT00651,12,90DPD,2408.69
ACCT00652,12,Current,9991.94
ACCT00653,12,ChargeOff,8957.2
ACCT00654,12,Current,5227.48
ACCT00655,12,Current,9176.6
ACCT00656,12,Current,3186.51
ACCT00657,12,Current,4461.84
ACCT00658,12,Current,915.99
ACCT00659,12,Current,1503.76
ACCT00660,12,Current,8332.02
ACCT00661,12,Current,4342.6
ACCT00662,12,ChargeOff,5503.67
ACCT00663,12,Current,1677.19
ACCT00664,12,Current,4833.07
ACCT00665,12,Current,9431.73
ACCT00666,12,Current,7533.06
ACCT00667,12,ChargeOff,1237.69
ACCT00668,12,90DPD,5048.31
ACCT00669,12,Current,2826.55
ACCT00670,12,Current,4922.81
ACCT00671,12,Current,3047.77
ACCT00672,12,ChargeOff,6099.94
ACCT00673,12,Current,4378.13
ACCT00674,12,Current,6523.02
ACCT00675,12,Current,5799.72
ACCT00676,12,30DPD,3253.75
ACCT00677,12,Current,4878.91
ACCT00678,12,Current,4967.34
ACCT00679,12,Current,2803.46
ACCT00680,12,30DPD,6782.46
ACCT00681,12,30DPD,5532.71
ACCT00682,12,Current,967.83
ACCT00683,12,30DPD,7176.66
ACCT00684,12,30DPD,2937.78
ACCT00685,12,Current,5447.27
ACCT00686,12,Current,1624.44
ACCT00687,12,Current,5419.86
ACCT00688,12,Current,2689.68
ACCT00689,12,Current,4109.22
ACCT00690,12,Current,10088.38
ACCT00691,12,90DPD,3740.72
ACCT00692,12,Current,9710.26
ACCT00693,12,Current,10304.3
ACCT00694,12,Current,8935.04
ACCT00695,12,Current,1019.78
ACCT00696,12,Current,7709.57
ACCT00697,12,Current,296.35
ACCT00698,12,Current,4148.24
ACCT00699,12,60DPD,6132.75
ACCT00700,12,30DPD,5484.29
ACCT00701,12,Current,4741.41
ACCT00702,12,Current,4734.02
ACCT00703,12,60DPD,7583.91
ACCT00704,12,60DPD,4753.41
ACCT00705,12,Current,2778.63
ACCT00706,12,Current,9025.42
ACCT00707,12,Current,1743.5
ACCT00708,12,Current,1686.55
ACCT00709,12,Current,5057.36
ACCT00710,12,ChargeOff,14585.52
ACCT00711,12,90DPD,1452.26
ACCT00712,12,Current,2192.82
ACCT00713,12,90DPD,1440.3
ACCT00714,12,Current,6134.75
ACCT00715,12,Current,1950.25
ACCT00716,12,60DPD,3430.31
ACCT00717,12,Current,11366.38
ACCT00718,12,30DPD,198.98
ACCT00719,12,Current,5879.1
ACCT00720,12,Current,4240.34
ACCT00721,12,Current,8080.13
ACCT00722,12,Current,3155.45
ACCT00723,12,ChargeOff,4547.78
ACCT00724,12,Current,1671.24
ACCT00725,12,Current,10237.91
ACCT00726,12,Current,5661.26
ACCT00727,12,Current,1435.15
ACCT00728,12,Current,3071.22
ACCT00729,12,Current,5115.76
ACCT00730,12,Current,122.11
ACCT00731,12,Current,1969.34
ACCT00732,12,Current,6093.61
ACCT00733,12,Current,3341.83
ACCT00734,12,Current,1551.55
ACCT00735,12,Current,5136.61
ACCT00736,12,Current,1657.77
ACCT00737,12,Current,3730.13
ACCT00738,12,Current,6544.09
ACCT00739,12,Current,6639.23
ACCT00740,12,Current,857.11
ACCT00741,12,Current,8017.09
ACCT00742,12,Current,2056.5
ACCT00743,12,Current,5456.31
ACCT00744,12,Current,3114.41
ACCT00745,12,Current,7541.65
ACCT00746,12,ChargeOff,2448.81
ACCT00747,12,Current,1988.46
ACCT00748,12,Current,4743.26
ACCT00749,12,Current,391.95
ACCT00750,12,30DPD,2138.22
ACCT00751,12,Current,4638.28
ACCT00752,12,Current,10909.89
ACCT00753,12,Current,840.01
ACCT00754,12,Current,6331.2
ACCT00755,12,90DPD,5495.51
ACCT00756,12,Current,6944.57
ACCT00757,12,Current,3745.55
ACCT00758,12,Current,5659.05
ACCT00759,12,30DPD,3472.07
ACCT00760,12,Current,5935.17
ACCT00761,12,Current,7986.98
ACCT00762,12,ChargeOff,1088.13
ACCT00763,12,Current,2635.59
ACCT00764,12,ChargeOff,1127.35
ACCT00765,12,Current,8349.69
ACCT00766,12,Current,3503.34
ACCT00767,12,Current,6104.42
ACCT00768,12,Current,8059.39
ACCT00769,12,Current,8994.81
ACCT00770,12,Current,1548.76
ACCT00771,12,30DPD,9213.87
ACCT00772,12,30DPD,6188.23
ACCT00773,12,Current,654.01
ACCT00774,12,Current,4395.93
ACCT00775,12,Current,3195.63
ACCT00776,12,Current,5981.29
ACCT00777,12,Current,4782.77
ACCT00778,12,Current,2248.84
ACCT00779,12,90DPD,1155.06
ACCT00780,12,ChargeOff,1311.62
ACCT00781,12,Current,1002.18
ACCT00782,12,30DPD,8862.6
ACCT00783,12,Current,3374.45
ACCT00784,12,ChargeOff,3406.17
ACCT00785,12,Current,4824.82
ACCT00786,12,Current,6311.17
ACCT00787,12,60DPD,4662.47
ACCT00788,12,Current,7148.73
ACCT00789,12,60DPD,2532.73
ACCT00790,12,Current,8355.2
ACCT00791,12,60DPD,888.07
ACCT00792,12,Current,7013.24
ACCT00793,12,Current,7229.81
ACCT00794,12,Current,8356.1
ACCT00795,12,Current,5095.09
ACCT00796,12,Current,6654.81
ACCT00797,12,Current,3126.39
ACCT00798,12,Current,7314.44
ACCT00799,12,30DPD,6966.83
ACCT00800,12,Current,6132.15
ACCT00801,12,Current,4748.55
ACCT00802,12,ChargeOff,594.57
ACCT00803,12,60DPD,4079.59
ACCT00804,12,Current,1104.98
ACCT00805,12,30DPD,2984.78
ACCT00806,12,Current,3299.73
ACCT00807,12,ChargeOff,6634.02
ACCT00808,12,Current,1343.81
ACCT00809,12,ChargeOff,2653.14
ACCT00810,12,Current,427.9
ACCT00811,12,Current,7067.2
ACCT00812,12,ChargeOff,10463.88
ACCT00813,12,Current,362.23
ACCT00814,12,Current,321.68
ACCT00815,12,Current,4228.13
ACCT00816,12,Current,2354.3
ACCT00817,12,Current,5421.07
ACCT00818,12,ChargeOff,3364.82
ACCT00819,12,Current,10740.42
ACCT00820,12,Current,2690.69
ACCT00821,12,Current,5919.26
ACCT00822,12,Current,661.41
ACCT00823,12,Current,12348.3
ACCT00824,12,Current,5272.39
ACCT00825,12,Current,6266.18
ACCT00826,12,Current,4058.04
ACCT00827,12,Current,1417.31
ACCT00828,12,Current,9718.73
ACCT00829,12,Current,4157.14
ACCT00830,12,ChargeOff,2248.29
ACCT00831,12,Current,3497.36
ACCT00832,12,Current,3669.5
ACCT00833,12,Current,5098.64
ACCT00834,12,Current,5017.46
ACCT00835,12,Current,4765.99
ACCT00836,12,Current,6384.78
ACCT00837,12,ChargeOff,3829.15
ACCT00838,12,Current,3616.81
ACCT00839,12,Current,610.98
ACCT00840,12,Current,6602.9
ACCT00841,12,Current,5064.45
ACCT00842,12,Current,4157.84
ACCT00843,12,Current,1520.33
ACCT00844,12,90DPD,1790.54
ACCT00845,12,Current,5285.15
ACCT00846,12,Current,2652.55
ACCT00847,12,Current,850.85
ACCT00848,12,Current,7760.48
ACCT00849,12,Current,3385.62
ACCT00850,12,Current,3385.27
ACCT00851,12,Current,3161.89
ACCT00852,12,60DPD,10402.2
ACCT00853,12,Current,1536.83
ACCT00854,12,Current,8207.89
ACCT00855,12,Current,5523.63
ACCT00856,12,Current,7954.44
ACCT00857,12,Current,3220.12
ACCT00858,12,Current,5367.59
ACCT00859,12,ChargeOff,2726.93
ACCT00860,12,Current,3871.44
ACCT00861,12,ChargeOff,8119.81
ACCT00862,12,Current,2451.27
ACCT00863,12,Current,968.54
ACCT00864,12,Current,2896.59
ACCT00865,12,Current,981.04
ACCT00866,12,Current,3078.65
ACCT00867,12,Current,4999.96
ACCT00868,12,Current,8065.54
ACCT00869,12,ChargeOff,396.92
ACCT00870,12,Current,6228.17
ACCT00871,12,Current,2686.22
ACCT00872,12,ChargeOff,338.81
ACCT00873,12,Current,2907.44
ACCT00874,12,Current,1471.01
ACCT00875,12,Current,1962.3
ACCT00876,12,Current,2575.54
ACCT00877,12,Current,3726.16
ACCT00878,12,Current,6004.04
ACCT00879,12,Current,133.88
ACCT00880,12,Current,1165.22
ACCT00881,12,ChargeOff,1258.36
ACCT00882,12,ChargeOff,8807.6
ACCT00883,12,Current,3103.47
ACCT00884,12,Current,5863.87
ACCT00885,12,Current,2328.4
ACCT00886,12,Current,366.64
ACCT00887,12,Current,8081.67
ACCT00888,12,Current,1117.61
ACCT00889,12,Current,1254.18
ACCT00890,12,Current,1469.63
ACCT00891,12,Current,10592.48
ACCT00892,12,Current,6109.63
ACCT00893,12,Current,5368.84
ACCT00894,12,Current,5308.18
ACCT00895,12,Current,716.77
ACCT00896,12,Current,6180.3
ACCT00897,12,Current,1716.91
ACCT00898,12,Current,5467.94
ACCT00899,12,Current,4730.33
ACCT00900,12,Current,3463.54
ACCT00901,12,30DPD,7997.85
ACCT00902,12,Current,1145.0
ACCT00903,12,Current,8419.29
ACCT00904,12,Current,2380.15
ACCT00905,12,60DPD,4352.8
ACCT00906,12,30DPD,7554.95
ACCT00907,12,Current,680.79
ACCT00908,12,30DPD,6456.84
ACCT00909,12,Current,4021.7
ACCT00910,12,Current,7108.6
ACCT00911,12,Current,1164.37
ACCT00912,12,90DPD,4377.22
ACCT00913,12,ChargeOff,8794.7
ACCT00914,12,ChargeOff,6952.46
ACCT00915,12,ChargeOff,2102.5
ACCT00916,12,Current,2467.72
ACCT00917,12,Current,6206.19
ACCT00918,12,30DPD,285.68
ACCT00919,12,Current,5624.59
ACCT00920,12,Current,6339.79
ACCT00921,12,Current,125.39
ACCT00922,12,30DPD,1174.69
ACCT00923,12,Current,5374.15
ACCT00924,12,30DPD,407.09
ACCT00925,12,Current,5030.61
ACCT00926,12,Current,5158.96
ACCT00927,12,Current,4590.46
ACCT00928,12,Current,2445.62
ACCT00929,12,Current,5697.87
ACCT00930,12,60DPD,4555.37
ACCT00931,12,Current,2104.34
ACCT00932,12,Current,5083.94
ACCT00933,12,Current,5093.19
ACCT00934,12,Current,6850.97
ACCT00935,12,Current,4405.08
ACCT00936,12,Current,3126.39
ACCT00937,12,Current,952.32
ACCT00938,12,Current,2129.13
ACCT00939,12,Current,181.78
ACCT00940,12,Current,11248.57
ACCT00941,12,Current,3018.68
ACCT00942,12,Current,6911.85
ACCT00943,12,Current,1355.52
ACCT00944,12,60DPD,2887.81
ACCT00945,12,30DPD,3656.11
ACCT00946,12,90DPD,2816.0
ACCT00947,12,Current,8457.3
ACCT00948,12,Current,8000.68
ACCT00949,12,Current,8929.1
ACCT00950,12,Current,1565.1
ACCT00951,12,Current,4708.89
ACCT00952,12,Current,1419.33
ACCT00953,12,60DPD,10443.49
ACCT00954,12,Current,4857.07
ACCT00955,12,Current,2271.8
ACCT00956,12,Current,1481.8
ACCT00957,12,30DPD,166.48
ACCT00958,12,Current,2652.55
ACCT00959,12,Current,4333.73
ACCT00960,12,Current,5033.85
ACCT00961,12,Current,7313.88
ACCT00962,12,Current,882.29
ACCT00963,12,Current,6209.51
ACCT00964,12,Current,3093.58
ACCT00965,12,Current,4132.11
ACCT00966,12,Current,2793.32
ACCT00967,12,Current,2321.86
ACCT00968,12,Current,3669.99
ACCT00969,12,60DPD,1807.71
ACCT00970,12,30DPD,3913.96
ACCT00971,12,Current,6105.41
ACCT00972,12,30DPD,1545.83
ACCT00973,12,Current,9098.6
ACCT00974,12,Current,3931.71
ACCT00975,12,ChargeOff,10498.46
ACCT00976,12,ChargeOff,7285.7
ACCT00977,12,Current,5797.88
ACCT00978,12,Current,7549.18
ACCT00979,12,Current,6495.92
ACCT00980,12,ChargeOff,9281.36
ACCT00981,12,30DPD,2543.75
ACCT00982,12,Current,841.84
ACCT00983,12,Current,4596.13
ACCT00984,12,30DPD,663.03
ACCT00985,12,Current,2378.92
ACCT00986,12,Current,664.75
ACCT00987,12,Current,5191.33
ACCT00988,12,30DPD,2069.18
ACCT00989,12,Current,6514.61
ACCT00990,12,Current,6945.46
ACCT00991,12,Current,9773.9
ACCT00992,12,Current,3405.18
ACCT00993,12,Current,6981.7
ACCT00994,12,ChargeOff,5547.69
ACCT00995,12,Current,4319.58
ACCT00996,12,ChargeOff,7145.27
ACCT00997,12,30DPD,1693.48
ACCT00998,12,ChargeOff,14692.8
ACCT00999,12,Current,1532.44
ACCT01000,12,Current,9837.58
ACCT01001,12,Current,3784.19
ACCT01002,12,Current,1614.94
ACCT01003,12,ChargeOff,8569.09
ACCT01004,12,Current,717.73
ACCT01005,12,Current,8630.56
ACCT01006,12,Current,4324.56
ACCT01007,12,Current,869.87
ACCT01008,12,Current,918.66
ACCT01009,12,60DPD,6607.23
ACCT01010,12,Current,2947.04
ACCT01011,12,Current,6404.44
ACCT01012,12,Current,8519.58
ACCT01013,12,ChargeOff,9392.98
ACCT01014,12,Current,3598.33
ACCT01015,12,Current,6444.69
ACCT01016,12,Current,6909.11
ACCT01017,12,Current,1025.64
ACCT01018,12,Current,3304.47
ACCT01019,12,Current,2479.21
ACCT01020,12,Current,3755.06
ACCT01021,12,Current,5995.34
ACCT01022,12,ChargeOff,7218.79
ACCT01023,12,30DPD,4299.78
ACCT01024,12,Current,2768.37
ACCT01025,12,ChargeOff,1602.86
ACCT01026,12,90DPD,2477.98
ACCT01027,12,Current,7741.25
ACCT01028,12,Current,4165.27
ACCT01029,12,Current,2787.45
ACCT01030,12,Current,7183.14
ACCT01031,12,Current,724.87
ACCT01032,12,Current,1719.7
ACCT01033,12,Current,2176.11
ACCT01034,12,Current,6506.89
ACCT01035,12,Current,5540.04
ACCT01036,12,Current,7668.49
ACCT01037,12,Current,126.52
ACCT01038,12,Current,1935.93
ACCT01039,12,Current,7245.45
ACCT01040,12,Current,3248.98
ACCT01041,12,ChargeOff,11099.66
ACCT01042,12,Current,6764.37
ACCT01043,12,Current,2590.41
ACCT01044,12,Current,4976.33
ACCT01045,12,ChargeOff,11628.21
ACCT01046,12,Current,3289.1
ACCT01047,12,Current,6532.48
ACCT01048,12,30DPD,9401.98
ACCT01049,12,Current,1921.04
ACCT01050,12,Current,7612.75
ACCT01051,12,Current,714.27
ACCT01052,12,Current,7746.89
ACCT01053,12,Current,7033.15
ACCT01054,12,Current,5953.69
ACCT01055,12,Current,2553.2
ACCT01056,12,60DPD,5221.72
ACCT01057,12,ChargeOff,1970.99
ACCT01058,12,30DPD,1482.15
ACCT01059,12,Current,2369.26
ACCT01060,12,ChargeOff,7967.52
ACCT01061,12,Current,3079.61
ACCT01062,12,Current,2847.34
ACCT01063,12,ChargeOff,12827.31
ACCT01064,12,Current,2870.86
ACCT01065,12,90DPD,3292.41
ACCT01066,12,Current,4137.28
ACCT01067,12,Current,2304.04
ACCT01068,12,Current,4804.68
ACCT01069,12,Current,3620.22
ACCT01070,12,90DPD,260.29
ACCT01071,12,Current,8638.32
ACCT01072,12,Current,6713.63
ACCT01073,12,Current,7349.27
ACCT01074,12,Current,8220.74
ACCT01075,12,Current,7236.4
ACCT01076,12,90DPD,3288.71
ACCT01077,12,Current,4834.72
ACCT01078,12,Current,7938.38
ACCT01079,12,Current,2534.43
ACCT01080,12,ChargeOff,2514.16
ACCT01081,12,Current,986.76
ACCT01082,12,ChargeOff,9206.12
ACCT01083,12,Current,7551.59
ACCT01084,12,ChargeOff,11423.6
ACCT01085,12,Current,3180.8
ACCT01086,12,Current,1809.18
ACCT01087,12,Current,2311.58
ACCT01088,12,30DPD,3735.15
ACCT01089,12,90DPD,8430.16
ACCT01090,12,Current,7578.27
ACCT01091,12,Current,5294.61
ACCT01092,12,ChargeOff,7080.37
ACCT01093,12,ChargeOff,9816.89
ACCT01094,12,Current,3815.11
ACCT01095,12,60DPD,583.5
ACCT01096,12,Current,882.13
ACCT01097,12,Current,3267.51
ACCT01098,12,Current,1883.56
ACCT01099,12,Current,1157.29
ACCT01100,12,Current,6813.36
ACCT01101,12,Current,1748.74
ACCT01102,12,Current,8799.77
ACCT01103,12,Current,5376.95
ACCT01104,12,Current,5162.0
ACCT01105,12,ChargeOff,3748.55
ACCT01106,12,90DPD,2765.22
ACCT01107,12,Current,6466.2
ACCT01108,12,ChargeOff,2963.04
ACCT01109,12,ChargeOff,10765.28
ACCT01110,12,Current,3410.67
ACCT01111,12,Current,2514.47
ACCT01112,12,60DPD,5798.74
ACCT01113,12,Current,5830.49
ACCT01114,12,ChargeOff,5890.53
ACCT01115,12,Current,5416.51
ACCT01116,12,Current,1011.55
ACCT01117,12,Current,6598.16
ACCT01118,12,Current,2771.5
ACCT01119,12,Current,1426.94
ACCT01120,12,Current,1235.09
ACCT01121,12,Current,2334.35
ACCT01122,12,Current,2755.82
ACCT01123,12,30DPD,3509.14
ACCT01124,12,Current,1670.15
ACCT01125,12,Current,1481.56
ACCT01126,12,Current,6164.2
ACCT01127,12,Current,1062.81
ACCT01128,12,Current,4806.86
ACCT01129,12,ChargeOff,14170.42
ACCT01130,12,ChargeOff,6516.58
ACCT01131,12,Current,7910.51
ACCT01132,12,Current,1045.21
ACCT01133,12,Current,580.72
ACCT01134,12,Current,6019.68
ACCT01135,12,ChargeOff,9023.75
ACCT01136,12,Current,11916.49
ACCT01137,12,Current,583.98
ACCT01138,12,Current,6348.25
ACCT01139,12,Current,4183.39
ACCT01140,12,30DPD,3218.75
ACCT01141,12,Current,1284.79
ACCT01142,12,90DPD,8516.37
ACCT01143,12,Current,565.51
ACCT01144,12,Current,6625.44
ACCT01145,12,Current,5402.27
ACCT01146,12,Current,5267.86
ACCT01147,12,Current,4650.93
ACCT01148,12,Current,6023.19
ACCT01149,12,Current,1539.29
ACCT01150,12,60DPD,125.94
ACCT01151,12,Current,4622.16
ACCT01152,12,Current,3156.19
ACCT01153,12,Current,1342.15
ACCT01154,12,Current,1447.97
ACCT01155,12,ChargeOff,3399.34
ACCT01156,12,Current,788.23
ACCT01157,12,Current,683.9
ACCT01158,12,ChargeOff,12064.28
ACCT01159,12,Current,3916.34
ACCT01160,12,Current,6445.5
ACCT01161,12,Current,5770.06
ACCT01162,12,Current,1330.66
ACCT01163,12,Current,4826.82
ACCT01164,12,Current,5849.7
ACCT01165,12,Current,6868.4
ACCT01166,12,30DPD,832.49
ACCT01167,12,Current,1717.91
ACCT01168,12,Current,720.38
ACCT01169,12,Current,4626.71
ACCT01170,12,Current,7818.91
ACCT01171,12,Current,5041.56
ACCT01172,12,Current,8178.62
ACCT01173,12,Current,11429.09
ACCT01174,12,Current,6065.57
ACCT01175,12,Current,572.67
ACCT01176,12,Current,6821.71
ACCT01177,12,Current,3978.13
ACCT01178,12,Current,145.85
ACCT01179,12,Current,4300.29
ACCT01180,12,Current,6931.06
ACCT01181,12,Current,2600.92
ACCT01182,12,Current,3732.18
ACCT01183,12,ChargeOff,1792.36
ACCT01184,12,Current,749.39
ACCT01185,12,Current,699.24
ACCT01186,12,Current,8961.86
ACCT01187,12,ChargeOff,12988.3
ACCT01188,12,Current,1125.25
ACCT01189,12,ChargeOff,3932.82
ACCT01190,12,Current,2054.13
ACCT01191,12,Current,428.46
ACCT01192,12,Current,5328.17
ACCT01193,12,ChargeOff,9247.54
ACCT01194,12,Current,4228.68
ACCT01195,12,Current,3390.82
ACCT01196,12,Current,5911.81
ACCT01197,12,Current,861.73
ACCT01198,12,ChargeOff,2054.12
ACCT01199,12,Current,7357.32
ACCT01200,12,Current,6327.75
ACCT01201,12,Current,7062.65
ACCT01202,12,Current,9113.46
ACCT01203,12,Current,5490.99
ACCT01204,12,Current,7417.34
ACCT01205,12,Current,3284.43
ACCT01206,12,ChargeOff,221.85
ACCT01207,12,Current,789.67
ACCT01208,12,ChargeOff,940.44
ACCT01209,12,Current,834.85
ACCT01210,12,Current,2213.84
ACCT01211,12,Current,6809.91
ACCT01212,12,Current,7071.03
ACCT01213,12,Current,5358.21
ACCT01214,12,60DPD,1195.28
ACCT01215,12,Current,3983.43
ACCT01216,12,Current,2533.46
ACCT01217,12,Current,224.8
ACCT01218,12,Current,3830.36
ACCT01219,12,Current,3005.62
ACCT01220,12,Current,2512.21
ACCT01221,12,Current,5894.38
ACCT01222,12,Current,4962.19
ACCT01223,12,Current,5467.35
ACCT01224,12,Current,1005.16
ACCT01225,12,Current,5221.08
ACCT01226,12,ChargeOff,6289.69
ACCT01227,12,Current,1359.93
ACCT01228,12,30DPD,6071.68
ACCT01229,12,90DPD,3154.7
ACCT01230,12,Current,2853.78
ACCT01231,12,Current,1093.91
ACCT01232,12,Current,4980.77
ACCT01233,12,Current,1097.41
ACCT01234,12,Current,1446.41
ACCT01235,12,Current,994.31
ACCT01236,12,Current,5184.59
ACCT01237,12,Current,2465.49
ACCT01238,12,Current,2443.0
ACCT01239,12,Current,3295.33
ACCT01240,12,Current,7830.59
ACCT01241,12,Current,5526.33
ACCT01242,12,30DPD,9186.39
ACCT01243,12,Current,2321.54
ACCT01244,12,Current,1113.19
ACCT01245,12,Current,4573.32
ACCT01246,12,Current,2827.24
ACCT01247,12,Current,8940.93
ACCT01248,12,Current,8282.59
ACCT01249,12,Current,3235.58
ACCT01250,12,Current,7619.28
ACCT01251,12,Current,3237.72
ACCT01252,12,30DPD,2987.0
ACCT01253,12,Current,4509.98
ACCT01254,12,Current,466.57
ACCT01255,12,Current,5406.51
ACCT01256,12,30DPD,1669.34
ACCT01257,12,Current,2171.13
ACCT01258,12,ChargeOff,4114.14
ACCT01259,12,ChargeOff,836.03
ACCT01260,12,Current,590.37
ACCT01261,12,Current,4461.3
ACCT01262,12,Current,623.13
ACCT01263,12,Current,4324.83
ACCT01264,12,Current,2488.06
ACCT01265,12,Current,2271.33
ACCT01266,12,Current,1914.49
ACCT01267,12,ChargeOff,10307.24
ACCT01268,12,Current,8395.77
ACCT01269,12,60DPD,1271.49
ACCT01270,12,ChargeOff,13013.99
ACCT01271,12,Current,4186.99
ACCT01272,12,Current,5461.79
ACCT01273,12,30DPD,4934.65
ACCT01274,12,Current,4350.0
ACCT01275,12,Current,6310.41
ACCT01276,12,60DPD,4582.64
ACCT01277,12,Current,4161.41
ACCT01278,12,Current,2944.5
ACCT01279,12,Current,828.65
ACCT01280,12,Current,5321.16
ACCT01281,12,Current,510.91
ACCT01282,12,Current,2220.34
ACCT01283,12,Current,923.77
ACCT01284,12,Current,1529.19
ACCT01285,12,60DPD,4466.81
ACCT01286,12,Current,9231.48
ACCT01287,12,60DPD,3819.37
ACCT01288,12,Current,824.66
ACCT01289,12,30DPD,3275.75
ACCT01290,12,Current,3613.88
ACCT01291,12,Current,7709.4
ACCT01292,12,Current,3820.03
ACCT01293,12,Current,4125.76
ACCT01294,12,90DPD,3642.43
ACCT01295,12,Current,11597.3
ACCT01296,12,Current,5554.98
ACCT01297,12,Current,5062.8
ACCT01298,12,Current,4378.45
ACCT01299,12,60DPD,299.01
ACCT01300,12,Current,9349.9
ACCT01301,12,90DPD,3889.63
ACCT01302,12,ChargeOff,3677.85
ACCT01303,12,30DPD,13207.28
ACCT01304,12,ChargeOff,4644.72
ACCT01305,12,Current,405.04
ACCT01306,12,Current,859.16
ACCT01307,12,Current,283.78
ACCT01308,12,Current,5378.89
ACCT01309,12,ChargeOff,1180.37
ACCT01310,12,Current,9153.58
ACCT01311,12,Current,9045.21
ACCT01312,12,Current,4026.43
ACCT01313,12,Current,6013.88
ACCT01314,12,Current,1917.84
ACCT01315,12,Current,834.89
ACCT01316,12,Current,6613.35
ACCT01317,12,ChargeOff,1343.65
ACCT01318,12,Current,1000.06
ACCT01319,12,30DPD,2681.61
ACCT01320,12,Current,232.47
ACCT01321,12,30DPD,3724.36
ACCT01322,12,Current,5751.27
ACCT01323,12,Current,5797.06
ACCT01324,12,Current,5086.49
ACCT01325,12,Current,7814.34
ACCT01326,12,Current,4287.43
ACCT01327,12,30DPD,10587.19
ACCT01328,12,Current,6570.29
ACCT01329,12,Current,1976.24
ACCT01330,12,Current,8035.26
ACCT01331,12,Current,2228.14
ACCT01332,12,30DPD,359.75
ACCT01333,12,Current,2720.52
ACCT01334,12,ChargeOff,5228.97
ACCT01335,12,Current,2689.55
ACCT01336,12,Current,4370.04
ACCT01337,12,90DPD,9191.55
ACCT01338,12,ChargeOff,4347.88
ACCT01339,12,Current,4312.26
ACCT01340,12,Current,2425.04
ACCT01341,12,Current,8339.86
ACCT01342,12,Current,1425.11
ACCT01343,12,Current,891.78
ACCT01344,12,ChargeOff,7644.33
ACCT01345,12,Current,4722.5
ACCT01346,12,Current,8768.8
ACCT01347,12,60DPD,6239.28
ACCT01348,12,Current,6785.85
ACCT01349,12,Current,2554.46
ACCT01350,12,Current,284.47
ACCT01351,12,Current,1086.84
ACCT01352,12,Current,458.83
ACCT01353,12,Current,2952.23
ACCT01354,12,Current,3912.43
ACCT01355,12,Current,3074.4
ACCT01356,12,ChargeOff,8020.12
ACCT01357,12,Current,3895.24
ACCT01358,12,Current,5516.99
ACCT01359,12,ChargeOff,9843.47
ACCT01360,12,Current,2018.07
ACCT01361,12,Current,3404.22
ACCT01362,12,Current,6845.74
ACCT01363,12,Current,4331.45
ACCT01364,12,Current,2419.41
ACCT01365,12,Current,2917.87
ACCT01366,12,90DPD,5810.48
ACCT01367,12,Current,4534.89
ACCT01368,12,90DPD,967.41
ACCT01369,12,Current,3135.25
ACCT01370,12,Current,9036.22
ACCT01371,12,ChargeOff,685.95
ACCT01372,12,Current,10409.89
ACCT01373,12,Current,1630.42
ACCT01374,12,Current,6058.56
ACCT01375,12,30DPD,4061.33
ACCT01376,12,Current,240.25
ACCT01377,12,Current,6409.03
ACCT01378,12,Current,4732.6
ACCT01379,12,Current,10201.12
ACCT01380,12,Current,2068.65
ACCT01381,12,Current,8931.65
ACCT01382,12,30DPD,6583.73
ACCT01383,12,ChargeOff,8441.12
ACCT01384,12,Current,1726.02
ACCT01385,12,Current,5373.91
ACCT01386,12,ChargeOff,5434.31
ACCT01387,12,Current,8981.5
ACCT01388,12,Current,3693.59
ACCT01389,12,30DPD,2372.58
ACCT01390,12,Current,1112.82
ACCT01391,12,Current,5355.17
ACCT01392,12,Current,6797.34
ACCT01393,12,90DPD,390.57
ACCT01394,12,30DPD,6405.58
ACCT01395,12,Current,6899.38
ACCT01396,12,60DPD,550.04
ACCT01397,12,90DPD,1026.0
ACCT01398,12,Current,4970.73
ACCT01399,12,Current,6157.89
ACCT01400,12,Current,573.85
ACCT01401,12,30DPD,7201.13
ACCT01402,12,ChargeOff,6899.33
ACCT01403,12,Current,9192.27
ACCT01404,12,90DPD,5870.55
ACCT01405,12,30DPD,8216.42
ACCT01406,12,Current,5106.99
ACCT01407,12,Current,2729.08
ACCT01408,12,Current,4148.24
ACCT01409,12,Current,828.53
ACCT01410,12,Current,8177.57
ACCT01411,12,ChargeOff,2192.77
ACCT01412,12,Current,3705.78
ACCT01413,12,Current,654.72
ACCT01414,12,Current,2717.56
ACCT01415,12,Current,2002.1
ACCT01416,12,Current,4775.94
ACCT01417,12,ChargeOff,8625.86
ACCT01418,12,30DPD,490.54
ACCT01419,12,Current,8216.12
ACCT01420,12,Current,6441.36
ACCT01421,12,Current,2516.75
ACCT01422,12,Current,4165.51
ACCT01423,12,Current,4779.33
ACCT01424,12,Current,2080.67
ACCT01425,12,Current,3352.27
ACCT01426,12,Current,648.52
ACCT01427,12,ChargeOff,10296.76
ACCT01428,12,60DPD,10627.58
ACCT01429,12,Current,6477.81
ACCT01430,12,Current,5733.0
ACCT01431,12,Current,3492.55
ACCT01432,12,Current,8613.65
ACCT01433,12,Current,2540.29
ACCT01434,12,Current,788.38
ACCT01435,12,ChargeOff,6819.77
ACCT01436,12,Current,2765.37
ACCT01437,12,Current,3102.53
ACCT01438,12,ChargeOff,290.47
ACCT01439,12,Current,5000.16
ACCT01440,12,ChargeOff,2676.58
ACCT01441,12,30DPD,1406.64
ACCT01442,12,Current,495.28
ACCT01443,12,Current,2965.74
ACCT01444,12,Current,6878.18
ACCT01445,12,Current,3458.18
ACCT01446,12,Current,4778.03
ACCT01447,12,Current,5950.93
ACCT01448,12,Current,3258.9
ACCT01449,12,Current,6430.01
ACCT01450,12,Current,6490.35
ACCT01451,12,Current,3852.65
ACCT01452,12,Current,101.53
ACCT01453,12,Current,429.31
ACCT01454,12,Current,8916.74
ACCT01455,12,Current,9522.87
ACCT01456,12,Current,8918.8
ACCT01457,12,Current,9182.62
ACCT01458,12,Current,278.42
ACCT01459,12,Current,7141.8
ACCT01460,12,Current,3512.38
ACCT01461,12,Current,8420.43
ACCT01462,12,Current,179.17
ACCT01463,12,60DPD,3129.17
ACCT01464,12,30DPD,8718.44
ACCT01465,12,Current,6266.77
ACCT01466,12,Current,4038.53
ACCT01467,12,Current,3021.61
ACCT01468,12,Current,2772.79
ACCT01469,12,Current,8639.37
ACCT01470,12,ChargeOff,6304.26
ACCT01471,12,Current,3017.96
ACCT01472,12,ChargeOff,5522.94
ACCT01473,12,Current,3319.66
ACCT01474,12,Current,4211.81
ACCT01475,12,Current,3646.86
ACCT01476,12,Current,6467.35
ACCT01477,12,ChargeOff,13653.96
ACCT01478,12,Current,6367.92
ACCT01479,12,Current,5884.58
ACCT01480,12,Current,3362.81
ACCT01481,12,Current,5261.96
ACCT01482,12,Current,5355.02
ACCT01483,12,60DPD,4980.4
ACCT01484,12,Current,5805.92
ACCT01485,12,Current,6078.81
ACCT01486,12,Current,5732.27
ACCT01487,12,Current,6847.79
ACCT01488,12,Current,1837.38
ACCT01489,12,Current,3431.39
ACCT01490,12,ChargeOff,6536.39
ACCT01491,12,Current,122.7
ACCT01492,12,Current,8285.64
ACCT01493,12,Current,6940.69
ACCT01494,12,Current,1390.47
ACCT01495,12,Current,7175.12
ACCT01496,12,Current,5138.98
ACCT01497,12,30DPD,4590.62
ACCT01498,12,Current,2898.92
ACCT01499,12,Current,7994.88
ACCT01500,12,Current,3451.07
ACCT01501,12,ChargeOff,7451.29
ACCT01502,12,Current,99.84
ACCT01503,12,ChargeOff,7124.29
ACCT01504,12,Current,5147.26
ACCT01505,12,60DPD,5476.29
ACCT01506,12,Current,5031.98
ACCT01507,12,90DPD,5856.03
ACCT01508,12,Current,6861.88
ACCT01509,12,Current,2918.34
ACCT01510,12,30DPD,8461.27
ACCT01511,12,Current,6476.99
ACCT01512,12,60DPD,11781.68
ACCT01513,12,Current,6374.87
ACCT01514,12,Current,6281.1
ACCT01515,12,Current,6180.8
ACCT01516,12,Current,5248.16
ACCT01517,12,ChargeOff,2168.93
ACCT01518,12,Current,3964.73
ACCT01519,12,Current,6449.52
ACCT01520,12,Current,6535.76
ACCT01521,12,Current,9056.97
ACCT01522,12,Current,964.73
ACCT01523,12,ChargeOff,2962.09
ACCT01524,12,Current,5340.39
ACCT01525,12,Current,3532.56
ACCT01526,12,Current,792.65
ACCT01527,12,Current,1157.81
ACCT01528,12,Current,8692.63
ACCT01529,12,Current,3893.67
ACCT01530,12,Current,712.88
ACCT01531,12,Current,316.38
ACCT01532,12,Current,5122.94
ACCT01533,12,Current,2005.42
ACCT01534,12,Current,6624.01
ACCT01535,12,ChargeOff,9846.07
ACCT01536,12,ChargeOff,3137.24
ACCT01537,12,Current,3961.49
ACCT01538,12,Current,1459.35
ACCT01539,12,Current,2249.44
ACCT01540,12,ChargeOff,9846.34
ACCT01541,12,Current,3828.08
ACCT01542,12,ChargeOff,6611.15
ACCT01543,12,Current,1752.63
ACCT01544,12,Current,2450.62
ACCT01545,12,Current,3945.35
ACCT01546,12,Current,4650.4
ACCT01547,12,Current,9369.77
ACCT01548,12,Current,929.38
ACCT01549,12,60DPD,8762.41
ACCT01550,12,Current,9754.54
ACCT01551,12,Current,5298.09
ACCT01552,12,ChargeOff,3998.71
ACCT01553,12,Current,6212.54
ACCT01554,12,ChargeOff,3106.75
ACCT01555,12,Current,6393.06
ACCT01556,12,ChargeOff,7338.74
ACCT01557,12,Current,6995.08
ACCT01558,12,30DPD,6856.15
ACCT01559,12,Current,5228.3
ACCT01560,12,ChargeOff,10723.83
ACCT01561,12,Current,4008.73
ACCT01562,12,Current,9141.9
ACCT01563,12,Current,2347.9
ACCT01564,12,30DPD,6902.3
ACCT01565,12,90DPD,6732.58
ACCT01566,12,Current,6013.65
ACCT01567,12,Current,4677.7
ACCT01568,12,Current,5461.31
ACCT01569,12,Current,3113.19
ACCT01570,12,Current,7463.55
ACCT01571,12,Current,1276.0
ACCT01572,12,30DPD,3068.69
ACCT01573,12,Current,3985.06
ACCT01574,12,Current,2651.15
ACCT01575,12,ChargeOff,4600.87
ACCT01576,12,Current,6690.52
ACCT01577,12,ChargeOff,2797.09
ACCT01578,12,ChargeOff,11230.16
ACCT01579,12,Current,764.81
ACCT01580,12,Current,6864.49
ACCT01581,12,Current,7380.4
ACCT01582,12,Current,3048.95
ACCT01583,12,Current,6512.26
ACCT01584,12,Current,6896.63
ACCT01585,12,Current,8026.21
ACCT01586,12,30DPD,3296.58
ACCT01587,12,Current,3941.85
ACCT01588,12,Current,7310.68
ACCT01589,12,Current,3044.57
ACCT01590,12,Current,7625.2
ACCT01591,12,Current,2962.59
ACCT01592,12,Current,7415.1
ACCT01593,12,30DPD,1009.5
ACCT01594,12,Current,343.79
ACCT01595,12,60DPD,6996.74
ACCT01596,12,Current,7967.45
ACCT01597,12,ChargeOff,8858.98
ACCT01598,12,Current,7504.75
ACCT01599,12,Current,2705.05
ACCT01600,12,Current,2426.57
ACCT01601,12,Current,1361.91
ACCT01602,12,Current,2816.92
ACCT01603,12,Current,2283.1
ACCT01604,12,Current,11407.99
ACCT01605,12,Current,223.23
ACCT01606,12,Current,963.7
ACCT01607,12,Current,1368.04
ACCT01608,12,30DPD,2192.72
ACCT01609,12,90DPD,1491.6
ACCT01610,12,Current,5165.95
ACCT01611,12,30DPD,1991.63
ACCT01612,12,Current,4686.9
ACCT01613,12,Current,12615.28
ACCT01614,12,Current,4677.72
ACCT01615,12,Current,5542.22
ACCT01616,12,Current,3784.35
ACCT01617,12,Current,1319.56
ACCT01618,12,ChargeOff,4944.64
ACCT01619,12,Current,8166.64
ACCT01620,12,Current,3708.21
ACCT01621,12,30DPD,2815.69
ACCT01622,12,Current,4112.3
ACCT01623,12,Current,8436.04
ACCT01624,12,Current,4592.19
ACCT01625,12,Current,5289.3
ACCT01626,12,Current,8443.07
ACCT01627,12,Current,7178.49
ACCT01628,12,30DPD,5369.35
ACCT01629,12,Current,1519.66
ACCT01630,12,Current,1182.41
ACCT01631,12,Current,6797.14
ACCT01632,12,Current,4899.27
ACCT01633,12,Current,2490.53
ACCT01634,12,ChargeOff,8917.51
ACCT01635,12,Current,544.71
ACCT01636,12,Current,6281.95
ACCT01637,12,Current,1946.01
ACCT01638,12,Current,4317.42
ACCT01639,12,Current,5004.63
ACCT01640,12,Current,3968.46
ACCT01641,12,ChargeOff,468.63
ACCT01642,12,Current,6149.08
ACCT01643,12,Current,1805.38
ACCT01644,12,Current,558.5
ACCT01645,12,Current,5315.9
ACCT01646,12,Current,2204.16
ACCT01647,12,Current,2762.57
ACCT01648,12,30DPD,2199.43
ACCT01649,12,Current,7311.52
ACCT01650,12,Current,2144.68
ACCT01651,12,Current,1861.84
ACCT01652,12,Current,3085.44
ACCT01653,12,ChargeOff,2213.73
ACCT01654,12,Current,2666.15
ACCT01655,12,Current,886.19
ACCT01656,12,Current,1273.22
ACCT01657,12,Current,3299.1
ACCT01658,12,Current,9415.74
ACCT01659,12,Current,542.96
ACCT01660,12,Current,1361.22
ACCT01661,12,Current,5413.78
ACCT01662,12,Current,5172.02
ACCT01663,12,Current,7283.72
ACCT01664,12,Current,2056.8
ACCT01665,12,Current,4031.57
ACCT01666,12,Current,1427.82
ACCT01667,12,Current,1591.1
ACCT01668,12,Current,3196.3
ACCT01669,12,Current,4157.3
ACCT01670,12,Current,3052.32
ACCT01671,12,Current,5698.75
ACCT01672,12,Current,2452.62
ACCT01673,12,Current,3198.52
ACCT01674,12,Current,6970.37
ACCT01675,12,ChargeOff,6718.97
ACCT01676,12,Current,2510.41
ACCT01677,12,Current,6092.3
ACCT01678,12,Current,2636.69
ACCT01679,12,ChargeOff,790.93
ACCT01680,12,Current,5751.84
ACCT01681,12,ChargeOff,1545.17
ACCT01682,12,Current,4408.54
ACCT01683,12,Current,4787.7
ACCT01684,12,Current,2225.47
ACCT01685,12,Current,1299.02
ACCT01686,12,Current,3173.28
ACCT01687,12,Current,6305.64
ACCT01688,12,Current,4990.31
ACCT01689,12,ChargeOff,5496.26
ACCT01690,12,ChargeOff,598.1
ACCT01691,12,Current,6846.05
ACCT01692,12,30DPD,1038.05
ACCT01693,12,Current,3905.64
ACCT01694,12,Current,3404.97
ACCT01695,12,Current,2633.28
ACCT01696,12,Current,2853.27
ACCT01697,12,Current,762.73
ACCT01698,12,Current,213.49
ACCT01699,12,Current,4926.64
ACCT01700,12,Current,7612.4
ACCT01701,12,ChargeOff,3881.01
ACCT01702,12,Current,5808.45
ACCT01703,12,30DPD,4904.8
ACCT01704,12,Current,559.69
ACCT01705,12,ChargeOff,1976.75
ACCT01706,12,Current,2919.21
ACCT01707,12,Current,6392.85
ACCT01708,12,Current,4161.6
ACCT01709,12,Current,4784.26
ACCT01710,12,Current,6527.65
ACCT01711,12,Current,5888.5
ACCT01712,12,Current,12844.0
ACCT01713,12,30DPD,5205.65
ACCT01714,12,Current,5122.64
ACCT01715,12,Current,6414.91
ACCT01716,12,Current,6086.64
ACCT01717,12,ChargeOff,6792.33
ACCT01718,12,Current,6657.99
ACCT01719,12,Current,4802.78
ACCT01720,12,Current,5081.25
ACCT01721,12,60DPD,4691.92
ACCT01722,12,Current,6119.46
ACCT01723,12,Current,4533.04
ACCT01724,12,30DPD,6742.65
ACCT01725,12,ChargeOff,7213.39
ACCT01726,12,Current,8809.93
ACCT01727,12,Current,2443.88
ACCT01728,12,Current,4803.33
ACCT01729,12,Current,5430.35
ACCT01730,12,30DPD,7142.55
ACCT01731,12,ChargeOff,7731.26
ACCT01732,12,Current,4858.19
ACCT01733,12,Current,4373.77
ACCT01734,12,Current,1154.2
ACCT01735,12,Current,6589.42
ACCT01736,12,30DPD,2909.08
ACCT01737,12,90DPD,4878.39
ACCT01738,12,Current,6672.86
ACCT01739,12,ChargeOff,3335.84
ACCT01740,12,Current,2284.33
ACCT01741,12,30DPD,2011.3
ACCT01742,12,Current,5461.15
ACCT01743,12,Current,3643.21
ACCT01744,12,Current,1041.42
ACCT01745,12,Current,5015.67
ACCT01746,12,Current,2183.6
ACCT01747,12,30DPD,8818.47
ACCT01748,12,60DPD,3010.6
ACCT01749,12,ChargeOff,2098.93
ACCT01750,12,Current,662.8
ACCT01751,12,60DPD,4938.3
ACCT01752,12,Current,2709.11
ACCT01753,12,Current,5930.91
ACCT01754,12,Current,3431.51
ACCT01755,12,Current,2721.3
ACCT01756,12,Current,2680.67
ACCT01757,12,Current,3513.36
ACCT01758,12,Current,8790.68
ACCT01759,12,Current,1986.48
ACCT01760,12,ChargeOff,8408.08
ACCT01761,12,Current,2899.84
ACCT01762,12,Current,780.31
ACCT01763,12,30DPD,2573.56
ACCT01764,12,Current,748.36
ACCT01765,12,Current,5963.77
ACCT01766,12,Current,4039.05
ACCT01767,12,Current,2728.91
ACCT01768,12,Current,4891.67
ACCT01769,12,Current,6812.65
ACCT01770,12,Current,5879.57
ACCT01771,12,Current,6662.43
ACCT01772,12,Current,7060.62
ACCT01773,12,Current,8798.95
ACCT01774,12,Current,6001.66
ACCT01775,12,Current,2666.77
ACCT01776,12,Current,7713.68
ACCT01777,12,Current,681.54
ACCT01778,12,Current,5759.79
ACCT01779,12,Current,8562.86
ACCT01780,12,Current,638.09
ACCT01781,12,Current,6676.29
ACCT01782,12,Current,5054.72
ACCT01783,12,30DPD,1568.27
ACCT01784,12,Current,6251.01
ACCT01785,12,Current,7223.39
ACCT01786,12,Current,7728.66
ACCT01787,12,ChargeOff,1831.84
ACCT01788,12,Current,3247.75
ACCT01789,12,Current,4800.02
ACCT01790,12,Current,1750.85
ACCT01791,12,60DPD,3622.64
ACCT01792,12,90DPD,385.06
ACCT01793,12,30DPD,1384.43
ACCT01794,12,ChargeOff,7636.69
ACCT01795,12,60DPD,5390.6
ACCT01796,12,Current,5719.8
ACCT01797,12,Current,5114.67
ACCT01798,12,Current,4452.59
ACCT01799,12,Current,2606.35
ACCT01800,12,Current,219.45
ACCT01801,12,Current,1321.37
ACCT01802,12,Current,2109.97
ACCT01803,12,30DPD,1549.14
ACCT01804,12,30DPD,208.91
ACCT01805,12,Current,1063.18
ACCT01806,12,Current,5214.62
ACCT01807,12,Current,5393.07
ACCT01808,12,Current,8502.01
ACCT01809,12,Current,8384.72
ACCT01810,12,Current,4561.03
ACCT01811,12,30DPD,1339.22
ACCT01812,12,Current,6521.25
ACCT01813,12,90DPD,542.38
ACCT01814,12,Current,3495.89
ACCT01815,12,Current,3284.12
ACCT01816,12,30DPD,3377.16
ACCT01817,12,Current,3595.08
ACCT01818,12,60DPD,9030.21
ACCT01819,12,Current,6206.6
ACCT01820,12,30DPD,5314.06
ACCT01821,12,Current,8406.9
ACCT01822,12,Current,4602.64
ACCT01823,12,Current,398.87
ACCT01824,12,ChargeOff,7416.56
ACCT01825,12,Current,4799.52
ACCT01826,12,Current,1976.27
ACCT01827,12,Current,2780.4
ACCT01828,12,Current,7608.65
ACCT01829,12,Current,6144.6
ACCT01830,12,Current,5369.25
ACCT01831,12,ChargeOff,9299.43
ACCT01832,12,Current,4464.2
ACCT01833,12,60DPD,4150.53
ACCT01834,12,ChargeOff,2648.04
ACCT01835,12,Current,3858.78
ACCT01836,12,Current,4950.23
ACCT01837,12,Current,428.52
ACCT01838,12,Current,5563.86
ACCT01839,12,Current,2421.97
ACCT01840,12,Current,8786.55
ACCT01841,12,Current,3794.94
ACCT01842,12,Current,3978.88
ACCT01843,12,30DPD,5881.79
ACCT01844,12,Current,10616.63
ACCT01845,12,Current,3740.22
ACCT01846,12,Current,7545.04
ACCT01847,12,Current,5043.22
ACCT01848,12,60DPD,1970.51
ACCT01849,12,Current,2107.39
ACCT01850,12,30DPD,3784.67
ACCT01851,12,ChargeOff,3520.33
ACCT01852,12,Current,2521.17
ACCT01853,12,Current,2875.32
ACCT01854,12,Current,5402.19
ACCT01855,12,ChargeOff,3454.37
ACCT01856,12,Current,7373.92
ACCT01857,12,Current,3813.5
ACCT01858,12,Current,4969.11
ACCT01859,12,ChargeOff,1094.68
ACCT01860,12,Current,3636.05
ACCT01861,12,ChargeOff,617.65
ACCT01862,12,ChargeOff,10203.47
ACCT01863,12,90DPD,3249.01
ACCT01864,12,Current,5362.72
ACCT01865,12,Current,2847.03
ACCT01866,12,Current,4263.95
ACCT01867,12,Current,2333.72
ACCT01868,12,Current,2825.34
ACCT01869,12,Current,3639.84
ACCT01870,12,Current,3372.9
ACCT01871,12,Current,1616.52
ACCT01872,12,ChargeOff,1850.52
ACCT01873,12,ChargeOff,1985.8
ACCT01874,12,Current,8335.9
ACCT01875,12,Current,3709.16
ACCT01876,12,Current,144.39
ACCT01877,12,Current,8668.05
ACCT01878,12,Current,324.52
ACCT01879,12,ChargeOff,5091.31
ACCT01880,12,Current,4924.23
ACCT01881,12,Current,6742.55
ACCT01882,12,Current,6343.11
ACCT01883,12,ChargeOff,4517.38
ACCT01884,12,60DPD,6846.23
ACCT01885,12,60DPD,491.1
ACCT01886,12,Current,6425.01
ACCT01887,12,Current,6795.35
ACCT01888,12,Current,9357.6
ACCT01889,12,Current,2452.72
ACCT01890,12,Current,1101.58
ACCT01891,12,90DPD,4372.49
ACCT01892,12,Current,4358.98
ACCT01893,12,Current,4484.6
ACCT01894,12,Current,9008.25
ACCT01895,12,Current,6477.82
ACCT01896,12,60DPD,3052.52
ACCT01897,12,Current,3377.09
ACCT01898,12,Current,1187.26
ACCT01899,12,Current,1368.13
ACCT01900,12,30DPD,995.44
ACCT01901,12,Current,6726.35
ACCT01902,12,Current,5936.63
ACCT01903,12,Current,3669.68
ACCT01904,12,Current,3219.33
ACCT01905,12,60DPD,6237.61
ACCT01906,12,Current,8022.01
ACCT01907,12,Current,8434.89
ACCT01908,12,Current,5176.17
ACCT01909,12,Current,7583.68
ACCT01910,12,Current,5180.71
ACCT01911,12,Current,5409.2
ACCT01912,12,Current,9588.42
ACCT01913,12,Current,2479.94
ACCT01914,12,60DPD,4531.93
ACCT01915,12,Current,2707.9
ACCT01916,12,Current,3562.06
ACCT01917,12,60DPD,4542.07
ACCT01918,12,Current,6830.42
ACCT01919,12,Current,4266.49
ACCT01920,12,Current,1478.19
ACCT01921,12,Current,6968.07
ACCT01922,12,ChargeOff,3725.39
ACCT01923,12,Current,8931.4
ACCT01924,12,ChargeOff,2314.27
ACCT01925,12,ChargeOff,5180.49
ACCT01926,12,Current,6019.6
ACCT01927,12,Current,5776.08
ACCT01928,12,Current,1600.55
ACCT01929,12,Current,5125.67
ACCT01930,12,30DPD,4169.79
ACCT01931,12,ChargeOff,6184.82
ACCT01932,12,Current,4920.36
ACCT01933,12,30DPD,459.42
ACCT01934,12,Current,4340.39
ACCT01935,12,Current,3023.74
ACCT01936,12,Current,2373.57
ACCT01937,12,Current,5517.71
ACCT01938,12,Current,3413.67
ACCT01939,12,Current,887.3
ACCT01940,12,Current,685.39
ACCT01941,12,Current,1966.09
ACCT01942,12,Current,1409.77
ACCT01943,12,Current,5121.86
ACCT01944,12,Current,1491.22
ACCT01945,12,Current,7914.6
ACCT01946,12,30DPD,2011.87
ACCT01947,12,Current,1547.67
ACCT01948,12,Current,7155.53
ACCT01949,12,Current,2204.28
ACCT01950,12,Current,4746.15
ACCT01951,12,Current,6997.53
ACCT01952,12,Current,8476.56
ACCT01953,12,Current,5220.19
ACCT01954,12,Current,674.56
ACCT01955,12,ChargeOff,5850.24
ACCT01956,12,Current,8459.36
ACCT01957,12,Current,7949.0
ACCT01958,12,Current,945.71
ACCT01959,12,Current,4320.8
ACCT01960,12,Current,2902.15
ACCT01961,12,Current,936.31
ACCT01962,12,Current,6897.49
ACCT01963,12,Current,2691.75
ACCT01964,12,Current,3479.06
ACCT01965,12,30DPD,876.12
ACCT01966,12,Current,4293.12
ACCT01967,12,Current,1315.64
ACCT01968,12,Current,2774.78
ACCT01969,12,60DPD,1085.93
ACCT01970,12,ChargeOff,10971.21
ACCT01971,12,ChargeOff,2478.94
ACCT01972,12,Current,6346.75
ACCT01973,12,ChargeOff,2289.37
ACCT01974,12,Current,749.74
ACCT01975,12,Current,1041.45
ACCT01976,12,Current,487.73
ACCT01977,12,ChargeOff,2091.39
ACCT01978,12,Current,2743.42
ACCT01979,12,30DPD,7879.98
ACCT01980,12,Current,716.28
ACCT01981,12,90DPD,2629.48
ACCT01982,12,Current,6332.91
ACCT01983,12,Current,1764.69
ACCT01984,12,Current,2770.64
ACCT01985,12,Current,664.48
ACCT01986,12,Current,2196.36
ACCT01987,12,Current,4290.24
ACCT01988,12,ChargeOff,12177.85
ACCT01989,12,Current,6851.13
ACCT01990,12,ChargeOff,7854.54
ACCT01991,12,Current,2495.02
ACCT01992,12,Current,901.3
ACCT01993,12,Current,3440.21
ACCT01994,12,Current,2022.98
ACCT01995,12,Current,181.41
ACCT01996,12,Current,977.24
ACCT01997,12,Current,2585.66
ACCT01998,12,Current,2184.03
ACCT01999,12,Current,2026.05
